d,sales,date,item_id,product_category,store_id,festival,category,importance,festival_flag,expected_impact,festival_impact
d_1,107,2011-01-29,FOODS_3_090,FOODS,CA_1,No Festival,None,None,0,None,0
d_2,182,2011-01-30,FOODS_3_090,FOODS,CA_1,No Festival,None,None,0,None,0
d_3,47,2011-01-31,FOODS_3_090,FOODS,CA_1,No Festival,None,None,0,None,0
d_4,47,2011-02-01,FOODS_3_090,FOODS,CA_1,No Festival,None,None,0,None,0
d_5,62,2011-02-02,FOODS_3_090,FOODS,CA_1,No Festival,None,None,0,None,0
d_6,90,2011-02-03,FOODS_3_090,FOODS,CA_1,No Festival,None,None,0,None,0
d_7,81,2011-02-04,FOODS_3_090,FOODS,CA_1,No Festival,None,None,0,None,0
d_8,124,2011-02-05,FOODS_3_090,FOODS,CA_1,No Festival,None,None,0,None,0
d_9,134,2011-02-06,FOODS_3_090,FOODS,CA_1,No Festival,None,None,0,None,0
d_10,65,2011-02-07,FOODS_3_090,FOODS,CA_1,No Festival,None,None,0,None,0
d_11,0,2011-02-08,FOODS_3_090,FOODS,CA_1,No Festival,None,None,0,None,0
d_12,0,2011-02-09,FOODS_3_090,FOODS,CA_1,No Festival,None,None,0,None,0
d_13,0,2011-02-10,FOODS_3_090,FOODS,CA_1,No Festival,None,None,0,None,0
d_14,0,2011-02-11,FOODS_3_090,FOODS,CA_1,No Festival,None,None,0,None,0
d_15,0,2011-02-12,FOODS_3_090,FOODS,CA_1,No Festival,None,None,0,None,0
d_16,0,2011-02-13,FOODS_3_090,FOODS,CA_1,No Festival,None,None,0,None,0
d_17,0,2011-02-14,FOODS_3_090,FOODS,CA_1,No Festival,None,None,0,None,0
d_18,0,2011-02-15,FOODS_3_090,FOODS,CA_1,No Festival,None,None,0,None,0
d_19,0,2011-02-16,FOODS_3_090,FOODS,CA_1,No Festival,None,None,0,None,0
d_20,0,2011-02-17,FOODS_3_090,FOODS,CA_1,No Festival,None,None,0,None,0
d_21,0,2011-02-18,FOODS_3_090,FOODS,CA_1,No Festival,None,None,0,None,0
d_22,0,2011-02-19,FOODS_3_090,FOODS,CA_1,No Festival,None,None,0,None,0
d_23,0,2011-02-20,FOODS_3_090,FOODS,CA_1,No Festival,None,None,0,None,0
d_24,0,2011-02-21,FOODS_3_090,FOODS,CA_1,No Festival,None,None,0,None,0
d_25,0,2011-02-22,FOODS_3_090,FOODS,CA_1,No Festival,None,None,0,None,0
d_26,0,2011-02-23,FOODS_3_090,FOODS,CA_1,No Festival,None,None,0,None,0
d_27,0,2011-02-24,FOODS_3_090,FOODS,CA_1,No Festival,None,None,0,None,0
d_28,0,2011-02-25,FOODS_3_090,FOODS,CA_1,No Festival,None,None,0,None,0
d_29,0,2011-02-26,FOODS_3_090,FOODS,CA_1,No Festival,None,None,0,None,0
d_30,0,2011-02-27,FOODS_3_090,FOODS,CA_1,No Festival,None,None,0,None,0
d_31,0,2011-02-28,FOODS_3_090,FOODS,CA_1,No Festival,None,None,0,None,0
d_32,0,2011-03-01,FOODS_3_090,FOODS,CA_1,No Festival,None,None,0,None,0
d_33,0,2011-03-02,FOODS_3_090,FOODS,CA_1,Maha Shivratri,Hindu,High,1,None,0
d_34,0,2011-03-03,FOODS_3_090,FOODS,CA_1,No Festival,None,None,0,None,0
d_35,0,2011-03-04,FOODS_3_090,FOODS,CA_1,No Festival,None,None,0,None,0
d_36,0,2011-03-05,FOODS_3_090,FOODS,CA_1,No Festival,None,None,0,None,0
d_37,0,2011-03-06,FOODS_3_090,FOODS,CA_1,No Festival,None,None,0,None,0
d_38,0,2011-03-07,FOODS_3_090,FOODS,CA_1,No Festival,None,None,0,None,0
d_39,0,2011-03-08,FOODS_3_090,FOODS,CA_1,No Festival,None,None,0,None,0
d_40,0,2011-03-09,FOODS_3_090,FOODS,CA_1,No Festival,None,None,0,None,0
d_41,0,2011-03-10,FOODS_3_090,FOODS,CA_1,No Festival,None,None,0,None,0
d_42,0,2011-03-11,FOODS_3_090,FOODS,CA_1,No Festival,None,None,0,None,0
d_43,0,2011-03-12,FOODS_3_090,FOODS,CA_1,No Festival,None,None,0,None,0
d_44,0,2011-03-13,FOODS_3_090,FOODS,CA_1,No Festival,None,None,0,None,0
d_45,0,2011-03-14,FOODS_3_090,FOODS,CA_1,No Festival,None,None,0,None,0
d_46,0,2011-03-15,FOODS_3_090,FOODS,CA_1,No Festival,None,None,0,None,0
d_47,0,2011-03-16,FOODS_3_090,FOODS,CA_1,No Festival,None,None,0,None,0
d_48,0,2011-03-17,FOODS_3_090,FOODS,CA_1,No Festival,None,None,0,None,0
d_49,0,2011-03-18,FOODS_3_090,FOODS,CA_1,No Festival,None,None,0,None,0
d_50,0,2011-03-19,FOODS_3_090,FOODS,CA_1,No Festival,None,None,0,None,0
d_51,0,2011-03-20,FOODS_3_090,FOODS,CA_1,Holi,Hindu,High,1,High,3
d_52,0,2011-03-21,FOODS_3_090,FOODS,CA_1,No Festival,None,None,0,None,0
d_53,0,2011-03-22,FOODS_3_090,FOODS,CA_1,No Festival,None,None,0,None,0
d_54,0,2011-03-23,FOODS_3_090,FOODS,CA_1,No Festival,None,None,0,None,0
d_55,0,2011-03-24,FOODS_3_090,FOODS,CA_1,No Festival,None,None,0,None,0
d_56,0,2011-03-25,FOODS_3_090,FOODS,CA_1,No Festival,None,None,0,None,0
d_57,0,2011-03-26,FOODS_3_090,FOODS,CA_1,No Festival,None,None,0,None,0
d_58,0,2011-03-27,FOODS_3_090,FOODS,CA_1,No Festival,None,None,0,None,0
d_59,0,2011-03-28,FOODS_3_090,FOODS,CA_1,No Festival,None,None,0,None,0
d_60,0,2011-03-29,FOODS_3_090,FOODS,CA_1,No Festival,None,None,0,None,0
d_61,0,2011-03-30,FOODS_3_090,FOODS,CA_1,No Festival,None,None,0,None,0
d_62,0,2011-03-31,FOODS_3_090,FOODS,CA_1,No Festival,None,None,0,None,0
d_63,0,2011-04-01,FOODS_3_090,FOODS,CA_1,No Festival,None,None,0,None,0
d_64,0,2011-04-02,FOODS_3_090,FOODS,CA_1,No Festival,None,None,0,None,0
d_65,0,2011-04-03,FOODS_3_090,FOODS,CA_1,No Festival,None,None,0,None,0
d_66,0,2011-04-04,FOODS_3_090,FOODS,CA_1,Gudi Padwa,Hindu,High,1,None,0
d_67,0,2011-04-05,FOODS_3_090,FOODS,CA_1,No Festival,None,None,0,None,0
d_68,0,2011-04-06,FOODS_3_090,FOODS,CA_1,No Festival,None,None,0,None,0
d_69,0,2011-04-07,FOODS_3_090,FOODS,CA_1,No Festival,None,None,0,None,0
d_70,0,2011-04-08,FOODS_3_090,FOODS,CA_1,No Festival,None,None,0,None,0
d_71,0,2011-04-09,FOODS_3_090,FOODS,CA_1,No Festival,None,None,0,None,0
d_72,0,2011-04-10,FOODS_3_090,FOODS,CA_1,No Festival,None,None,0,None,0
d_73,0,2011-04-11,FOODS_3_090,FOODS,CA_1,No Festival,None,None,0,None,0
d_74,0,2011-04-12,FOODS_3_090,FOODS,CA_1,No Festival,None,None,0,None,0
d_75,0,2011-04-13,FOODS_3_090,FOODS,CA_1,No Festival,None,None,0,None,0
d_76,0,2011-04-14,FOODS_3_090,FOODS,CA_1,No Festival,None,None,0,None,0
d_77,0,2011-04-15,FOODS_3_090,FOODS,CA_1,No Festival,None,None,0,None,0
d_78,0,2011-04-16,FOODS_3_090,FOODS,CA_1,No Festival,None,None,0,None,0
d_79,0,2011-04-17,FOODS_3_090,FOODS,CA_1,No Festival,None,None,0,None,0
d_80,0,2011-04-18,FOODS_3_090,FOODS,CA_1,No Festival,None,None,0,None,0
d_81,0,2011-04-19,FOODS_3_090,FOODS,CA_1,No Festival,None,None,0,None,0
d_82,0,2011-04-20,FOODS_3_090,FOODS,CA_1,No Festival,None,None,0,None,0
d_83,0,2011-04-21,FOODS_3_090,FOODS,CA_1,No Festival,None,None,0,None,0
d_84,0,2011-04-22,FOODS_3_090,FOODS,CA_1,No Festival,None,None,0,None,0
d_85,0,2011-04-23,FOODS_3_090,FOODS,CA_1,No Festival,None,None,0,None,0
d_86,0,2011-04-24,FOODS_3_090,FOODS,CA_1,No Festival,None,None,0,None,0
d_87,0,2011-04-25,FOODS_3_090,FOODS,CA_1,No Festival,None,None,0,None,0
d_88,0,2011-04-26,FOODS_3_090,FOODS,CA_1,No Festival,None,None,0,None,0
d_89,0,2011-04-27,FOODS_3_090,FOODS,CA_1,No Festival,None,None,0,None,0
d_90,0,2011-04-28,FOODS_3_090,FOODS,CA_1,No Festival,None,None,0,None,0
d_91,0,2011-04-29,FOODS_3_090,FOODS,CA_1,No Festival,None,None,0,None,0
d_92,0,2011-04-30,FOODS_3_090,FOODS,CA_1,No Festival,None,None,0,None,0
d_93,0,2011-05-01,FOODS_3_090,FOODS,CA_1,No Festival,None,None,0,None,0
d_94,0,2011-05-02,FOODS_3_090,FOODS,CA_1,No Festival,None,None,0,None,0
d_95,0,2011-05-03,FOODS_3_090,FOODS,CA_1,No Festival,None,None,0,None,0
d_96,0,2011-05-04,FOODS_3_090,FOODS,CA_1,No Festival,None,None,0,None,0
d_97,0,2011-05-05,FOODS_3_090,FOODS,CA_1,No Festival,None,None,0,None,0
d_98,0,2011-05-06,FOODS_3_090,FOODS,CA_1,No Festival,None,None,0,None,0
d_99,0,2011-05-07,FOODS_3_090,FOODS,CA_1,No Festival,None,None,0,None,0
d_100,0,2011-05-08,FOODS_3_090,FOODS,CA_1,No Festival,None,None,0,None,0
d_101,0,2011-05-09,FOODS_3_090,FOODS,CA_1,No Festival,None,None,0,None,0
d_102,0,2011-05-10,FOODS_3_090,FOODS,CA_1,No Festival,None,None,0,None,0
d_103,0,2011-05-11,FOODS_3_090,FOODS,CA_1,No Festival,None,None,0,None,0
d_104,0,2011-05-12,FOODS_3_090,FOODS,CA_1,No Festival,None,None,0,None,0
d_105,0,2011-05-13,FOODS_3_090,FOODS,CA_1,No Festival,None,None,0,None,0
d_106,0,2011-05-14,FOODS_3_090,FOODS,CA_1,No Festival,None,None,0,None,0
d_107,0,2011-05-15,FOODS_3_090,FOODS,CA_1,No Festival,None,None,0,None,0
d_108,0,2011-05-16,FOODS_3_090,FOODS,CA_1,No Festival,None,None,0,None,0
d_109,0,2011-05-17,FOODS_3_090,FOODS,CA_1,No Festival,None,None,0,None,0
d_110,0,2011-05-18,FOODS_3_090,FOODS,CA_1,No Festival,None,None,0,None,0
d_111,0,2011-05-19,FOODS_3_090,FOODS,CA_1,No Festival,None,None,0,None,0
d_112,0,2011-05-20,FOODS_3_090,FOODS,CA_1,No Festival,None,None,0,None,0
d_113,0,2011-05-21,FOODS_3_090,FOODS,CA_1,No Festival,None,None,0,None,0
d_114,0,2011-05-22,FOODS_3_090,FOODS,CA_1,No Festival,None,None,0,None,0
d_115,0,2011-05-23,FOODS_3_090,FOODS,CA_1,No Festival,None,None,0,None,0
d_116,0,2011-05-24,FOODS_3_090,FOODS,CA_1,No Festival,None,None,0,None,0
d_117,0,2011-05-25,FOODS_3_090,FOODS,CA_1,No Festival,None,None,0,None,0
d_118,0,2011-05-26,FOODS_3_090,FOODS,CA_1,No Festival,None,None,0,None,0
d_119,0,2011-05-27,FOODS_3_090,FOODS,CA_1,No Festival,None,None,0,None,0
d_120,0,2011-05-28,FOODS_3_090,FOODS,CA_1,No Festival,None,None,0,None,0
d_121,0,2011-05-29,FOODS_3_090,FOODS,CA_1,No Festival,None,None,0,None,0
d_122,0,2011-05-30,FOODS_3_090,FOODS,CA_1,No Festival,None,None,0,None,0
d_123,0,2011-05-31,FOODS_3_090,FOODS,CA_1,No Festival,None,None,0,None,0
d_124,0,2011-06-01,FOODS_3_090,FOODS,CA_1,No Festival,None,None,0,None,0
d_125,0,2011-06-02,FOODS_3_090,FOODS,CA_1,No Festival,None,None,0,None,0
d_126,0,2011-06-03,FOODS_3_090,FOODS,CA_1,No Festival,None,None,0,None,0
d_127,0,2011-06-04,FOODS_3_090,FOODS,CA_1,No Festival,None,None,0,None,0
d_128,0,2011-06-05,FOODS_3_090,FOODS,CA_1,No Festival,None,None,0,None,0
d_129,0,2011-06-06,FOODS_3_090,FOODS,CA_1,No Festival,None,None,0,None,0
d_130,0,2011-06-07,FOODS_3_090,FOODS,CA_1,No Festival,None,None,0,None,0
d_131,0,2011-06-08,FOODS_3_090,FOODS,CA_1,No Festival,None,None,0,None,0
d_132,0,2011-06-09,FOODS_3_090,FOODS,CA_1,No Festival,None,None,0,None,0
d_133,0,2011-06-10,FOODS_3_090,FOODS,CA_1,No Festival,None,None,0,None,0
d_134,0,2011-06-11,FOODS_3_090,FOODS,CA_1,No Festival,None,None,0,None,0
d_135,0,2011-06-12,FOODS_3_090,FOODS,CA_1,No Festival,None,None,0,None,0
d_136,0,2011-06-13,FOODS_3_090,FOODS,CA_1,No Festival,None,None,0,None,0
d_137,0,2011-06-14,FOODS_3_090,FOODS,CA_1,No Festival,None,None,0,None,0
d_138,0,2011-06-15,FOODS_3_090,FOODS,CA_1,No Festival,None,None,0,None,0
d_139,0,2011-06-16,FOODS_3_090,FOODS,CA_1,No Festival,None,None,0,None,0
d_140,0,2011-06-17,FOODS_3_090,FOODS,CA_1,No Festival,None,None,0,None,0
d_141,0,2011-06-18,FOODS_3_090,FOODS,CA_1,No Festival,None,None,0,None,0
d_142,0,2011-06-19,FOODS_3_090,FOODS,CA_1,No Festival,None,None,0,None,0
d_143,0,2011-06-20,FOODS_3_090,FOODS,CA_1,No Festival,None,None,0,None,0
d_144,0,2011-06-21,FOODS_3_090,FOODS,CA_1,No Festival,None,None,0,None,0
d_145,0,2011-06-22,FOODS_3_090,FOODS,CA_1,No Festival,None,None,0,None,0
d_146,0,2011-06-23,FOODS_3_090,FOODS,CA_1,No Festival,None,None,0,None,0
d_147,0,2011-06-24,FOODS_3_090,FOODS,CA_1,No Festival,None,None,0,None,0
d_148,0,2011-06-25,FOODS_3_090,FOODS,CA_1,No Festival,None,None,0,None,0
d_149,0,2011-06-26,FOODS_3_090,FOODS,CA_1,No Festival,None,None,0,None,0
d_150,0,2011-06-27,FOODS_3_090,FOODS,CA_1,No Festival,None,None,0,None,0
d_151,0,2011-06-28,FOODS_3_090,FOODS,CA_1,No Festival,None,None,0,None,0
d_152,0,2011-06-29,FOODS_3_090,FOODS,CA_1,No Festival,None,None,0,None,0
d_153,0,2011-06-30,FOODS_3_090,FOODS,CA_1,No Festival,None,None,0,None,0
d_154,0,2011-07-01,FOODS_3_090,FOODS,CA_1,No Festival,None,None,0,None,0
d_155,0,2011-07-02,FOODS_3_090,FOODS,CA_1,No Festival,None,None,0,None,0
d_156,0,2011-07-03,FOODS_3_090,FOODS,CA_1,No Festival,None,None,0,None,0
d_157,0,2011-07-04,FOODS_3_090,FOODS,CA_1,No Festival,None,None,0,None,0
d_158,0,2011-07-05,FOODS_3_090,FOODS,CA_1,No Festival,None,None,0,None,0
d_159,0,2011-07-06,FOODS_3_090,FOODS,CA_1,No Festival,None,None,0,None,0
d_160,0,2011-07-07,FOODS_3_090,FOODS,CA_1,No Festival,None,None,0,None,0
d_161,0,2011-07-08,FOODS_3_090,FOODS,CA_1,No Festival,None,None,0,None,0
d_162,0,2011-07-09,FOODS_3_090,FOODS,CA_1,No Festival,None,None,0,None,0
d_163,0,2011-07-10,FOODS_3_090,FOODS,CA_1,No Festival,None,None,0,None,0
d_164,0,2011-07-11,FOODS_3_090,FOODS,CA_1,No Festival,None,None,0,None,0
d_165,0,2011-07-12,FOODS_3_090,FOODS,CA_1,No Festival,None,None,0,None,0
d_166,0,2011-07-13,FOODS_3_090,FOODS,CA_1,No Festival,None,None,0,None,0
d_167,0,2011-07-14,FOODS_3_090,FOODS,CA_1,No Festival,None,None,0,None,0
d_168,0,2011-07-15,FOODS_3_090,FOODS,CA_1,No Festival,None,None,0,None,0
d_169,0,2011-07-16,FOODS_3_090,FOODS,CA_1,No Festival,None,None,0,None,0
d_170,0,2011-07-17,FOODS_3_090,FOODS,CA_1,No Festival,None,None,0,None,0
d_171,0,2011-07-18,FOODS_3_090,FOODS,CA_1,No Festival,None,None,0,None,0
d_172,0,2011-07-19,FOODS_3_090,FOODS,CA_1,No Festival,None,None,0,None,0
d_173,0,2011-07-20,FOODS_3_090,FOODS,CA_1,No Festival,None,None,0,None,0
d_174,0,2011-07-21,FOODS_3_090,FOODS,CA_1,No Festival,None,None,0,None,0
d_175,0,2011-07-22,FOODS_3_090,FOODS,CA_1,No Festival,None,None,0,None,0
d_176,0,2011-07-23,FOODS_3_090,FOODS,CA_1,No Festival,None,None,0,None,0
d_177,0,2011-07-24,FOODS_3_090,FOODS,CA_1,No Festival,None,None,0,None,0
d_178,0,2011-07-25,FOODS_3_090,FOODS,CA_1,No Festival,None,None,0,None,0
d_179,0,2011-07-26,FOODS_3_090,FOODS,CA_1,No Festival,None,None,0,None,0
d_180,0,2011-07-27,FOODS_3_090,FOODS,CA_1,No Festival,None,None,0,None,0
d_181,0,2011-07-28,FOODS_3_090,FOODS,CA_1,No Festival,None,None,0,None,0
d_182,0,2011-07-29,FOODS_3_090,FOODS,CA_1,No Festival,None,None,0,None,0
d_183,0,2011-07-30,FOODS_3_090,FOODS,CA_1,No Festival,None,None,0,None,0
d_184,0,2011-07-31,FOODS_3_090,FOODS,CA_1,No Festival,None,None,0,None,0
d_185,0,2011-08-01,FOODS_3_090,FOODS,CA_1,No Festival,None,None,0,None,0
d_186,0,2011-08-02,FOODS_3_090,FOODS,CA_1,No Festival,None,None,0,None,0
d_187,0,2011-08-03,FOODS_3_090,FOODS,CA_1,No Festival,None,None,0,None,0
d_188,0,2011-08-04,FOODS_3_090,FOODS,CA_1,No Festival,None,None,0,None,0
d_189,0,2011-08-05,FOODS_3_090,FOODS,CA_1,No Festival,None,None,0,None,0
d_190,0,2011-08-06,FOODS_3_090,FOODS,CA_1,No Festival,None,None,0,None,0
d_191,0,2011-08-07,FOODS_3_090,FOODS,CA_1,No Festival,None,None,0,None,0
d_192,0,2011-08-08,FOODS_3_090,FOODS,CA_1,No Festival,None,None,0,None,0
d_193,0,2011-08-09,FOODS_3_090,FOODS,CA_1,No Festival,None,None,0,None,0
d_194,0,2011-08-10,FOODS_3_090,FOODS,CA_1,No Festival,None,None,0,None,0
d_195,0,2011-08-11,FOODS_3_090,FOODS,CA_1,No Festival,None,None,0,None,0
d_196,0,2011-08-12,FOODS_3_090,FOODS,CA_1,No Festival,None,None,0,None,0
d_197,0,2011-08-13,FOODS_3_090,FOODS,CA_1,No Festival,None,None,0,None,0
d_198,0,2011-08-14,FOODS_3_090,FOODS,CA_1,No Festival,None,None,0,None,0
d_199,0,2011-08-15,FOODS_3_090,FOODS,CA_1,No Festival,None,None,0,None,0
d_200,0,2011-08-16,FOODS_3_090,FOODS,CA_1,No Festival,None,None,0,None,0
d_201,0,2011-08-17,FOODS_3_090,FOODS,CA_1,No Festival,None,None,0,None,0
d_202,0,2011-08-18,FOODS_3_090,FOODS,CA_1,No Festival,None,None,0,None,0
d_203,0,2011-08-19,FOODS_3_090,FOODS,CA_1,No Festival,None,None,0,None,0
d_204,0,2011-08-20,FOODS_3_090,FOODS,CA_1,No Festival,None,None,0,None,0
d_205,0,2011-08-21,FOODS_3_090,FOODS,CA_1,No Festival,None,None,0,None,0
d_206,0,2011-08-22,FOODS_3_090,FOODS,CA_1,No Festival,None,None,0,None,0
d_207,0,2011-08-23,FOODS_3_090,FOODS,CA_1,No Festival,None,None,0,None,0
d_208,0,2011-08-24,FOODS_3_090,FOODS,CA_1,No Festival,None,None,0,None,0
d_209,0,2011-08-25,FOODS_3_090,FOODS,CA_1,No Festival,None,None,0,None,0
d_210,0,2011-08-26,FOODS_3_090,FOODS,CA_1,No Festival,None,None,0,None,0
d_211,0,2011-08-27,FOODS_3_090,FOODS,CA_1,No Festival,None,None,0,None,0
d_212,0,2011-08-28,FOODS_3_090,FOODS,CA_1,No Festival,None,None,0,None,0
d_213,0,2011-08-29,FOODS_3_090,FOODS,CA_1,No Festival,None,None,0,None,0
d_214,0,2011-08-30,FOODS_3_090,FOODS,CA_1,No Festival,None,None,0,None,0
d_215,0,2011-08-31,FOODS_3_090,FOODS,CA_1,Ganesh Chaturthi,Hindu,High,1,High,3
d_216,0,2011-09-01,FOODS_3_090,FOODS,CA_1,No Festival,None,None,0,None,0
d_217,0,2011-09-02,FOODS_3_090,FOODS,CA_1,No Festival,None,None,0,None,0
d_218,0,2011-09-03,FOODS_3_090,FOODS,CA_1,No Festival,None,None,0,None,0
d_219,0,2011-09-04,FOODS_3_090,FOODS,CA_1,No Festival,None,None,0,None,0
d_220,0,2011-09-05,FOODS_3_090,FOODS,CA_1,No Festival,None,None,0,None,0
d_221,0,2011-09-06,FOODS_3_090,FOODS,CA_1,No Festival,None,None,0,None,0
d_222,0,2011-09-07,FOODS_3_090,FOODS,CA_1,No Festival,None,None,0,None,0
d_223,0,2011-09-08,FOODS_3_090,FOODS,CA_1,No Festival,None,None,0,None,0
d_224,0,2011-09-09,FOODS_3_090,FOODS,CA_1,No Festival,None,None,0,None,0
d_225,0,2011-09-10,FOODS_3_090,FOODS,CA_1,No Festival,None,None,0,None,0
d_226,0,2011-09-11,FOODS_3_090,FOODS,CA_1,No Festival,None,None,0,None,0
d_227,0,2011-09-12,FOODS_3_090,FOODS,CA_1,No Festival,None,None,0,None,0
d_228,0,2011-09-13,FOODS_3_090,FOODS,CA_1,No Festival,None,None,0,None,0
d_229,0,2011-09-14,FOODS_3_090,FOODS,CA_1,No Festival,None,None,0,None,0
d_230,0,2011-09-15,FOODS_3_090,FOODS,CA_1,No Festival,None,None,0,None,0
d_231,0,2011-09-16,FOODS_3_090,FOODS,CA_1,No Festival,None,None,0,None,0
d_232,0,2011-09-17,FOODS_3_090,FOODS,CA_1,No Festival,None,None,0,None,0
d_233,0,2011-09-18,FOODS_3_090,FOODS,CA_1,No Festival,None,None,0,None,0
d_234,0,2011-09-19,FOODS_3_090,FOODS,CA_1,No Festival,None,None,0,None,0
d_235,0,2011-09-20,FOODS_3_090,FOODS,CA_1,No Festival,None,None,0,None,0
d_236,0,2011-09-21,FOODS_3_090,FOODS,CA_1,No Festival,None,None,0,None,0
d_237,0,2011-09-22,FOODS_3_090,FOODS,CA_1,No Festival,None,None,0,None,0
d_238,145,2011-09-23,FOODS_3_090,FOODS,CA_1,No Festival,None,None,0,None,0
d_239,126,2011-09-24,FOODS_3_090,FOODS,CA_1,No Festival,None,None,0,None,0
d_240,100,2011-09-25,FOODS_3_090,FOODS,CA_1,No Festival,None,None,0,None,0
d_241,106,2011-09-26,FOODS_3_090,FOODS,CA_1,No Festival,None,None,0,None,0
d_242,80,2011-09-27,FOODS_3_090,FOODS,CA_1,No Festival,None,None,0,None,0
d_243,130,2011-09-28,FOODS_3_090,FOODS,CA_1,No Festival,None,None,0,None,0
d_244,60,2011-09-29,FOODS_3_090,FOODS,CA_1,No Festival,None,None,0,None,0
d_245,156,2011-09-30,FOODS_3_090,FOODS,CA_1,No Festival,None,None,0,None,0
d_246,202,2011-10-01,FOODS_3_090,FOODS,CA_1,No Festival,None,None,0,None,0
d_247,26,2011-10-02,FOODS_3_090,FOODS,CA_1,No Festival,None,None,0,None,0
d_248,51,2011-10-03,FOODS_3_090,FOODS,CA_1,No Festival,None,None,0,None,0
d_249,124,2011-10-04,FOODS_3_090,FOODS,CA_1,No Festival,None,None,0,None,0
d_250,133,2011-10-05,FOODS_3_090,FOODS,CA_1,No Festival,None,None,0,None,0
d_251,44,2011-10-06,FOODS_3_090,FOODS,CA_1,Dussehra,Hindu,High,1,High,3
d_252,128,2011-10-07,FOODS_3_090,FOODS,CA_1,No Festival,None,None,0,None,0
d_253,168,2011-10-08,FOODS_3_090,FOODS,CA_1,No Festival,None,None,0,None,0
d_254,146,2011-10-09,FOODS_3_090,FOODS,CA_1,No Festival,None,None,0,None,0
d_255,51,2011-10-10,FOODS_3_090,FOODS,CA_1,No Festival,None,None,0,None,0
d_256,176,2011-10-11,FOODS_3_090,FOODS,CA_1,No Festival,None,None,0,None,0
d_257,96,2011-10-12,FOODS_3_090,FOODS,CA_1,No Festival,None,None,0,None,0
d_258,100,2011-10-13,FOODS_3_090,FOODS,CA_1,No Festival,None,None,0,None,0
d_259,105,2011-10-14,FOODS_3_090,FOODS,CA_1,No Festival,None,None,0,None,0
d_260,122,2011-10-15,FOODS_3_090,FOODS,CA_1,No Festival,None,None,0,None,0
d_261,112,2011-10-16,FOODS_3_090,FOODS,CA_1,No Festival,None,None,0,None,0
d_262,68,2011-10-17,FOODS_3_090,FOODS,CA_1,No Festival,None,None,0,None,0
d_263,121,2011-10-18,FOODS_3_090,FOODS,CA_1,No Festival,None,None,0,None,0
d_264,106,2011-10-19,FOODS_3_090,FOODS,CA_1,No Festival,None,None,0,None,0
d_265,104,2011-10-20,FOODS_3_090,FOODS,CA_1,No Festival,None,None,0,None,0
d_266,270,2011-10-21,FOODS_3_090,FOODS,CA_1,No Festival,None,None,0,None,0
d_267,187,2011-10-22,FOODS_3_090,FOODS,CA_1,No Festival,None,None,0,None,0
d_268,252,2011-10-23,FOODS_3_090,FOODS,CA_1,No Festival,None,None,0,None,0
d_269,138,2011-10-24,FOODS_3_090,FOODS,CA_1,No Festival,None,None,0,None,0
d_270,223,2011-10-25,FOODS_3_090,FOODS,CA_1,No Festival,None,None,0,None,0
d_271,100,2011-10-26,FOODS_3_090,FOODS,CA_1,Diwali,Hindu,High,1,High,3
d_272,141,2011-10-27,FOODS_3_090,FOODS,CA_1,No Festival,None,None,0,None,0
d_273,134,2011-10-28,FOODS_3_090,FOODS,CA_1,No Festival,None,None,0,None,0
d_274,254,2011-10-29,FOODS_3_090,FOODS,CA_1,No Festival,None,None,0,None,0
d_275,225,2011-10-30,FOODS_3_090,FOODS,CA_1,No Festival,None,None,0,None,0
d_276,132,2011-10-31,FOODS_3_090,FOODS,CA_1,No Festival,None,None,0,None,0
d_277,215,2011-11-01,FOODS_3_090,FOODS,CA_1,No Festival,None,None,0,None,0
d_278,128,2011-11-02,FOODS_3_090,FOODS,CA_1,No Festival,None,None,0,None,0
d_279,100,2011-11-03,FOODS_3_090,FOODS,CA_1,No Festival,None,None,0,None,0
d_280,120,2011-11-04,FOODS_3_090,FOODS,CA_1,No Festival,None,None,0,None,0
d_281,143,2011-11-05,FOODS_3_090,FOODS,CA_1,No Festival,None,None,0,None,0
d_282,150,2011-11-06,FOODS_3_090,FOODS,CA_1,No Festival,None,None,0,None,0
d_283,82,2011-11-07,FOODS_3_090,FOODS,CA_1,No Festival,None,None,0,None,0
d_284,101,2011-11-08,FOODS_3_090,FOODS,CA_1,No Festival,None,None,0,None,0
d_285,157,2011-11-09,FOODS_3_090,FOODS,CA_1,No Festival,None,None,0,None,0
d_286,146,2011-11-10,FOODS_3_090,FOODS,CA_1,No Festival,None,None,0,None,0
d_287,166,2011-11-11,FOODS_3_090,FOODS,CA_1,No Festival,None,None,0,None,0
d_288,178,2011-11-12,FOODS_3_090,FOODS,CA_1,No Festival,None,None,0,None,0
d_289,212,2011-11-13,FOODS_3_090,FOODS,CA_1,No Festival,None,None,0,None,0
d_290,156,2011-11-14,FOODS_3_090,FOODS,CA_1,No Festival,None,None,0,None,0
d_291,114,2011-11-15,FOODS_3_090,FOODS,CA_1,No Festival,None,None,0,None,0
d_292,54,2011-11-16,FOODS_3_090,FOODS,CA_1,No Festival,None,None,0,None,0
d_293,130,2011-11-17,FOODS_3_090,FOODS,CA_1,No Festival,None,None,0,None,0
d_294,145,2011-11-18,FOODS_3_090,FOODS,CA_1,No Festival,None,None,0,None,0
d_295,211,2011-11-19,FOODS_3_090,FOODS,CA_1,No Festival,None,None,0,None,0
d_296,170,2011-11-20,FOODS_3_090,FOODS,CA_1,No Festival,None,None,0,None,0
d_297,38,2011-11-21,FOODS_3_090,FOODS,CA_1,No Festival,None,None,0,None,0
d_298,193,2011-11-22,FOODS_3_090,FOODS,CA_1,No Festival,None,None,0,None,0
d_299,322,2011-11-23,FOODS_3_090,FOODS,CA_1,No Festival,None,None,0,None,0
d_300,180,2011-11-24,FOODS_3_090,FOODS,CA_1,No Festival,None,None,0,None,0
d_301,104,2011-11-25,FOODS_3_090,FOODS,CA_1,No Festival,None,None,0,None,0
d_302,129,2011-11-26,FOODS_3_090,FOODS,CA_1,No Festival,None,None,0,None,0
d_303,128,2011-11-27,FOODS_3_090,FOODS,CA_1,No Festival,None,None,0,None,0
d_304,78,2011-11-28,FOODS_3_090,FOODS,CA_1,No Festival,None,None,0,None,0
d_305,81,2011-11-29,FOODS_3_090,FOODS,CA_1,No Festival,None,None,0,None,0
d_306,120,2011-11-30,FOODS_3_090,FOODS,CA_1,No Festival,None,None,0,None,0
d_307,63,2011-12-01,FOODS_3_090,FOODS,CA_1,No Festival,None,None,0,None,0
d_308,130,2011-12-02,FOODS_3_090,FOODS,CA_1,No Festival,None,None,0,None,0
d_309,159,2011-12-03,FOODS_3_090,FOODS,CA_1,No Festival,None,None,0,None,0
d_310,143,2011-12-04,FOODS_3_090,FOODS,CA_1,No Festival,None,None,0,None,0
d_311,91,2011-12-05,FOODS_3_090,FOODS,CA_1,No Festival,None,None,0,None,0
d_312,67,2011-12-06,FOODS_3_090,FOODS,CA_1,No Festival,None,None,0,None,0
d_313,100,2011-12-07,FOODS_3_090,FOODS,CA_1,No Festival,None,None,0,None,0
d_314,97,2011-12-08,FOODS_3_090,FOODS,CA_1,No Festival,None,None,0,None,0
d_315,107,2011-12-09,FOODS_3_090,FOODS,CA_1,No Festival,None,None,0,None,0
d_316,174,2011-12-10,FOODS_3_090,FOODS,CA_1,No Festival,None,None,0,None,0
d_317,159,2011-12-11,FOODS_3_090,FOODS,CA_1,No Festival,None,None,0,None,0
d_318,61,2011-12-12,FOODS_3_090,FOODS,CA_1,No Festival,None,None,0,None,0
d_319,47,2011-12-13,FOODS_3_090,FOODS,CA_1,No Festival,None,None,0,None,0
d_320,118,2011-12-14,FOODS_3_090,FOODS,CA_1,No Festival,None,None,0,None,0
d_321,133,2011-12-15,FOODS_3_090,FOODS,CA_1,No Festival,None,None,0,None,0
d_322,146,2011-12-16,FOODS_3_090,FOODS,CA_1,No Festival,None,None,0,None,0
d_323,154,2011-12-17,FOODS_3_090,FOODS,CA_1,No Festival,None,None,0,None,0
d_324,116,2011-12-18,FOODS_3_090,FOODS,CA_1,No Festival,None,None,0,None,0
d_325,92,2011-12-19,FOODS_3_090,FOODS,CA_1,No Festival,None,None,0,None,0
d_326,102,2011-12-20,FOODS_3_090,FOODS,CA_1,No Festival,None,None,0,None,0
d_327,145,2011-12-21,FOODS_3_090,FOODS,CA_1,No Festival,None,None,0,None,0
d_328,178,2011-12-22,FOODS_3_090,FOODS,CA_1,No Festival,None,None,0,None,0
d_329,213,2011-12-23,FOODS_3_090,FOODS,CA_1,No Festival,None,None,0,None,0
d_330,271,2011-12-24,FOODS_3_090,FOODS,CA_1,No Festival,None,None,0,None,0
d_331,0,2011-12-25,FOODS_3_090,FOODS,CA_1,Christmas,Christian,High,1,High,3
d_332,121,2011-12-26,FOODS_3_090,FOODS,CA_1,No Festival,None,None,0,None,0
d_333,70,2011-12-27,FOODS_3_090,FOODS,CA_1,No Festival,None,None,0,None,0
d_334,137,2011-12-28,FOODS_3_090,FOODS,CA_1,No Festival,None,None,0,None,0
d_335,123,2011-12-29,FOODS_3_090,FOODS,CA_1,No Festival,None,None,0,None,0
d_336,216,2011-12-30,FOODS_3_090,FOODS,CA_1,No Festival,None,None,0,None,0
d_337,206,2011-12-31,FOODS_3_090,FOODS,CA_1,No Festival,None,None,0,None,0
d_338,56,2012-01-01,FOODS_3_090,FOODS,CA_1,No Festival,None,None,0,None,0
d_339,57,2012-01-02,FOODS_3_090,FOODS,CA_1,No Festival,None,None,0,None,0
d_340,76,2012-01-03,FOODS_3_090,FOODS,CA_1,No Festival,None,None,0,None,0
d_341,44,2012-01-04,FOODS_3_090,FOODS,CA_1,No Festival,None,None,0,None,0
d_342,108,2012-01-05,FOODS_3_090,FOODS,CA_1,No Festival,None,None,0,None,0
d_343,103,2012-01-06,FOODS_3_090,FOODS,CA_1,No Festival,None,None,0,None,0
d_344,121,2012-01-07,FOODS_3_090,FOODS,CA_1,No Festival,None,None,0,None,0
d_345,186,2012-01-08,FOODS_3_090,FOODS,CA_1,No Festival,None,None,0,None,0
d_346,52,2012-01-09,FOODS_3_090,FOODS,CA_1,No Festival,None,None,0,None,0
d_347,52,2012-01-10,FOODS_3_090,FOODS,CA_1,No Festival,None,None,0,None,0
d_348,94,2012-01-11,FOODS_3_090,FOODS,CA_1,No Festival,None,None,0,None,0
d_349,65,2012-01-12,FOODS_3_090,FOODS,CA_1,No Festival,None,None,0,None,0
d_350,98,2012-01-13,FOODS_3_090,FOODS,CA_1,No Festival,None,None,0,None,0
d_351,186,2012-01-14,FOODS_3_090,FOODS,CA_1,No Festival,None,None,0,None,0
d_352,117,2012-01-15,FOODS_3_090,FOODS,CA_1,No Festival,None,None,0,None,0
d_353,83,2012-01-16,FOODS_3_090,FOODS,CA_1,No Festival,None,None,0,None,0
d_354,84,2012-01-17,FOODS_3_090,FOODS,CA_1,No Festival,None,None,0,None,0
d_355,69,2012-01-18,FOODS_3_090,FOODS,CA_1,No Festival,None,None,0,None,0
d_356,51,2012-01-19,FOODS_3_090,FOODS,CA_1,No Festival,None,None,0,None,0
d_357,129,2012-01-20,FOODS_3_090,FOODS,CA_1,No Festival,None,None,0,None,0
d_358,158,2012-01-21,FOODS_3_090,FOODS,CA_1,No Festival,None,None,0,None,0
d_359,126,2012-01-22,FOODS_3_090,FOODS,CA_1,No Festival,None,None,0,None,0
d_360,50,2012-01-23,FOODS_3_090,FOODS,CA_1,No Festival,None,None,0,None,0
d_361,100,2012-01-24,FOODS_3_090,FOODS,CA_1,No Festival,None,None,0,None,0
d_362,79,2012-01-25,FOODS_3_090,FOODS,CA_1,No Festival,None,None,0,None,0
d_363,56,2012-01-26,FOODS_3_090,FOODS,CA_1,Republic Day,National,High,1,None,0
d_364,120,2012-01-27,FOODS_3_090,FOODS,CA_1,No Festival,None,None,0,None,0
d_365,82,2012-01-28,FOODS_3_090,FOODS,CA_1,No Festival,None,None,0,None,0
d_366,97,2012-01-29,FOODS_3_090,FOODS,CA_1,No Festival,None,None,0,None,0
d_367,124,2012-01-30,FOODS_3_090,FOODS,CA_1,No Festival,None,None,0,None,0
d_368,53,2012-01-31,FOODS_3_090,FOODS,CA_1,No Festival,None,None,0,None,0
d_369,92,2012-02-01,FOODS_3_090,FOODS,CA_1,No Festival,None,None,0,None,0
d_370,50,2012-02-02,FOODS_3_090,FOODS,CA_1,No Festival,None,None,0,None,0
d_371,114,2012-02-03,FOODS_3_090,FOODS,CA_1,No Festival,None,None,0,None,0
d_372,165,2012-02-04,FOODS_3_090,FOODS,CA_1,No Festival,None,None,0,None,0
d_373,115,2012-02-05,FOODS_3_090,FOODS,CA_1,No Festival,None,None,0,None,0
d_374,57,2012-02-06,FOODS_3_090,FOODS,CA_1,No Festival,None,None,0,None,0
d_375,36,2012-02-07,FOODS_3_090,FOODS,CA_1,No Festival,None,None,0,None,0
d_376,133,2012-02-08,FOODS_3_090,FOODS,CA_1,No Festival,None,None,0,None,0
d_377,71,2012-02-09,FOODS_3_090,FOODS,CA_1,No Festival,None,None,0,None,0
d_378,122,2012-02-10,FOODS_3_090,FOODS,CA_1,No Festival,None,None,0,None,0
d_379,104,2012-02-11,FOODS_3_090,FOODS,CA_1,No Festival,None,None,0,None,0
d_380,122,2012-02-12,FOODS_3_090,FOODS,CA_1,No Festival,None,None,0,None,0
d_381,69,2012-02-13,FOODS_3_090,FOODS,CA_1,No Festival,None,None,0,None,0
d_382,134,2012-02-14,FOODS_3_090,FOODS,CA_1,No Festival,None,None,0,None,0
d_383,117,2012-02-15,FOODS_3_090,FOODS,CA_1,No Festival,None,None,0,None,0
d_384,11,2012-02-16,FOODS_3_090,FOODS,CA_1,No Festival,None,None,0,None,0
d_385,0,2012-02-17,FOODS_3_090,FOODS,CA_1,No Festival,None,None,0,None,0
d_386,84,2012-02-18,FOODS_3_090,FOODS,CA_1,No Festival,None,None,0,None,0
d_387,68,2012-02-19,FOODS_3_090,FOODS,CA_1,No Festival,None,None,0,None,0
d_388,50,2012-02-20,FOODS_3_090,FOODS,CA_1,Maha Shivratri,Hindu,High,1,None,0
d_389,148,2012-02-21,FOODS_3_090,FOODS,CA_1,No Festival,None,None,0,None,0
d_390,60,2012-02-22,FOODS_3_090,FOODS,CA_1,No Festival,None,None,0,None,0
d_391,81,2012-02-23,FOODS_3_090,FOODS,CA_1,No Festival,None,None,0,None,0
d_392,96,2012-02-24,FOODS_3_090,FOODS,CA_1,No Festival,None,None,0,None,0
d_393,88,2012-02-25,FOODS_3_090,FOODS,CA_1,No Festival,None,None,0,None,0
d_394,57,2012-02-26,FOODS_3_090,FOODS,CA_1,No Festival,None,None,0,None,0
d_395,59,2012-02-27,FOODS_3_090,FOODS,CA_1,No Festival,None,None,0,None,0
d_396,61,2012-02-28,FOODS_3_090,FOODS,CA_1,No Festival,None,None,0,None,0
d_397,99,2012-02-29,FOODS_3_090,FOODS,CA_1,No Festival,None,None,0,None,0
d_398,77,2012-03-01,FOODS_3_090,FOODS,CA_1,No Festival,None,None,0,None,0
d_399,66,2012-03-02,FOODS_3_090,FOODS,CA_1,No Festival,None,None,0,None,0
d_400,133,2012-03-03,FOODS_3_090,FOODS,CA_1,No Festival,None,None,0,None,0
d_401,129,2012-03-04,FOODS_3_090,FOODS,CA_1,No Festival,None,None,0,None,0
d_402,43,2012-03-05,FOODS_3_090,FOODS,CA_1,No Festival,None,None,0,None,0
d_403,58,2012-03-06,FOODS_3_090,FOODS,CA_1,No Festival,None,None,0,None,0
d_404,48,2012-03-07,FOODS_3_090,FOODS,CA_1,No Festival,None,None,0,None,0
d_405,97,2012-03-08,FOODS_3_090,FOODS,CA_1,Holi,Hindu,High,1,High,3
d_406,88,2012-03-09,FOODS_3_090,FOODS,CA_1,No Festival,None,None,0,None,0
d_407,133,2012-03-10,FOODS_3_090,FOODS,CA_1,No Festival,None,None,0,None,0
d_408,99,2012-03-11,FOODS_3_090,FOODS,CA_1,No Festival,None,None,0,None,0
d_409,43,2012-03-12,FOODS_3_090,FOODS,CA_1,No Festival,None,None,0,None,0
d_410,37,2012-03-13,FOODS_3_090,FOODS,CA_1,No Festival,None,None,0,None,0
d_411,73,2012-03-14,FOODS_3_090,FOODS,CA_1,No Festival,None,None,0,None,0
d_412,46,2012-03-15,FOODS_3_090,FOODS,CA_1,No Festival,None,None,0,None,0
d_413,62,2012-03-16,FOODS_3_090,FOODS,CA_1,No Festival,None,None,0,None,0
d_414,76,2012-03-17,FOODS_3_090,FOODS,CA_1,No Festival,None,None,0,None,0
d_415,69,2012-03-18,FOODS_3_090,FOODS,CA_1,No Festival,None,None,0,None,0
d_416,77,2012-03-19,FOODS_3_090,FOODS,CA_1,No Festival,None,None,0,None,0
d_417,30,2012-03-20,FOODS_3_090,FOODS,CA_1,No Festival,None,None,0,None,0
d_418,36,2012-03-21,FOODS_3_090,FOODS,CA_1,No Festival,None,None,0,None,0
d_419,61,2012-03-22,FOODS_3_090,FOODS,CA_1,No Festival,None,None,0,None,0
d_420,13,2012-03-23,FOODS_3_090,FOODS,CA_1,Gudi Padwa,Hindu,High,1,None,0
d_421,98,2012-03-24,FOODS_3_090,FOODS,CA_1,No Festival,None,None,0,None,0
d_422,75,2012-03-25,FOODS_3_090,FOODS,CA_1,No Festival,None,None,0,None,0
d_423,45,2012-03-26,FOODS_3_090,FOODS,CA_1,No Festival,None,None,0,None,0
d_424,48,2012-03-27,FOODS_3_090,FOODS,CA_1,No Festival,None,None,0,None,0
d_425,37,2012-03-28,FOODS_3_090,FOODS,CA_1,No Festival,None,None,0,None,0
d_426,57,2012-03-29,FOODS_3_090,FOODS,CA_1,No Festival,None,None,0,None,0
d_427,60,2012-03-30,FOODS_3_090,FOODS,CA_1,No Festival,None,None,0,None,0
d_428,70,2012-03-31,FOODS_3_090,FOODS,CA_1,No Festival,None,None,0,None,0
d_429,64,2012-04-01,FOODS_3_090,FOODS,CA_1,No Festival,None,None,0,None,0
d_430,59,2012-04-02,FOODS_3_090,FOODS,CA_1,No Festival,None,None,0,None,0
d_431,74,2012-04-03,FOODS_3_090,FOODS,CA_1,No Festival,None,None,0,None,0
d_432,34,2012-04-04,FOODS_3_090,FOODS,CA_1,No Festival,None,None,0,None,0
d_433,83,2012-04-05,FOODS_3_090,FOODS,CA_1,No Festival,None,None,0,None,0
d_434,94,2012-04-06,FOODS_3_090,FOODS,CA_1,No Festival,None,None,0,None,0
d_435,158,2012-04-07,FOODS_3_090,FOODS,CA_1,No Festival,None,None,0,None,0
d_436,104,2012-04-08,FOODS_3_090,FOODS,CA_1,No Festival,None,None,0,None,0
d_437,37,2012-04-09,FOODS_3_090,FOODS,CA_1,No Festival,None,None,0,None,0
d_438,46,2012-04-10,FOODS_3_090,FOODS,CA_1,No Festival,None,None,0,None,0
d_439,19,2012-04-11,FOODS_3_090,FOODS,CA_1,No Festival,None,None,0,None,0
d_440,38,2012-04-12,FOODS_3_090,FOODS,CA_1,No Festival,None,None,0,None,0
d_441,67,2012-04-13,FOODS_3_090,FOODS,CA_1,No Festival,None,None,0,None,0
d_442,157,2012-04-14,FOODS_3_090,FOODS,CA_1,No Festival,None,None,0,None,0
d_443,85,2012-04-15,FOODS_3_090,FOODS,CA_1,No Festival,None,None,0,None,0
d_444,49,2012-04-16,FOODS_3_090,FOODS,CA_1,No Festival,None,None,0,None,0
d_445,54,2012-04-17,FOODS_3_090,FOODS,CA_1,No Festival,None,None,0,None,0
d_446,40,2012-04-18,FOODS_3_090,FOODS,CA_1,No Festival,None,None,0,None,0
d_447,68,2012-04-19,FOODS_3_090,FOODS,CA_1,No Festival,None,None,0,None,0
d_448,152,2012-04-20,FOODS_3_090,FOODS,CA_1,No Festival,None,None,0,None,0
d_449,95,2012-04-21,FOODS_3_090,FOODS,CA_1,No Festival,None,None,0,None,0
d_450,110,2012-04-22,FOODS_3_090,FOODS,CA_1,No Festival,None,None,0,None,0
d_451,38,2012-04-23,FOODS_3_090,FOODS,CA_1,No Festival,None,None,0,None,0
d_452,38,2012-04-24,FOODS_3_090,FOODS,CA_1,No Festival,None,None,0,None,0
d_453,98,2012-04-25,FOODS_3_090,FOODS,CA_1,No Festival,None,None,0,None,0
d_454,64,2012-04-26,FOODS_3_090,FOODS,CA_1,No Festival,None,None,0,None,0
d_455,74,2012-04-27,FOODS_3_090,FOODS,CA_1,No Festival,None,None,0,None,0
d_456,111,2012-04-28,FOODS_3_090,FOODS,CA_1,No Festival,None,None,0,None,0
d_457,97,2012-04-29,FOODS_3_090,FOODS,CA_1,No Festival,None,None,0,None,0
d_458,64,2012-04-30,FOODS_3_090,FOODS,CA_1,No Festival,None,None,0,None,0
d_459,48,2012-05-01,FOODS_3_090,FOODS,CA_1,No Festival,None,None,0,None,0
d_460,41,2012-05-02,FOODS_3_090,FOODS,CA_1,No Festival,None,None,0,None,0
d_461,98,2012-05-03,FOODS_3_090,FOODS,CA_1,No Festival,None,None,0,None,0
d_462,66,2012-05-04,FOODS_3_090,FOODS,CA_1,No Festival,None,None,0,None,0
d_463,93,2012-05-05,FOODS_3_090,FOODS,CA_1,No Festival,None,None,0,None,0
d_464,96,2012-05-06,FOODS_3_090,FOODS,CA_1,No Festival,None,None,0,None,0
d_465,57,2012-05-07,FOODS_3_090,FOODS,CA_1,No Festival,None,None,0,None,0
d_466,48,2012-05-08,FOODS_3_090,FOODS,CA_1,No Festival,None,None,0,None,0
d_467,52,2012-05-09,FOODS_3_090,FOODS,CA_1,No Festival,None,None,0,None,0
d_468,81,2012-05-10,FOODS_3_090,FOODS,CA_1,No Festival,None,None,0,None,0
d_469,128,2012-05-11,FOODS_3_090,FOODS,CA_1,No Festival,None,None,0,None,0
d_470,104,2012-05-12,FOODS_3_090,FOODS,CA_1,No Festival,None,None,0,None,0
d_471,96,2012-05-13,FOODS_3_090,FOODS,CA_1,No Festival,None,None,0,None,0
d_472,50,2012-05-14,FOODS_3_090,FOODS,CA_1,No Festival,None,None,0,None,0
d_473,62,2012-05-15,FOODS_3_090,FOODS,CA_1,No Festival,None,None,0,None,0
d_474,81,2012-05-16,FOODS_3_090,FOODS,CA_1,No Festival,None,None,0,None,0
d_475,54,2012-05-17,FOODS_3_090,FOODS,CA_1,No Festival,None,None,0,None,0
d_476,80,2012-05-18,FOODS_3_090,FOODS,CA_1,No Festival,None,None,0,None,0
d_477,139,2012-05-19,FOODS_3_090,FOODS,CA_1,No Festival,None,None,0,None,0
d_478,79,2012-05-20,FOODS_3_090,FOODS,CA_1,No Festival,None,None,0,None,0
d_479,52,2012-05-21,FOODS_3_090,FOODS,CA_1,No Festival,None,None,0,None,0
d_480,59,2012-05-22,FOODS_3_090,FOODS,CA_1,No Festival,None,None,0,None,0
d_481,37,2012-05-23,FOODS_3_090,FOODS,CA_1,No Festival,None,None,0,None,0
d_482,72,2012-05-24,FOODS_3_090,FOODS,CA_1,No Festival,None,None,0,None,0
d_483,92,2012-05-25,FOODS_3_090,FOODS,CA_1,No Festival,None,None,0,None,0
d_484,76,2012-05-26,FOODS_3_090,FOODS,CA_1,No Festival,None,None,0,None,0
d_485,91,2012-05-27,FOODS_3_090,FOODS,CA_1,No Festival,None,None,0,None,0
d_486,72,2012-05-28,FOODS_3_090,FOODS,CA_1,No Festival,None,None,0,None,0
d_487,27,2012-05-29,FOODS_3_090,FOODS,CA_1,No Festival,None,None,0,None,0
d_488,40,2012-05-30,FOODS_3_090,FOODS,CA_1,No Festival,None,None,0,None,0
d_489,58,2012-05-31,FOODS_3_090,FOODS,CA_1,No Festival,None,None,0,None,0
d_490,92,2012-06-01,FOODS_3_090,FOODS,CA_1,No Festival,None,None,0,None,0
d_491,92,2012-06-02,FOODS_3_090,FOODS,CA_1,No Festival,None,None,0,None,0
d_492,65,2012-06-03,FOODS_3_090,FOODS,CA_1,No Festival,None,None,0,None,0
d_493,60,2012-06-04,FOODS_3_090,FOODS,CA_1,No Festival,None,None,0,None,0
d_494,48,2012-06-05,FOODS_3_090,FOODS,CA_1,No Festival,None,None,0,None,0
d_495,80,2012-06-06,FOODS_3_090,FOODS,CA_1,No Festival,None,None,0,None,0
d_496,63,2012-06-07,FOODS_3_090,FOODS,CA_1,No Festival,None,None,0,None,0
d_497,108,2012-06-08,FOODS_3_090,FOODS,CA_1,No Festival,None,None,0,None,0
d_498,120,2012-06-09,FOODS_3_090,FOODS,CA_1,No Festival,None,None,0,None,0
d_499,132,2012-06-10,FOODS_3_090,FOODS,CA_1,No Festival,None,None,0,None,0
d_500,88,2012-06-11,FOODS_3_090,FOODS,CA_1,No Festival,None,None,0,None,0
d_501,53,2012-06-12,FOODS_3_090,FOODS,CA_1,No Festival,None,None,0,None,0
d_502,65,2012-06-13,FOODS_3_090,FOODS,CA_1,No Festival,None,None,0,None,0
d_503,63,2012-06-14,FOODS_3_090,FOODS,CA_1,No Festival,None,None,0,None,0
d_504,138,2012-06-15,FOODS_3_090,FOODS,CA_1,No Festival,None,None,0,None,0
d_505,104,2012-06-16,FOODS_3_090,FOODS,CA_1,No Festival,None,None,0,None,0
d_506,87,2012-06-17,FOODS_3_090,FOODS,CA_1,No Festival,None,None,0,None,0
d_507,45,2012-06-18,FOODS_3_090,FOODS,CA_1,No Festival,None,None,0,None,0
d_508,27,2012-06-19,FOODS_3_090,FOODS,CA_1,No Festival,None,None,0,None,0
d_509,19,2012-06-20,FOODS_3_090,FOODS,CA_1,No Festival,None,None,0,None,0
d_510,0,2012-06-21,FOODS_3_090,FOODS,CA_1,No Festival,None,None,0,None,0
d_511,0,2012-06-22,FOODS_3_090,FOODS,CA_1,No Festival,None,None,0,None,0
d_512,89,2012-06-23,FOODS_3_090,FOODS,CA_1,No Festival,None,None,0,None,0
d_513,131,2012-06-24,FOODS_3_090,FOODS,CA_1,No Festival,None,None,0,None,0
d_514,72,2012-06-25,FOODS_3_090,FOODS,CA_1,No Festival,None,None,0,None,0
d_515,106,2012-06-26,FOODS_3_090,FOODS,CA_1,No Festival,None,None,0,None,0
d_516,72,2012-06-27,FOODS_3_090,FOODS,CA_1,No Festival,None,None,0,None,0
d_517,68,2012-06-28,FOODS_3_090,FOODS,CA_1,No Festival,None,None,0,None,0
d_518,130,2012-06-29,FOODS_3_090,FOODS,CA_1,No Festival,None,None,0,None,0
d_519,141,2012-06-30,FOODS_3_090,FOODS,CA_1,No Festival,None,None,0,None,0
d_520,119,2012-07-01,FOODS_3_090,FOODS,CA_1,No Festival,None,None,0,None,0
d_521,38,2012-07-02,FOODS_3_090,FOODS,CA_1,No Festival,None,None,0,None,0
d_522,104,2012-07-03,FOODS_3_090,FOODS,CA_1,No Festival,None,None,0,None,0
d_523,116,2012-07-04,FOODS_3_090,FOODS,CA_1,No Festival,None,None,0,None,0
d_524,75,2012-07-05,FOODS_3_090,FOODS,CA_1,No Festival,None,None,0,None,0
d_525,123,2012-07-06,FOODS_3_090,FOODS,CA_1,No Festival,None,None,0,None,0
d_526,110,2012-07-07,FOODS_3_090,FOODS,CA_1,No Festival,None,None,0,None,0
d_527,89,2012-07-08,FOODS_3_090,FOODS,CA_1,No Festival,None,None,0,None,0
d_528,67,2012-07-09,FOODS_3_090,FOODS,CA_1,No Festival,None,None,0,None,0
d_529,62,2012-07-10,FOODS_3_090,FOODS,CA_1,No Festival,None,None,0,None,0
d_530,59,2012-07-11,FOODS_3_090,FOODS,CA_1,No Festival,None,None,0,None,0
d_531,69,2012-07-12,FOODS_3_090,FOODS,CA_1,No Festival,None,None,0,None,0
d_532,94,2012-07-13,FOODS_3_090,FOODS,CA_1,No Festival,None,None,0,None,0
d_533,115,2012-07-14,FOODS_3_090,FOODS,CA_1,No Festival,None,None,0,None,0
d_534,122,2012-07-15,FOODS_3_090,FOODS,CA_1,No Festival,None,None,0,None,0
d_535,61,2012-07-16,FOODS_3_090,FOODS,CA_1,No Festival,None,None,0,None,0
d_536,83,2012-07-17,FOODS_3_090,FOODS,CA_1,No Festival,None,None,0,None,0
d_537,61,2012-07-18,FOODS_3_090,FOODS,CA_1,No Festival,None,None,0,None,0
d_538,82,2012-07-19,FOODS_3_090,FOODS,CA_1,No Festival,None,None,0,None,0
d_539,115,2012-07-20,FOODS_3_090,FOODS,CA_1,No Festival,None,None,0,None,0
d_540,103,2012-07-21,FOODS_3_090,FOODS,CA_1,No Festival,None,None,0,None,0
d_541,137,2012-07-22,FOODS_3_090,FOODS,CA_1,No Festival,None,None,0,None,0
d_542,71,2012-07-23,FOODS_3_090,FOODS,CA_1,No Festival,None,None,0,None,0
d_543,54,2012-07-24,FOODS_3_090,FOODS,CA_1,No Festival,None,None,0,None,0
d_544,134,2012-07-25,FOODS_3_090,FOODS,CA_1,No Festival,None,None,0,None,0
d_545,52,2012-07-26,FOODS_3_090,FOODS,CA_1,No Festival,None,None,0,None,0
d_546,92,2012-07-27,FOODS_3_090,FOODS,CA_1,No Festival,None,None,0,None,0
d_547,109,2012-07-28,FOODS_3_090,FOODS,CA_1,No Festival,None,None,0,None,0
d_548,131,2012-07-29,FOODS_3_090,FOODS,CA_1,No Festival,None,None,0,None,0
d_549,72,2012-07-30,FOODS_3_090,FOODS,CA_1,No Festival,None,None,0,None,0
d_550,61,2012-07-31,FOODS_3_090,FOODS,CA_1,No Festival,None,None,0,None,0
d_551,41,2012-08-01,FOODS_3_090,FOODS,CA_1,No Festival,None,None,0,None,0
d_552,99,2012-08-02,FOODS_3_090,FOODS,CA_1,No Festival,None,None,0,None,0
d_553,133,2012-08-03,FOODS_3_090,FOODS,CA_1,No Festival,None,None,0,None,0
d_554,103,2012-08-04,FOODS_3_090,FOODS,CA_1,No Festival,None,None,0,None,0
d_555,191,2012-08-05,FOODS_3_090,FOODS,CA_1,No Festival,None,None,0,None,0
d_556,106,2012-08-06,FOODS_3_090,FOODS,CA_1,No Festival,None,None,0,None,0
d_557,65,2012-08-07,FOODS_3_090,FOODS,CA_1,No Festival,None,None,0,None,0
d_558,93,2012-08-08,FOODS_3_090,FOODS,CA_1,No Festival,None,None,0,None,0
d_559,124,2012-08-09,FOODS_3_090,FOODS,CA_1,No Festival,None,None,0,None,0
d_560,143,2012-08-10,FOODS_3_090,FOODS,CA_1,No Festival,None,None,0,None,0
d_561,190,2012-08-11,FOODS_3_090,FOODS,CA_1,No Festival,None,None,0,None,0
d_562,131,2012-08-12,FOODS_3_090,FOODS,CA_1,No Festival,None,None,0,None,0
d_563,93,2012-08-13,FOODS_3_090,FOODS,CA_1,No Festival,None,None,0,None,0
d_564,91,2012-08-14,FOODS_3_090,FOODS,CA_1,No Festival,None,None,0,None,0
d_565,101,2012-08-15,FOODS_3_090,FOODS,CA_1,No Festival,None,None,0,None,0
d_566,104,2012-08-16,FOODS_3_090,FOODS,CA_1,No Festival,None,None,0,None,0
d_567,152,2012-08-17,FOODS_3_090,FOODS,CA_1,No Festival,None,None,0,None,0
d_568,214,2012-08-18,FOODS_3_090,FOODS,CA_1,No Festival,None,None,0,None,0
d_569,112,2012-08-19,FOODS_3_090,FOODS,CA_1,No Festival,None,None,0,None,0
d_570,85,2012-08-20,FOODS_3_090,FOODS,CA_1,No Festival,None,None,0,None,0
d_571,48,2012-08-21,FOODS_3_090,FOODS,CA_1,No Festival,None,None,0,None,0
d_572,78,2012-08-22,FOODS_3_090,FOODS,CA_1,No Festival,None,None,0,None,0
d_573,85,2012-08-23,FOODS_3_090,FOODS,CA_1,No Festival,None,None,0,None,0
d_574,141,2012-08-24,FOODS_3_090,FOODS,CA_1,No Festival,None,None,0,None,0
d_575,225,2012-08-25,FOODS_3_090,FOODS,CA_1,No Festival,None,None,0,None,0
d_576,105,2012-08-26,FOODS_3_090,FOODS,CA_1,No Festival,None,None,0,None,0
d_577,73,2012-08-27,FOODS_3_090,FOODS,CA_1,No Festival,None,None,0,None,0
d_578,89,2012-08-28,FOODS_3_090,FOODS,CA_1,No Festival,None,None,0,None,0
d_579,89,2012-08-29,FOODS_3_090,FOODS,CA_1,No Festival,None,None,0,None,0
d_580,122,2012-08-30,FOODS_3_090,FOODS,CA_1,No Festival,None,None,0,None,0
d_581,125,2012-08-31,FOODS_3_090,FOODS,CA_1,No Festival,None,None,0,None,0
d_582,159,2012-09-01,FOODS_3_090,FOODS,CA_1,No Festival,None,None,0,None,0
d_583,150,2012-09-02,FOODS_3_090,FOODS,CA_1,No Festival,None,None,0,None,0
d_584,127,2012-09-03,FOODS_3_090,FOODS,CA_1,No Festival,None,None,0,None,0
d_585,111,2012-09-04,FOODS_3_090,FOODS,CA_1,No Festival,None,None,0,None,0
d_586,98,2012-09-05,FOODS_3_090,FOODS,CA_1,No Festival,None,None,0,None,0
d_587,71,2012-09-06,FOODS_3_090,FOODS,CA_1,No Festival,None,None,0,None,0
d_588,130,2012-09-07,FOODS_3_090,FOODS,CA_1,No Festival,None,None,0,None,0
d_589,109,2012-09-08,FOODS_3_090,FOODS,CA_1,No Festival,None,None,0,None,0
d_590,160,2012-09-09,FOODS_3_090,FOODS,CA_1,No Festival,None,None,0,None,0
d_591,67,2012-09-10,FOODS_3_090,FOODS,CA_1,No Festival,None,None,0,None,0
d_592,51,2012-09-11,FOODS_3_090,FOODS,CA_1,No Festival,None,None,0,None,0
d_593,89,2012-09-12,FOODS_3_090,FOODS,CA_1,No Festival,None,None,0,None,0
d_594,87,2012-09-13,FOODS_3_090,FOODS,CA_1,No Festival,None,None,0,None,0
d_595,107,2012-09-14,FOODS_3_090,FOODS,CA_1,No Festival,None,None,0,None,0
d_596,99,2012-09-15,FOODS_3_090,FOODS,CA_1,No Festival,None,None,0,None,0
d_597,118,2012-09-16,FOODS_3_090,FOODS,CA_1,No Festival,None,None,0,None,0
d_598,65,2012-09-17,FOODS_3_090,FOODS,CA_1,No Festival,None,None,0,None,0
d_599,73,2012-09-18,FOODS_3_090,FOODS,CA_1,No Festival,None,None,0,None,0
d_600,59,2012-09-19,FOODS_3_090,FOODS,CA_1,Ganesh Chaturthi,Hindu,High,1,High,3
d_601,84,2012-09-20,FOODS_3_090,FOODS,CA_1,No Festival,None,None,0,None,0
d_602,108,2012-09-21,FOODS_3_090,FOODS,CA_1,No Festival,None,None,0,None,0
d_603,109,2012-09-22,FOODS_3_090,FOODS,CA_1,No Festival,None,None,0,None,0
d_604,160,2012-09-23,FOODS_3_090,FOODS,CA_1,No Festival,None,None,0,None,0
d_605,68,2012-09-24,FOODS_3_090,FOODS,CA_1,No Festival,None,None,0,None,0
d_606,91,2012-09-25,FOODS_3_090,FOODS,CA_1,No Festival,None,None,0,None,0
d_607,70,2012-09-26,FOODS_3_090,FOODS,CA_1,No Festival,None,None,0,None,0
d_608,77,2012-09-27,FOODS_3_090,FOODS,CA_1,No Festival,None,None,0,None,0
d_609,63,2012-09-28,FOODS_3_090,FOODS,CA_1,No Festival,None,None,0,None,0
d_610,134,2012-09-29,FOODS_3_090,FOODS,CA_1,No Festival,None,None,0,None,0
d_611,116,2012-09-30,FOODS_3_090,FOODS,CA_1,No Festival,None,None,0,None,0
d_612,109,2012-10-01,FOODS_3_090,FOODS,CA_1,No Festival,None,None,0,None,0
d_613,81,2012-10-02,FOODS_3_090,FOODS,CA_1,No Festival,None,None,0,None,0
d_614,108,2012-10-03,FOODS_3_090,FOODS,CA_1,No Festival,None,None,0,None,0
d_615,74,2012-10-04,FOODS_3_090,FOODS,CA_1,No Festival,None,None,0,None,0
d_616,0,2012-10-05,FOODS_3_090,FOODS,CA_1,No Festival,None,None,0,None,0
d_617,114,2012-10-06,FOODS_3_090,FOODS,CA_1,No Festival,None,None,0,None,0
d_618,137,2012-10-07,FOODS_3_090,FOODS,CA_1,No Festival,None,None,0,None,0
d_619,53,2012-10-08,FOODS_3_090,FOODS,CA_1,No Festival,None,None,0,None,0
d_620,86,2012-10-09,FOODS_3_090,FOODS,CA_1,No Festival,None,None,0,None,0
d_621,50,2012-10-10,FOODS_3_090,FOODS,CA_1,No Festival,None,None,0,None,0
d_622,75,2012-10-11,FOODS_3_090,FOODS,CA_1,No Festival,None,None,0,None,0
d_623,161,2012-10-12,FOODS_3_090,FOODS,CA_1,No Festival,None,None,0,None,0
d_624,105,2012-10-13,FOODS_3_090,FOODS,CA_1,No Festival,None,None,0,None,0
d_625,100,2012-10-14,FOODS_3_090,FOODS,CA_1,No Festival,None,None,0,None,0
d_626,43,2012-10-15,FOODS_3_090,FOODS,CA_1,No Festival,None,None,0,None,0
d_627,64,2012-10-16,FOODS_3_090,FOODS,CA_1,No Festival,None,None,0,None,0
d_628,44,2012-10-17,FOODS_3_090,FOODS,CA_1,No Festival,None,None,0,None,0
d_629,37,2012-10-18,FOODS_3_090,FOODS,CA_1,No Festival,None,None,0,None,0
d_630,139,2012-10-19,FOODS_3_090,FOODS,CA_1,No Festival,None,None,0,None,0
d_631,0,2012-10-20,FOODS_3_090,FOODS,CA_1,No Festival,None,None,0,None,0
d_632,0,2012-10-21,FOODS_3_090,FOODS,CA_1,No Festival,None,None,0,None,0
d_633,0,2012-10-22,FOODS_3_090,FOODS,CA_1,No Festival,None,None,0,None,0
d_634,46,2012-10-23,FOODS_3_090,FOODS,CA_1,No Festival,None,None,0,None,0
d_635,69,2012-10-24,FOODS_3_090,FOODS,CA_1,Dussehra,Hindu,High,1,High,3
d_636,100,2012-10-25,FOODS_3_090,FOODS,CA_1,No Festival,None,None,0,None,0
d_637,142,2012-10-26,FOODS_3_090,FOODS,CA_1,No Festival,None,None,0,None,0
d_638,135,2012-10-27,FOODS_3_090,FOODS,CA_1,No Festival,None,None,0,None,0
d_639,205,2012-10-28,FOODS_3_090,FOODS,CA_1,No Festival,None,None,0,None,0
d_640,167,2012-10-29,FOODS_3_090,FOODS,CA_1,No Festival,None,None,0,None,0
d_641,102,2012-10-30,FOODS_3_090,FOODS,CA_1,No Festival,None,None,0,None,0
d_642,77,2012-10-31,FOODS_3_090,FOODS,CA_1,No Festival,None,None,0,None,0
d_643,113,2012-11-01,FOODS_3_090,FOODS,CA_1,No Festival,None,None,0,None,0
d_644,142,2012-11-02,FOODS_3_090,FOODS,CA_1,No Festival,None,None,0,None,0
d_645,140,2012-11-03,FOODS_3_090,FOODS,CA_1,No Festival,None,None,0,None,0
d_646,144,2012-11-04,FOODS_3_090,FOODS,CA_1,No Festival,None,None,0,None,0
d_647,74,2012-11-05,FOODS_3_090,FOODS,CA_1,No Festival,None,None,0,None,0
d_648,76,2012-11-06,FOODS_3_090,FOODS,CA_1,No Festival,None,None,0,None,0
d_649,67,2012-11-07,FOODS_3_090,FOODS,CA_1,No Festival,None,None,0,None,0
d_650,81,2012-11-08,FOODS_3_090,FOODS,CA_1,No Festival,None,None,0,None,0
d_651,141,2012-11-09,FOODS_3_090,FOODS,CA_1,No Festival,None,None,0,None,0
d_652,137,2012-11-10,FOODS_3_090,FOODS,CA_1,No Festival,None,None,0,None,0
d_653,183,2012-11-11,FOODS_3_090,FOODS,CA_1,No Festival,None,None,0,None,0
d_654,114,2012-11-12,FOODS_3_090,FOODS,CA_1,No Festival,None,None,0,None,0
d_655,86,2012-11-13,FOODS_3_090,FOODS,CA_1,Diwali,Hindu,High,1,High,3
d_656,64,2012-11-14,FOODS_3_090,FOODS,CA_1,No Festival,None,None,0,None,0
d_657,77,2012-11-15,FOODS_3_090,FOODS,CA_1,No Festival,None,None,0,None,0
d_658,137,2012-11-16,FOODS_3_090,FOODS,CA_1,No Festival,None,None,0,None,0
d_659,161,2012-11-17,FOODS_3_090,FOODS,CA_1,No Festival,None,None,0,None,0
d_660,170,2012-11-18,FOODS_3_090,FOODS,CA_1,No Festival,None,None,0,None,0
d_661,143,2012-11-19,FOODS_3_090,FOODS,CA_1,No Festival,None,None,0,None,0
d_662,144,2012-11-20,FOODS_3_090,FOODS,CA_1,No Festival,None,None,0,None,0
d_663,313,2012-11-21,FOODS_3_090,FOODS,CA_1,No Festival,None,None,0,None,0
d_664,183,2012-11-22,FOODS_3_090,FOODS,CA_1,No Festival,None,None,0,None,0
d_665,45,2012-11-23,FOODS_3_090,FOODS,CA_1,No Festival,None,None,0,None,0
d_666,125,2012-11-24,FOODS_3_090,FOODS,CA_1,No Festival,None,None,0,None,0
d_667,132,2012-11-25,FOODS_3_090,FOODS,CA_1,No Festival,None,None,0,None,0
d_668,53,2012-11-26,FOODS_3_090,FOODS,CA_1,No Festival,None,None,0,None,0
d_669,69,2012-11-27,FOODS_3_090,FOODS,CA_1,No Festival,None,None,0,None,0
d_670,100,2012-11-28,FOODS_3_090,FOODS,CA_1,No Festival,None,None,0,None,0
d_671,71,2012-11-29,FOODS_3_090,FOODS,CA_1,No Festival,None,None,0,None,0
d_672,127,2012-11-30,FOODS_3_090,FOODS,CA_1,No Festival,None,None,0,None,0
d_673,172,2012-12-01,FOODS_3_090,FOODS,CA_1,No Festival,None,None,0,None,0
d_674,114,2012-12-02,FOODS_3_090,FOODS,CA_1,No Festival,None,None,0,None,0
d_675,75,2012-12-03,FOODS_3_090,FOODS,CA_1,No Festival,None,None,0,None,0
d_676,80,2012-12-04,FOODS_3_090,FOODS,CA_1,No Festival,None,None,0,None,0
d_677,94,2012-12-05,FOODS_3_090,FOODS,CA_1,No Festival,None,None,0,None,0
d_678,113,2012-12-06,FOODS_3_090,FOODS,CA_1,No Festival,None,None,0,None,0
d_679,142,2012-12-07,FOODS_3_090,FOODS,CA_1,No Festival,None,None,0,None,0
d_680,153,2012-12-08,FOODS_3_090,FOODS,CA_1,No Festival,None,None,0,None,0
d_681,128,2012-12-09,FOODS_3_090,FOODS,CA_1,No Festival,None,None,0,None,0
d_682,147,2012-12-10,FOODS_3_090,FOODS,CA_1,No Festival,None,None,0,None,0
d_683,76,2012-12-11,FOODS_3_090,FOODS,CA_1,No Festival,None,None,0,None,0
d_684,91,2012-12-12,FOODS_3_090,FOODS,CA_1,No Festival,None,None,0,None,0
d_685,89,2012-12-13,FOODS_3_090,FOODS,CA_1,No Festival,None,None,0,None,0
d_686,138,2012-12-14,FOODS_3_090,FOODS,CA_1,No Festival,None,None,0,None,0
d_687,152,2012-12-15,FOODS_3_090,FOODS,CA_1,No Festival,None,None,0,None,0
d_688,190,2012-12-16,FOODS_3_090,FOODS,CA_1,No Festival,None,None,0,None,0
d_689,109,2012-12-17,FOODS_3_090,FOODS,CA_1,No Festival,None,None,0,None,0
d_690,99,2012-12-18,FOODS_3_090,FOODS,CA_1,No Festival,None,None,0,None,0
d_691,98,2012-12-19,FOODS_3_090,FOODS,CA_1,No Festival,None,None,0,None,0
d_692,125,2012-12-20,FOODS_3_090,FOODS,CA_1,No Festival,None,None,0,None,0
d_693,117,2012-12-21,FOODS_3_090,FOODS,CA_1,No Festival,None,None,0,None,0
d_694,282,2012-12-22,FOODS_3_090,FOODS,CA_1,No Festival,None,None,0,None,0
d_695,293,2012-12-23,FOODS_3_090,FOODS,CA_1,No Festival,None,None,0,None,0
d_696,286,2012-12-24,FOODS_3_090,FOODS,CA_1,No Festival,None,None,0,None,0
d_697,0,2012-12-25,FOODS_3_090,FOODS,CA_1,Christmas,Christian,High,1,High,3
d_698,70,2012-12-26,FOODS_3_090,FOODS,CA_1,No Festival,None,None,0,None,0
d_699,88,2012-12-27,FOODS_3_090,FOODS,CA_1,No Festival,None,None,0,None,0
d_700,91,2012-12-28,FOODS_3_090,FOODS,CA_1,No Festival,None,None,0,None,0
d_701,101,2012-12-29,FOODS_3_090,FOODS,CA_1,No Festival,None,None,0,None,0
d_702,172,2012-12-30,FOODS_3_090,FOODS,CA_1,No Festival,None,None,0,None,0
d_703,215,2012-12-31,FOODS_3_090,FOODS,CA_1,No Festival,None,None,0,None,0
d_704,45,2013-01-01,FOODS_3_090,FOODS,CA_1,No Festival,None,None,0,None,0
d_705,47,2013-01-02,FOODS_3_090,FOODS,CA_1,No Festival,None,None,0,None,0
d_706,118,2013-01-03,FOODS_3_090,FOODS,CA_1,No Festival,None,None,0,None,0
d_707,119,2013-01-04,FOODS_3_090,FOODS,CA_1,No Festival,None,None,0,None,0
d_708,100,2013-01-05,FOODS_3_090,FOODS,CA_1,No Festival,None,None,0,None,0
d_709,104,2013-01-06,FOODS_3_090,FOODS,CA_1,No Festival,None,None,0,None,0
d_710,40,2013-01-07,FOODS_3_090,FOODS,CA_1,No Festival,None,None,0,None,0
d_711,54,2013-01-08,FOODS_3_090,FOODS,CA_1,No Festival,None,None,0,None,0
d_712,50,2013-01-09,FOODS_3_090,FOODS,CA_1,No Festival,None,None,0,None,0
d_713,51,2013-01-10,FOODS_3_090,FOODS,CA_1,No Festival,None,None,0,None,0
d_714,97,2013-01-11,FOODS_3_090,FOODS,CA_1,No Festival,None,None,0,None,0
d_715,93,2013-01-12,FOODS_3_090,FOODS,CA_1,No Festival,None,None,0,None,0
d_716,97,2013-01-13,FOODS_3_090,FOODS,CA_1,No Festival,None,None,0,None,0
d_717,38,2013-01-14,FOODS_3_090,FOODS,CA_1,No Festival,None,None,0,None,0
d_718,46,2013-01-15,FOODS_3_090,FOODS,CA_1,No Festival,None,None,0,None,0
d_719,38,2013-01-16,FOODS_3_090,FOODS,CA_1,No Festival,None,None,0,None,0
d_720,63,2013-01-17,FOODS_3_090,FOODS,CA_1,No Festival,None,None,0,None,0
d_721,72,2013-01-18,FOODS_3_090,FOODS,CA_1,No Festival,None,None,0,None,0
d_722,109,2013-01-19,FOODS_3_090,FOODS,CA_1,No Festival,None,None,0,None,0
d_723,100,2013-01-20,FOODS_3_090,FOODS,CA_1,No Festival,None,None,0,None,0
d_724,61,2013-01-21,FOODS_3_090,FOODS,CA_1,No Festival,None,None,0,None,0
d_725,0,2013-01-22,FOODS_3_090,FOODS,CA_1,No Festival,None,None,0,None,0
d_726,0,2013-01-23,FOODS_3_090,FOODS,CA_1,No Festival,None,None,0,None,0
d_727,0,2013-01-24,FOODS_3_090,FOODS,CA_1,No Festival,None,None,0,None,0
d_728,0,2013-01-25,FOODS_3_090,FOODS,CA_1,No Festival,None,None,0,None,0
d_729,86,2013-01-26,FOODS_3_090,FOODS,CA_1,Republic Day,National,High,1,None,0
d_730,62,2013-01-27,FOODS_3_090,FOODS,CA_1,No Festival,None,None,0,None,0
d_731,63,2013-01-28,FOODS_3_090,FOODS,CA_1,No Festival,None,None,0,None,0
d_732,44,2013-01-29,FOODS_3_090,FOODS,CA_1,No Festival,None,None,0,None,0
d_733,57,2013-01-30,FOODS_3_090,FOODS,CA_1,No Festival,None,None,0,None,0
d_734,101,2013-01-31,FOODS_3_090,FOODS,CA_1,No Festival,None,None,0,None,0
d_735,123,2013-02-01,FOODS_3_090,FOODS,CA_1,No Festival,None,None,0,None,0
d_736,152,2013-02-02,FOODS_3_090,FOODS,CA_1,No Festival,None,None,0,None,0
d_737,110,2013-02-03,FOODS_3_090,FOODS,CA_1,No Festival,None,None,0,None,0
d_738,27,2013-02-04,FOODS_3_090,FOODS,CA_1,No Festival,None,None,0,None,0
d_739,40,2013-02-05,FOODS_3_090,FOODS,CA_1,No Festival,None,None,0,None,0
d_740,66,2013-02-06,FOODS_3_090,FOODS,CA_1,No Festival,None,None,0,None,0
d_741,48,2013-02-07,FOODS_3_090,FOODS,CA_1,No Festival,None,None,0,None,0
d_742,88,2013-02-08,FOODS_3_090,FOODS,CA_1,No Festival,None,None,0,None,0
d_743,109,2013-02-09,FOODS_3_090,FOODS,CA_1,No Festival,None,None,0,None,0
d_744,110,2013-02-10,FOODS_3_090,FOODS,CA_1,No Festival,None,None,0,None,0
d_745,62,2013-02-11,FOODS_3_090,FOODS,CA_1,No Festival,None,None,0,None,0
d_746,36,2013-02-12,FOODS_3_090,FOODS,CA_1,No Festival,None,None,0,None,0
d_747,60,2013-02-13,FOODS_3_090,FOODS,CA_1,No Festival,None,None,0,None,0
d_748,41,2013-02-14,FOODS_3_090,FOODS,CA_1,No Festival,None,None,0,None,0
d_749,90,2013-02-15,FOODS_3_090,FOODS,CA_1,No Festival,None,None,0,None,0
d_750,106,2013-02-16,FOODS_3_090,FOODS,CA_1,No Festival,None,None,0,None,0
d_751,86,2013-02-17,FOODS_3_090,FOODS,CA_1,No Festival,None,None,0,None,0
d_752,53,2013-02-18,FOODS_3_090,FOODS,CA_1,No Festival,None,None,0,None,0
d_753,55,2013-02-19,FOODS_3_090,FOODS,CA_1,No Festival,None,None,0,None,0
d_754,61,2013-02-20,FOODS_3_090,FOODS,CA_1,No Festival,None,None,0,None,0
d_755,62,2013-02-21,FOODS_3_090,FOODS,CA_1,No Festival,None,None,0,None,0
d_756,108,2013-02-22,FOODS_3_090,FOODS,CA_1,No Festival,None,None,0,None,0
d_757,96,2013-02-23,FOODS_3_090,FOODS,CA_1,No Festival,None,None,0,None,0
d_758,96,2013-02-24,FOODS_3_090,FOODS,CA_1,No Festival,None,None,0,None,0
d_759,42,2013-02-25,FOODS_3_090,FOODS,CA_1,No Festival,None,None,0,None,0
d_760,49,2013-02-26,FOODS_3_090,FOODS,CA_1,No Festival,None,None,0,None,0
d_761,44,2013-02-27,FOODS_3_090,FOODS,CA_1,No Festival,None,None,0,None,0
d_762,85,2013-02-28,FOODS_3_090,FOODS,CA_1,No Festival,None,None,0,None,0
d_763,76,2013-03-01,FOODS_3_090,FOODS,CA_1,No Festival,None,None,0,None,0
d_764,176,2013-03-02,FOODS_3_090,FOODS,CA_1,No Festival,None,None,0,None,0
d_765,96,2013-03-03,FOODS_3_090,FOODS,CA_1,No Festival,None,None,0,None,0
d_766,74,2013-03-04,FOODS_3_090,FOODS,CA_1,No Festival,None,None,0,None,0
d_767,38,2013-03-05,FOODS_3_090,FOODS,CA_1,No Festival,None,None,0,None,0
d_768,78,2013-03-06,FOODS_3_090,FOODS,CA_1,No Festival,None,None,0,None,0
d_769,64,2013-03-07,FOODS_3_090,FOODS,CA_1,No Festival,None,None,0,None,0
d_770,70,2013-03-08,FOODS_3_090,FOODS,CA_1,No Festival,None,None,0,None,0
d_771,86,2013-03-09,FOODS_3_090,FOODS,CA_1,No Festival,None,None,0,None,0
d_772,118,2013-03-10,FOODS_3_090,FOODS,CA_1,Holi,Hindu,High,1,High,3
d_773,32,2013-03-11,FOODS_3_090,FOODS,CA_1,No Festival,None,None,0,None,0
d_774,46,2013-03-12,FOODS_3_090,FOODS,CA_1,No Festival,None,None,0,None,0
d_775,75,2013-03-13,FOODS_3_090,FOODS,CA_1,No Festival,None,None,0,None,0
d_776,57,2013-03-14,FOODS_3_090,FOODS,CA_1,No Festival,None,None,0,None,0
d_777,76,2013-03-15,FOODS_3_090,FOODS,CA_1,No Festival,None,None,0,None,0
d_778,125,2013-03-16,FOODS_3_090,FOODS,CA_1,No Festival,None,None,0,None,0
d_779,52,2013-03-17,FOODS_3_090,FOODS,CA_1,No Festival,None,None,0,None,0
d_780,69,2013-03-18,FOODS_3_090,FOODS,CA_1,No Festival,None,None,0,None,0
d_781,44,2013-03-19,FOODS_3_090,FOODS,CA_1,No Festival,None,None,0,None,0
d_782,66,2013-03-20,FOODS_3_090,FOODS,CA_1,No Festival,None,None,0,None,0
d_783,71,2013-03-21,FOODS_3_090,FOODS,CA_1,No Festival,None,None,0,None,0
d_784,78,2013-03-22,FOODS_3_090,FOODS,CA_1,No Festival,None,None,0,None,0
d_785,133,2013-03-23,FOODS_3_090,FOODS,CA_1,No Festival,None,None,0,None,0
d_786,123,2013-03-24,FOODS_3_090,FOODS,CA_1,No Festival,None,None,0,None,0
d_787,70,2013-03-25,FOODS_3_090,FOODS,CA_1,No Festival,None,None,0,None,0
d_788,74,2013-03-26,FOODS_3_090,FOODS,CA_1,No Festival,None,None,0,None,0
d_789,56,2013-03-27,FOODS_3_090,FOODS,CA_1,No Festival,None,None,0,None,0
d_790,85,2013-03-28,FOODS_3_090,FOODS,CA_1,No Festival,None,None,0,None,0
d_791,112,2013-03-29,FOODS_3_090,FOODS,CA_1,No Festival,None,None,0,None,0
d_792,196,2013-03-30,FOODS_3_090,FOODS,CA_1,No Festival,None,None,0,None,0
d_793,229,2013-03-31,FOODS_3_090,FOODS,CA_1,No Festival,None,None,0,None,0
d_794,87,2013-04-01,FOODS_3_090,FOODS,CA_1,No Festival,None,None,0,None,0
d_795,59,2013-04-02,FOODS_3_090,FOODS,CA_1,No Festival,None,None,0,None,0
d_796,56,2013-04-03,FOODS_3_090,FOODS,CA_1,No Festival,None,None,0,None,0
d_797,72,2013-04-04,FOODS_3_090,FOODS,CA_1,No Festival,None,None,0,None,0
d_798,118,2013-04-05,FOODS_3_090,FOODS,CA_1,No Festival,None,None,0,None,0
d_799,144,2013-04-06,FOODS_3_090,FOODS,CA_1,No Festival,None,None,0,None,0
d_800,136,2013-04-07,FOODS_3_090,FOODS,CA_1,No Festival,None,None,0,None,0
d_801,87,2013-04-08,FOODS_3_090,FOODS,CA_1,No Festival,None,None,0,None,0
d_802,88,2013-04-09,FOODS_3_090,FOODS,CA_1,No Festival,None,None,0,None,0
d_803,86,2013-04-10,FOODS_3_090,FOODS,CA_1,No Festival,None,None,0,None,0
d_804,80,2013-04-11,FOODS_3_090,FOODS,CA_1,Gudi Padwa,Hindu,High,1,None,0
d_805,80,2013-04-12,FOODS_3_090,FOODS,CA_1,No Festival,None,None,0,None,0
d_806,134,2013-04-13,FOODS_3_090,FOODS,CA_1,No Festival,None,None,0,None,0
d_807,106,2013-04-14,FOODS_3_090,FOODS,CA_1,No Festival,None,None,0,None,0
d_808,78,2013-04-15,FOODS_3_090,FOODS,CA_1,No Festival,None,None,0,None,0
d_809,53,2013-04-16,FOODS_3_090,FOODS,CA_1,No Festival,None,None,0,None,0
d_810,48,2013-04-17,FOODS_3_090,FOODS,CA_1,No Festival,None,None,0,None,0
d_811,47,2013-04-18,FOODS_3_090,FOODS,CA_1,No Festival,None,None,0,None,0
d_812,75,2013-04-19,FOODS_3_090,FOODS,CA_1,No Festival,None,None,0,None,0
d_813,117,2013-04-20,FOODS_3_090,FOODS,CA_1,No Festival,None,None,0,None,0
d_814,95,2013-04-21,FOODS_3_090,FOODS,CA_1,No Festival,None,None,0,None,0
d_815,57,2013-04-22,FOODS_3_090,FOODS,CA_1,No Festival,None,None,0,None,0
d_816,61,2013-04-23,FOODS_3_090,FOODS,CA_1,No Festival,None,None,0,None,0
d_817,42,2013-04-24,FOODS_3_090,FOODS,CA_1,No Festival,None,None,0,None,0
d_818,45,2013-04-25,FOODS_3_090,FOODS,CA_1,No Festival,None,None,0,None,0
d_819,62,2013-04-26,FOODS_3_090,FOODS,CA_1,No Festival,None,None,0,None,0
d_820,101,2013-04-27,FOODS_3_090,FOODS,CA_1,No Festival,None,None,0,None,0
d_821,87,2013-04-28,FOODS_3_090,FOODS,CA_1,No Festival,None,None,0,None,0
d_822,50,2013-04-29,FOODS_3_090,FOODS,CA_1,No Festival,None,None,0,None,0
d_823,82,2013-04-30,FOODS_3_090,FOODS,CA_1,No Festival,None,None,0,None,0
d_824,74,2013-05-01,FOODS_3_090,FOODS,CA_1,No Festival,None,None,0,None,0
d_825,62,2013-05-02,FOODS_3_090,FOODS,CA_1,No Festival,None,None,0,None,0
d_826,85,2013-05-03,FOODS_3_090,FOODS,CA_1,No Festival,None,None,0,None,0
d_827,125,2013-05-04,FOODS_3_090,FOODS,CA_1,No Festival,None,None,0,None,0
d_828,95,2013-05-05,FOODS_3_090,FOODS,CA_1,No Festival,None,None,0,None,0
d_829,82,2013-05-06,FOODS_3_090,FOODS,CA_1,No Festival,None,None,0,None,0
d_830,85,2013-05-07,FOODS_3_090,FOODS,CA_1,No Festival,None,None,0,None,0
d_831,73,2013-05-08,FOODS_3_090,FOODS,CA_1,No Festival,None,None,0,None,0
d_832,64,2013-05-09,FOODS_3_090,FOODS,CA_1,No Festival,None,None,0,None,0
d_833,86,2013-05-10,FOODS_3_090,FOODS,CA_1,No Festival,None,None,0,None,0
d_834,145,2013-05-11,FOODS_3_090,FOODS,CA_1,No Festival,None,None,0,None,0
d_835,126,2013-05-12,FOODS_3_090,FOODS,CA_1,No Festival,None,None,0,None,0
d_836,77,2013-05-13,FOODS_3_090,FOODS,CA_1,No Festival,None,None,0,None,0
d_837,93,2013-05-14,FOODS_3_090,FOODS,CA_1,No Festival,None,None,0,None,0
d_838,64,2013-05-15,FOODS_3_090,FOODS,CA_1,No Festival,None,None,0,None,0
d_839,55,2013-05-16,FOODS_3_090,FOODS,CA_1,No Festival,None,None,0,None,0
d_840,113,2013-05-17,FOODS_3_090,FOODS,CA_1,No Festival,None,None,0,None,0
d_841,95,2013-05-18,FOODS_3_090,FOODS,CA_1,No Festival,None,None,0,None,0
d_842,82,2013-05-19,FOODS_3_090,FOODS,CA_1,No Festival,None,None,0,None,0
d_843,41,2013-05-20,FOODS_3_090,FOODS,CA_1,No Festival,None,None,0,None,0
d_844,40,2013-05-21,FOODS_3_090,FOODS,CA_1,No Festival,None,None,0,None,0
d_845,57,2013-05-22,FOODS_3_090,FOODS,CA_1,No Festival,None,None,0,None,0
d_846,43,2013-05-23,FOODS_3_090,FOODS,CA_1,No Festival,None,None,0,None,0
d_847,112,2013-05-24,FOODS_3_090,FOODS,CA_1,No Festival,None,None,0,None,0
d_848,65,2013-05-25,FOODS_3_090,FOODS,CA_1,No Festival,None,None,0,None,0
d_849,116,2013-05-26,FOODS_3_090,FOODS,CA_1,No Festival,None,None,0,None,0
d_850,127,2013-05-27,FOODS_3_090,FOODS,CA_1,No Festival,None,None,0,None,0
d_851,68,2013-05-28,FOODS_3_090,FOODS,CA_1,No Festival,None,None,0,None,0
d_852,34,2013-05-29,FOODS_3_090,FOODS,CA_1,No Festival,None,None,0,None,0
d_853,64,2013-05-30,FOODS_3_090,FOODS,CA_1,No Festival,None,None,0,None,0
d_854,119,2013-05-31,FOODS_3_090,FOODS,CA_1,No Festival,None,None,0,None,0
d_855,91,2013-06-01,FOODS_3_090,FOODS,CA_1,No Festival,None,None,0,None,0
d_856,103,2013-06-02,FOODS_3_090,FOODS,CA_1,No Festival,None,None,0,None,0
d_857,73,2013-06-03,FOODS_3_090,FOODS,CA_1,No Festival,None,None,0,None,0
d_858,80,2013-06-04,FOODS_3_090,FOODS,CA_1,No Festival,None,None,0,None,0
d_859,53,2013-06-05,FOODS_3_090,FOODS,CA_1,No Festival,None,None,0,None,0
d_860,49,2013-06-06,FOODS_3_090,FOODS,CA_1,No Festival,None,None,0,None,0
d_861,54,2013-06-07,FOODS_3_090,FOODS,CA_1,No Festival,None,None,0,None,0
d_862,134,2013-06-08,FOODS_3_090,FOODS,CA_1,No Festival,None,None,0,None,0
d_863,120,2013-06-09,FOODS_3_090,FOODS,CA_1,No Festival,None,None,0,None,0
d_864,112,2013-06-10,FOODS_3_090,FOODS,CA_1,No Festival,None,None,0,None,0
d_865,44,2013-06-11,FOODS_3_090,FOODS,CA_1,No Festival,None,None,0,None,0
d_866,52,2013-06-12,FOODS_3_090,FOODS,CA_1,No Festival,None,None,0,None,0
d_867,138,2013-06-13,FOODS_3_090,FOODS,CA_1,No Festival,None,None,0,None,0
d_868,117,2013-06-14,FOODS_3_090,FOODS,CA_1,No Festival,None,None,0,None,0
d_869,146,2013-06-15,FOODS_3_090,FOODS,CA_1,No Festival,None,None,0,None,0
d_870,123,2013-06-16,FOODS_3_090,FOODS,CA_1,No Festival,None,None,0,None,0
d_871,57,2013-06-17,FOODS_3_090,FOODS,CA_1,No Festival,None,None,0,None,0
d_872,84,2013-06-18,FOODS_3_090,FOODS,CA_1,No Festival,None,None,0,None,0
d_873,44,2013-06-19,FOODS_3_090,FOODS,CA_1,No Festival,None,None,0,None,0
d_874,59,2013-06-20,FOODS_3_090,FOODS,CA_1,No Festival,None,None,0,None,0
d_875,110,2013-06-21,FOODS_3_090,FOODS,CA_1,No Festival,None,None,0,None,0
d_876,127,2013-06-22,FOODS_3_090,FOODS,CA_1,No Festival,None,None,0,None,0
d_877,65,2013-06-23,FOODS_3_090,FOODS,CA_1,No Festival,None,None,0,None,0
d_878,39,2013-06-24,FOODS_3_090,FOODS,CA_1,No Festival,None,None,0,None,0
d_879,66,2013-06-25,FOODS_3_090,FOODS,CA_1,No Festival,None,None,0,None,0
d_880,63,2013-06-26,FOODS_3_090,FOODS,CA_1,No Festival,None,None,0,None,0
d_881,47,2013-06-27,FOODS_3_090,FOODS,CA_1,No Festival,None,None,0,None,0
d_882,134,2013-06-28,FOODS_3_090,FOODS,CA_1,No Festival,None,None,0,None,0
d_883,88,2013-06-29,FOODS_3_090,FOODS,CA_1,No Festival,None,None,0,None,0
d_884,86,2013-06-30,FOODS_3_090,FOODS,CA_1,No Festival,None,None,0,None,0
d_885,86,2013-07-01,FOODS_3_090,FOODS,CA_1,No Festival,None,None,0,None,0
d_886,100,2013-07-02,FOODS_3_090,FOODS,CA_1,No Festival,None,None,0,None,0
d_887,148,2013-07-03,FOODS_3_090,FOODS,CA_1,No Festival,None,None,0,None,0
d_888,150,2013-07-04,FOODS_3_090,FOODS,CA_1,No Festival,None,None,0,None,0
d_889,131,2013-07-05,FOODS_3_090,FOODS,CA_1,No Festival,None,None,0,None,0
d_890,118,2013-07-06,FOODS_3_090,FOODS,CA_1,No Festival,None,None,0,None,0
d_891,94,2013-07-07,FOODS_3_090,FOODS,CA_1,No Festival,None,None,0,None,0
d_892,61,2013-07-08,FOODS_3_090,FOODS,CA_1,No Festival,None,None,0,None,0
d_893,42,2013-07-09,FOODS_3_090,FOODS,CA_1,No Festival,None,None,0,None,0
d_894,66,2013-07-10,FOODS_3_090,FOODS,CA_1,No Festival,None,None,0,None,0
d_895,72,2013-07-11,FOODS_3_090,FOODS,CA_1,No Festival,None,None,0,None,0
d_896,109,2013-07-12,FOODS_3_090,FOODS,CA_1,No Festival,None,None,0,None,0
d_897,79,2013-07-13,FOODS_3_090,FOODS,CA_1,No Festival,None,None,0,None,0
d_898,106,2013-07-14,FOODS_3_090,FOODS,CA_1,No Festival,None,None,0,None,0
d_899,57,2013-07-15,FOODS_3_090,FOODS,CA_1,No Festival,None,None,0,None,0
d_900,85,2013-07-16,FOODS_3_090,FOODS,CA_1,No Festival,None,None,0,None,0
d_901,63,2013-07-17,FOODS_3_090,FOODS,CA_1,No Festival,None,None,0,None,0
d_902,61,2013-07-18,FOODS_3_090,FOODS,CA_1,No Festival,None,None,0,None,0
d_903,136,2013-07-19,FOODS_3_090,FOODS,CA_1,No Festival,None,None,0,None,0
d_904,160,2013-07-20,FOODS_3_090,FOODS,CA_1,No Festival,None,None,0,None,0
d_905,111,2013-07-21,FOODS_3_090,FOODS,CA_1,No Festival,None,None,0,None,0
d_906,77,2013-07-22,FOODS_3_090,FOODS,CA_1,No Festival,None,None,0,None,0
d_907,88,2013-07-23,FOODS_3_090,FOODS,CA_1,No Festival,None,None,0,None,0
d_908,53,2013-07-24,FOODS_3_090,FOODS,CA_1,No Festival,None,None,0,None,0
d_909,58,2013-07-25,FOODS_3_090,FOODS,CA_1,No Festival,None,None,0,None,0
d_910,97,2013-07-26,FOODS_3_090,FOODS,CA_1,No Festival,None,None,0,None,0
d_911,84,2013-07-27,FOODS_3_090,FOODS,CA_1,No Festival,None,None,0,None,0
d_912,80,2013-07-28,FOODS_3_090,FOODS,CA_1,No Festival,None,None,0,None,0
d_913,58,2013-07-29,FOODS_3_090,FOODS,CA_1,No Festival,None,None,0,None,0
d_914,100,2013-07-30,FOODS_3_090,FOODS,CA_1,No Festival,None,None,0,None,0
d_915,66,2013-07-31,FOODS_3_090,FOODS,CA_1,No Festival,None,None,0,None,0
d_916,93,2013-08-01,FOODS_3_090,FOODS,CA_1,No Festival,None,None,0,None,0
d_917,138,2013-08-02,FOODS_3_090,FOODS,CA_1,No Festival,None,None,0,None,0
d_918,101,2013-08-03,FOODS_3_090,FOODS,CA_1,No Festival,None,None,0,None,0
d_919,127,2013-08-04,FOODS_3_090,FOODS,CA_1,No Festival,None,None,0,None,0
d_920,69,2013-08-05,FOODS_3_090,FOODS,CA_1,No Festival,None,None,0,None,0
d_921,81,2013-08-06,FOODS_3_090,FOODS,CA_1,No Festival,None,None,0,None,0
d_922,97,2013-08-07,FOODS_3_090,FOODS,CA_1,No Festival,None,None,0,None,0
d_923,75,2013-08-08,FOODS_3_090,FOODS,CA_1,No Festival,None,None,0,None,0
d_924,95,2013-08-09,FOODS_3_090,FOODS,CA_1,No Festival,None,None,0,None,0
d_925,109,2013-08-10,FOODS_3_090,FOODS,CA_1,No Festival,None,None,0,None,0
d_926,116,2013-08-11,FOODS_3_090,FOODS,CA_1,No Festival,None,None,0,None,0
d_927,46,2013-08-12,FOODS_3_090,FOODS,CA_1,No Festival,None,None,0,None,0
d_928,62,2013-08-13,FOODS_3_090,FOODS,CA_1,No Festival,None,None,0,None,0
d_929,67,2013-08-14,FOODS_3_090,FOODS,CA_1,No Festival,None,None,0,None,0
d_930,144,2013-08-15,FOODS_3_090,FOODS,CA_1,No Festival,None,None,0,None,0
d_931,116,2013-08-16,FOODS_3_090,FOODS,CA_1,No Festival,None,None,0,None,0
d_932,0,2013-08-17,FOODS_3_090,FOODS,CA_1,No Festival,None,None,0,None,0
d_933,0,2013-08-18,FOODS_3_090,FOODS,CA_1,No Festival,None,None,0,None,0
d_934,93,2013-08-19,FOODS_3_090,FOODS,CA_1,No Festival,None,None,0,None,0
d_935,52,2013-08-20,FOODS_3_090,FOODS,CA_1,No Festival,None,None,0,None,0
d_936,159,2013-08-21,FOODS_3_090,FOODS,CA_1,No Festival,None,None,0,None,0
d_937,185,2013-08-22,FOODS_3_090,FOODS,CA_1,No Festival,None,None,0,None,0
d_938,179,2013-08-23,FOODS_3_090,FOODS,CA_1,No Festival,None,None,0,None,0
d_939,266,2013-08-24,FOODS_3_090,FOODS,CA_1,No Festival,None,None,0,None,0
d_940,310,2013-08-25,FOODS_3_090,FOODS,CA_1,No Festival,None,None,0,None,0
d_941,23,2013-08-26,FOODS_3_090,FOODS,CA_1,No Festival,None,None,0,None,0
d_942,142,2013-08-27,FOODS_3_090,FOODS,CA_1,No Festival,None,None,0,None,0
d_943,104,2013-08-28,FOODS_3_090,FOODS,CA_1,No Festival,None,None,0,None,0
d_944,181,2013-08-29,FOODS_3_090,FOODS,CA_1,No Festival,None,None,0,None,0
d_945,216,2013-08-30,FOODS_3_090,FOODS,CA_1,No Festival,None,None,0,None,0
d_946,432,2013-08-31,FOODS_3_090,FOODS,CA_1,No Festival,None,None,0,None,0
d_947,599,2013-09-01,FOODS_3_090,FOODS,CA_1,No Festival,None,None,0,None,0
d_948,184,2013-09-02,FOODS_3_090,FOODS,CA_1,No Festival,None,None,0,None,0
d_949,229,2013-09-03,FOODS_3_090,FOODS,CA_1,No Festival,None,None,0,None,0
d_950,150,2013-09-04,FOODS_3_090,FOODS,CA_1,No Festival,None,None,0,None,0
d_951,278,2013-09-05,FOODS_3_090,FOODS,CA_1,No Festival,None,None,0,None,0
d_952,262,2013-09-06,FOODS_3_090,FOODS,CA_1,No Festival,None,None,0,None,0
d_953,273,2013-09-07,FOODS_3_090,FOODS,CA_1,No Festival,None,None,0,None,0
d_954,247,2013-09-08,FOODS_3_090,FOODS,CA_1,No Festival,None,None,0,None,0
d_955,129,2013-09-09,FOODS_3_090,FOODS,CA_1,Ganesh Chaturthi,Hindu,High,1,High,3
d_956,128,2013-09-10,FOODS_3_090,FOODS,CA_1,No Festival,None,None,0,None,0
d_957,195,2013-09-11,FOODS_3_090,FOODS,CA_1,No Festival,None,None,0,None,0
d_958,182,2013-09-12,FOODS_3_090,FOODS,CA_1,No Festival,None,None,0,None,0
d_959,212,2013-09-13,FOODS_3_090,FOODS,CA_1,No Festival,None,None,0,None,0
d_960,272,2013-09-14,FOODS_3_090,FOODS,CA_1,No Festival,None,None,0,None,0
d_961,266,2013-09-15,FOODS_3_090,FOODS,CA_1,No Festival,None,None,0,None,0
d_962,158,2013-09-16,FOODS_3_090,FOODS,CA_1,No Festival,None,None,0,None,0
d_963,159,2013-09-17,FOODS_3_090,FOODS,CA_1,No Festival,None,None,0,None,0
d_964,107,2013-09-18,FOODS_3_090,FOODS,CA_1,No Festival,None,None,0,None,0
d_965,123,2013-09-19,FOODS_3_090,FOODS,CA_1,No Festival,None,None,0,None,0
d_966,147,2013-09-20,FOODS_3_090,FOODS,CA_1,No Festival,None,None,0,None,0
d_967,309,2013-09-21,FOODS_3_090,FOODS,CA_1,No Festival,None,None,0,None,0
d_968,369,2013-09-22,FOODS_3_090,FOODS,CA_1,No Festival,None,None,0,None,0
d_969,180,2013-09-23,FOODS_3_090,FOODS,CA_1,No Festival,None,None,0,None,0
d_970,146,2013-09-24,FOODS_3_090,FOODS,CA_1,No Festival,None,None,0,None,0
d_971,166,2013-09-25,FOODS_3_090,FOODS,CA_1,No Festival,None,None,0,None,0
d_972,157,2013-09-26,FOODS_3_090,FOODS,CA_1,No Festival,None,None,0,None,0
d_973,243,2013-09-27,FOODS_3_090,FOODS,CA_1,No Festival,None,None,0,None,0
d_974,312,2013-09-28,FOODS_3_090,FOODS,CA_1,No Festival,None,None,0,None,0
d_975,342,2013-09-29,FOODS_3_090,FOODS,CA_1,No Festival,None,None,0,None,0
d_976,290,2013-09-30,FOODS_3_090,FOODS,CA_1,No Festival,None,None,0,None,0
d_977,211,2013-10-01,FOODS_3_090,FOODS,CA_1,No Festival,None,None,0,None,0
d_978,25,2013-10-02,FOODS_3_090,FOODS,CA_1,No Festival,None,None,0,None,0
d_979,0,2013-10-03,FOODS_3_090,FOODS,CA_1,No Festival,None,None,0,None,0
d_980,0,2013-10-04,FOODS_3_090,FOODS,CA_1,No Festival,None,None,0,None,0
d_981,133,2013-10-05,FOODS_3_090,FOODS,CA_1,No Festival,None,None,0,None,0
d_982,130,2013-10-06,FOODS_3_090,FOODS,CA_1,No Festival,None,None,0,None,0
d_983,70,2013-10-07,FOODS_3_090,FOODS,CA_1,No Festival,None,None,0,None,0
d_984,78,2013-10-08,FOODS_3_090,FOODS,CA_1,No Festival,None,None,0,None,0
d_985,77,2013-10-09,FOODS_3_090,FOODS,CA_1,No Festival,None,None,0,None,0
d_986,95,2013-10-10,FOODS_3_090,FOODS,CA_1,No Festival,None,None,0,None,0
d_987,107,2013-10-11,FOODS_3_090,FOODS,CA_1,No Festival,None,None,0,None,0
d_988,112,2013-10-12,FOODS_3_090,FOODS,CA_1,No Festival,None,None,0,None,0
d_989,129,2013-10-13,FOODS_3_090,FOODS,CA_1,Dussehra,Hindu,High,1,High,3
d_990,65,2013-10-14,FOODS_3_090,FOODS,CA_1,No Festival,None,None,0,None,0
d_991,48,2013-10-15,FOODS_3_090,FOODS,CA_1,No Festival,None,None,0,None,0
d_992,53,2013-10-16,FOODS_3_090,FOODS,CA_1,No Festival,None,None,0,None,0
d_993,74,2013-10-17,FOODS_3_090,FOODS,CA_1,No Festival,None,None,0,None,0
d_994,97,2013-10-18,FOODS_3_090,FOODS,CA_1,No Festival,None,None,0,None,0
d_995,108,2013-10-19,FOODS_3_090,FOODS,CA_1,No Festival,None,None,0,None,0
d_996,121,2013-10-20,FOODS_3_090,FOODS,CA_1,No Festival,None,None,0,None,0
d_997,61,2013-10-21,FOODS_3_090,FOODS,CA_1,No Festival,None,None,0,None,0
d_998,55,2013-10-22,FOODS_3_090,FOODS,CA_1,No Festival,None,None,0,None,0
d_999,51,2013-10-23,FOODS_3_090,FOODS,CA_1,No Festival,None,None,0,None,0
d_1000,73,2013-10-24,FOODS_3_090,FOODS,CA_1,No Festival,None,None,0,None,0
d_1001,137,2013-10-25,FOODS_3_090,FOODS,CA_1,No Festival,None,None,0,None,0
d_1002,134,2013-10-26,FOODS_3_090,FOODS,CA_1,No Festival,None,None,0,None,0
d_1003,99,2013-10-27,FOODS_3_090,FOODS,CA_1,No Festival,None,None,0,None,0
d_1004,77,2013-10-28,FOODS_3_090,FOODS,CA_1,No Festival,None,None,0,None,0
d_1005,57,2013-10-29,FOODS_3_090,FOODS,CA_1,No Festival,None,None,0,None,0
d_1006,83,2013-10-30,FOODS_3_090,FOODS,CA_1,No Festival,None,None,0,None,0
d_1007,58,2013-10-31,FOODS_3_090,FOODS,CA_1,No Festival,None,None,0,None,0
d_1008,77,2013-11-01,FOODS_3_090,FOODS,CA_1,No Festival,None,None,0,None,0
d_1009,94,2013-11-02,FOODS_3_090,FOODS,CA_1,No Festival,None,None,0,None,0
d_1010,96,2013-11-03,FOODS_3_090,FOODS,CA_1,Diwali,Hindu,High,1,High,3
d_1011,44,2013-11-04,FOODS_3_090,FOODS,CA_1,No Festival,None,None,0,None,0
d_1012,82,2013-11-05,FOODS_3_090,FOODS,CA_1,No Festival,None,None,0,None,0
d_1013,72,2013-11-06,FOODS_3_090,FOODS,CA_1,No Festival,None,None,0,None,0
d_1014,88,2013-11-07,FOODS_3_090,FOODS,CA_1,No Festival,None,None,0,None,0
d_1015,94,2013-11-08,FOODS_3_090,FOODS,CA_1,No Festival,None,None,0,None,0
d_1016,126,2013-11-09,FOODS_3_090,FOODS,CA_1,No Festival,None,None,0,None,0
d_1017,105,2013-11-10,FOODS_3_090,FOODS,CA_1,No Festival,None,None,0,None,0
d_1018,89,2013-11-11,FOODS_3_090,FOODS,CA_1,No Festival,None,None,0,None,0
d_1019,61,2013-11-12,FOODS_3_090,FOODS,CA_1,No Festival,None,None,0,None,0
d_1020,1,2013-11-13,FOODS_3_090,FOODS,CA_1,No Festival,None,None,0,None,0
d_1021,0,2013-11-14,FOODS_3_090,FOODS,CA_1,No Festival,None,None,0,None,0
d_1022,0,2013-11-15,FOODS_3_090,FOODS,CA_1,No Festival,None,None,0,None,0
d_1023,0,2013-11-16,FOODS_3_090,FOODS,CA_1,No Festival,None,None,0,None,0
d_1024,0,2013-11-17,FOODS_3_090,FOODS,CA_1,No Festival,None,None,0,None,0
d_1025,0,2013-11-18,FOODS_3_090,FOODS,CA_1,No Festival,None,None,0,None,0
d_1026,0,2013-11-19,FOODS_3_090,FOODS,CA_1,No Festival,None,None,0,None,0
d_1027,0,2013-11-20,FOODS_3_090,FOODS,CA_1,No Festival,None,None,0,None,0
d_1028,0,2013-11-21,FOODS_3_090,FOODS,CA_1,No Festival,None,None,0,None,0
d_1029,0,2013-11-22,FOODS_3_090,FOODS,CA_1,No Festival,None,None,0,None,0
d_1030,0,2013-11-23,FOODS_3_090,FOODS,CA_1,No Festival,None,None,0,None,0
d_1031,0,2013-11-24,FOODS_3_090,FOODS,CA_1,No Festival,None,None,0,None,0
d_1032,0,2013-11-25,FOODS_3_090,FOODS,CA_1,No Festival,None,None,0,None,0
d_1033,0,2013-11-26,FOODS_3_090,FOODS,CA_1,No Festival,None,None,0,None,0
d_1034,0,2013-11-27,FOODS_3_090,FOODS,CA_1,No Festival,None,None,0,None,0
d_1035,0,2013-11-28,FOODS_3_090,FOODS,CA_1,No Festival,None,None,0,None,0
d_1036,0,2013-11-29,FOODS_3_090,FOODS,CA_1,No Festival,None,None,0,None,0
d_1037,0,2013-11-30,FOODS_3_090,FOODS,CA_1,No Festival,None,None,0,None,0
d_1038,0,2013-12-01,FOODS_3_090,FOODS,CA_1,No Festival,None,None,0,None,0
d_1039,273,2013-12-02,FOODS_3_090,FOODS,CA_1,No Festival,None,None,0,None,0
d_1040,155,2013-12-03,FOODS_3_090,FOODS,CA_1,No Festival,None,None,0,None,0
d_1041,121,2013-12-04,FOODS_3_090,FOODS,CA_1,No Festival,None,None,0,None,0
d_1042,171,2013-12-05,FOODS_3_090,FOODS,CA_1,No Festival,None,None,0,None,0
d_1043,162,2013-12-06,FOODS_3_090,FOODS,CA_1,No Festival,None,None,0,None,0
d_1044,240,2013-12-07,FOODS_3_090,FOODS,CA_1,No Festival,None,None,0,None,0
d_1045,0,2013-12-08,FOODS_3_090,FOODS,CA_1,No Festival,None,None,0,None,0
d_1046,0,2013-12-09,FOODS_3_090,FOODS,CA_1,No Festival,None,None,0,None,0
d_1047,0,2013-12-10,FOODS_3_090,FOODS,CA_1,No Festival,None,None,0,None,0
d_1048,0,2013-12-11,FOODS_3_090,FOODS,CA_1,No Festival,None,None,0,None,0
d_1049,0,2013-12-12,FOODS_3_090,FOODS,CA_1,No Festival,None,None,0,None,0
d_1050,0,2013-12-13,FOODS_3_090,FOODS,CA_1,No Festival,None,None,0,None,0
d_1051,0,2013-12-14,FOODS_3_090,FOODS,CA_1,No Festival,None,None,0,None,0
d_1052,0,2013-12-15,FOODS_3_090,FOODS,CA_1,No Festival,None,None,0,None,0
d_1053,0,2013-12-16,FOODS_3_090,FOODS,CA_1,No Festival,None,None,0,None,0
d_1054,0,2013-12-17,FOODS_3_090,FOODS,CA_1,No Festival,None,None,0,None,0
d_1055,0,2013-12-18,FOODS_3_090,FOODS,CA_1,No Festival,None,None,0,None,0
d_1056,0,2013-12-19,FOODS_3_090,FOODS,CA_1,No Festival,None,None,0,None,0
d_1057,0,2013-12-20,FOODS_3_090,FOODS,CA_1,No Festival,None,None,0,None,0
d_1058,0,2013-12-21,FOODS_3_090,FOODS,CA_1,No Festival,None,None,0,None,0
d_1059,0,2013-12-22,FOODS_3_090,FOODS,CA_1,No Festival,None,None,0,None,0
d_1060,0,2013-12-23,FOODS_3_090,FOODS,CA_1,No Festival,None,None,0,None,0
d_1061,0,2013-12-24,FOODS_3_090,FOODS,CA_1,No Festival,None,None,0,None,0
d_1062,0,2013-12-25,FOODS_3_090,FOODS,CA_1,Christmas,Christian,High,1,High,3
d_1063,148,2013-12-26,FOODS_3_090,FOODS,CA_1,No Festival,None,None,0,None,0
d_1064,74,2013-12-27,FOODS_3_090,FOODS,CA_1,No Festival,None,None,0,None,0
d_1065,110,2013-12-28,FOODS_3_090,FOODS,CA_1,No Festival,None,None,0,None,0
d_1066,85,2013-12-29,FOODS_3_090,FOODS,CA_1,No Festival,None,None,0,None,0
d_1067,142,2013-12-30,FOODS_3_090,FOODS,CA_1,No Festival,None,None,0,None,0
d_1068,278,2013-12-31,FOODS_3_090,FOODS,CA_1,No Festival,None,None,0,None,0
d_1069,58,2014-01-01,FOODS_3_090,FOODS,CA_1,No Festival,None,None,0,None,0
d_1070,66,2014-01-02,FOODS_3_090,FOODS,CA_1,No Festival,None,None,0,None,0
d_1071,83,2014-01-03,FOODS_3_090,FOODS,CA_1,No Festival,None,None,0,None,0
d_1072,101,2014-01-04,FOODS_3_090,FOODS,CA_1,No Festival,None,None,0,None,0
d_1073,101,2014-01-05,FOODS_3_090,FOODS,CA_1,No Festival,None,None,0,None,0
d_1074,85,2014-01-06,FOODS_3_090,FOODS,CA_1,No Festival,None,None,0,None,0
d_1075,56,2014-01-07,FOODS_3_090,FOODS,CA_1,No Festival,None,None,0,None,0
d_1076,6,2014-01-08,FOODS_3_090,FOODS,CA_1,No Festival,None,None,0,None,0
d_1077,0,2014-01-09,FOODS_3_090,FOODS,CA_1,No Festival,None,None,0,None,0
d_1078,0,2014-01-10,FOODS_3_090,FOODS,CA_1,No Festival,None,None,0,None,0
d_1079,90,2014-01-11,FOODS_3_090,FOODS,CA_1,No Festival,None,None,0,None,0
d_1080,83,2014-01-12,FOODS_3_090,FOODS,CA_1,No Festival,None,None,0,None,0
d_1081,35,2014-01-13,FOODS_3_090,FOODS,CA_1,No Festival,None,None,0,None,0
d_1082,62,2014-01-14,FOODS_3_090,FOODS,CA_1,No Festival,None,None,0,None,0
d_1083,48,2014-01-15,FOODS_3_090,FOODS,CA_1,No Festival,None,None,0,None,0
d_1084,59,2014-01-16,FOODS_3_090,FOODS,CA_1,No Festival,None,None,0,None,0
d_1085,187,2014-01-17,FOODS_3_090,FOODS,CA_1,No Festival,None,None,0,None,0
d_1086,119,2014-01-18,FOODS_3_090,FOODS,CA_1,No Festival,None,None,0,None,0
d_1087,117,2014-01-19,FOODS_3_090,FOODS,CA_1,No Festival,None,None,0,None,0
d_1088,48,2014-01-20,FOODS_3_090,FOODS,CA_1,No Festival,None,None,0,None,0
d_1089,32,2014-01-21,FOODS_3_090,FOODS,CA_1,No Festival,None,None,0,None,0
d_1090,58,2014-01-22,FOODS_3_090,FOODS,CA_1,No Festival,None,None,0,None,0
d_1091,60,2014-01-23,FOODS_3_090,FOODS,CA_1,No Festival,None,None,0,None,0
d_1092,81,2014-01-24,FOODS_3_090,FOODS,CA_1,No Festival,None,None,0,None,0
d_1093,79,2014-01-25,FOODS_3_090,FOODS,CA_1,No Festival,None,None,0,None,0
d_1094,79,2014-01-26,FOODS_3_090,FOODS,CA_1,Republic Day,National,High,1,None,0
d_1095,34,2014-01-27,FOODS_3_090,FOODS,CA_1,No Festival,None,None,0,None,0
d_1096,52,2014-01-28,FOODS_3_090,FOODS,CA_1,No Festival,None,None,0,None,0
d_1097,45,2014-01-29,FOODS_3_090,FOODS,CA_1,No Festival,None,None,0,None,0
d_1098,48,2014-01-30,FOODS_3_090,FOODS,CA_1,No Festival,None,None,0,None,0
d_1099,80,2014-01-31,FOODS_3_090,FOODS,CA_1,No Festival,None,None,0,None,0
d_1100,151,2014-02-01,FOODS_3_090,FOODS,CA_1,No Festival,None,None,0,None,0
d_1101,127,2014-02-02,FOODS_3_090,FOODS,CA_1,No Festival,None,None,0,None,0
d_1102,99,2014-02-03,FOODS_3_090,FOODS,CA_1,No Festival,None,None,0,None,0
d_1103,43,2014-02-04,FOODS_3_090,FOODS,CA_1,No Festival,None,None,0,None,0
d_1104,62,2014-02-05,FOODS_3_090,FOODS,CA_1,No Festival,None,None,0,None,0
d_1105,53,2014-02-06,FOODS_3_090,FOODS,CA_1,No Festival,None,None,0,None,0
d_1106,2,2014-02-07,FOODS_3_090,FOODS,CA_1,No Festival,None,None,0,None,0
d_1107,0,2014-02-08,FOODS_3_090,FOODS,CA_1,No Festival,None,None,0,None,0
d_1108,0,2014-02-09,FOODS_3_090,FOODS,CA_1,No Festival,None,None,0,None,0
d_1109,0,2014-02-10,FOODS_3_090,FOODS,CA_1,No Festival,None,None,0,None,0
d_1110,0,2014-02-11,FOODS_3_090,FOODS,CA_1,No Festival,None,None,0,None,0
d_1111,0,2014-02-12,FOODS_3_090,FOODS,CA_1,No Festival,None,None,0,None,0
d_1112,0,2014-02-13,FOODS_3_090,FOODS,CA_1,No Festival,None,None,0,None,0
d_1113,0,2014-02-14,FOODS_3_090,FOODS,CA_1,No Festival,None,None,0,None,0
d_1114,0,2014-02-15,FOODS_3_090,FOODS,CA_1,No Festival,None,None,0,None,0
d_1115,0,2014-02-16,FOODS_3_090,FOODS,CA_1,No Festival,None,None,0,None,0
d_1116,0,2014-02-17,FOODS_3_090,FOODS,CA_1,No Festival,None,None,0,None,0
d_1117,0,2014-02-18,FOODS_3_090,FOODS,CA_1,No Festival,None,None,0,None,0
d_1118,0,2014-02-19,FOODS_3_090,FOODS,CA_1,No Festival,None,None,0,None,0
d_1119,0,2014-02-20,FOODS_3_090,FOODS,CA_1,No Festival,None,None,0,None,0
d_1120,0,2014-02-21,FOODS_3_090,FOODS,CA_1,No Festival,None,None,0,None,0
d_1121,0,2014-02-22,FOODS_3_090,FOODS,CA_1,No Festival,None,None,0,None,0
d_1122,0,2014-02-23,FOODS_3_090,FOODS,CA_1,No Festival,None,None,0,None,0
d_1123,0,2014-02-24,FOODS_3_090,FOODS,CA_1,No Festival,None,None,0,None,0
d_1124,0,2014-02-25,FOODS_3_090,FOODS,CA_1,No Festival,None,None,0,None,0
d_1125,0,2014-02-26,FOODS_3_090,FOODS,CA_1,No Festival,None,None,0,None,0
d_1126,0,2014-02-27,FOODS_3_090,FOODS,CA_1,No Festival,None,None,0,None,0
d_1127,0,2014-02-28,FOODS_3_090,FOODS,CA_1,No Festival,None,None,0,None,0
d_1128,0,2014-03-01,FOODS_3_090,FOODS,CA_1,No Festival,None,None,0,None,0
d_1129,0,2014-03-02,FOODS_3_090,FOODS,CA_1,No Festival,None,None,0,None,0
d_1130,0,2014-03-03,FOODS_3_090,FOODS,CA_1,No Festival,None,None,0,None,0
d_1131,0,2014-03-04,FOODS_3_090,FOODS,CA_1,No Festival,None,None,0,None,0
d_1132,0,2014-03-05,FOODS_3_090,FOODS,CA_1,No Festival,None,None,0,None,0
d_1133,0,2014-03-06,FOODS_3_090,FOODS,CA_1,No Festival,None,None,0,None,0
d_1134,0,2014-03-07,FOODS_3_090,FOODS,CA_1,No Festival,None,None,0,None,0
d_1135,0,2014-03-08,FOODS_3_090,FOODS,CA_1,No Festival,None,None,0,None,0
d_1136,129,2014-03-09,FOODS_3_090,FOODS,CA_1,No Festival,None,None,0,None,0
d_1137,65,2014-03-10,FOODS_3_090,FOODS,CA_1,No Festival,None,None,0,None,0
d_1138,52,2014-03-11,FOODS_3_090,FOODS,CA_1,No Festival,None,None,0,None,0
d_1139,70,2014-03-12,FOODS_3_090,FOODS,CA_1,No Festival,None,None,0,None,0
d_1140,51,2014-03-13,FOODS_3_090,FOODS,CA_1,No Festival,None,None,0,None,0
d_1141,63,2014-03-14,FOODS_3_090,FOODS,CA_1,No Festival,None,None,0,None,0
d_1142,85,2014-03-15,FOODS_3_090,FOODS,CA_1,No Festival,None,None,0,None,0
d_1143,69,2014-03-16,FOODS_3_090,FOODS,CA_1,No Festival,None,None,0,None,0
d_1144,64,2014-03-17,FOODS_3_090,FOODS,CA_1,Holi,Hindu,High,1,High,3
d_1145,30,2014-03-18,FOODS_3_090,FOODS,CA_1,No Festival,None,None,0,None,0
d_1146,67,2014-03-19,FOODS_3_090,FOODS,CA_1,No Festival,None,None,0,None,0
d_1147,49,2014-03-20,FOODS_3_090,FOODS,CA_1,No Festival,None,None,0,None,0
d_1148,82,2014-03-21,FOODS_3_090,FOODS,CA_1,No Festival,None,None,0,None,0
d_1149,79,2014-03-22,FOODS_3_090,FOODS,CA_1,No Festival,None,None,0,None,0
d_1150,63,2014-03-23,FOODS_3_090,FOODS,CA_1,No Festival,None,None,0,None,0
d_1151,68,2014-03-24,FOODS_3_090,FOODS,CA_1,No Festival,None,None,0,None,0
d_1152,44,2014-03-25,FOODS_3_090,FOODS,CA_1,No Festival,None,None,0,None,0
d_1153,26,2014-03-26,FOODS_3_090,FOODS,CA_1,No Festival,None,None,0,None,0
d_1154,42,2014-03-27,FOODS_3_090,FOODS,CA_1,No Festival,None,None,0,None,0
d_1155,43,2014-03-28,FOODS_3_090,FOODS,CA_1,No Festival,None,None,0,None,0
d_1156,72,2014-03-29,FOODS_3_090,FOODS,CA_1,No Festival,None,None,0,None,0
d_1157,79,2014-03-30,FOODS_3_090,FOODS,CA_1,No Festival,None,None,0,None,0
d_1158,43,2014-03-31,FOODS_3_090,FOODS,CA_1,Gudi Padwa,Hindu,High,1,None,0
d_1159,36,2014-04-01,FOODS_3_090,FOODS,CA_1,No Festival,None,None,0,None,0
d_1160,37,2014-04-02,FOODS_3_090,FOODS,CA_1,No Festival,None,None,0,None,0
d_1161,47,2014-04-03,FOODS_3_090,FOODS,CA_1,No Festival,None,None,0,None,0
d_1162,97,2014-04-04,FOODS_3_090,FOODS,CA_1,No Festival,None,None,0,None,0
d_1163,108,2014-04-05,FOODS_3_090,FOODS,CA_1,No Festival,None,None,0,None,0
d_1164,87,2014-04-06,FOODS_3_090,FOODS,CA_1,No Festival,None,None,0,None,0
d_1165,55,2014-04-07,FOODS_3_090,FOODS,CA_1,No Festival,None,None,0,None,0
d_1166,64,2014-04-08,FOODS_3_090,FOODS,CA_1,No Festival,None,None,0,None,0
d_1167,36,2014-04-09,FOODS_3_090,FOODS,CA_1,No Festival,None,None,0,None,0
d_1168,47,2014-04-10,FOODS_3_090,FOODS,CA_1,No Festival,None,None,0,None,0
d_1169,101,2014-04-11,FOODS_3_090,FOODS,CA_1,No Festival,None,None,0,None,0
d_1170,104,2014-04-12,FOODS_3_090,FOODS,CA_1,No Festival,None,None,0,None,0
d_1171,65,2014-04-13,FOODS_3_090,FOODS,CA_1,No Festival,None,None,0,None,0
d_1172,70,2014-04-14,FOODS_3_090,FOODS,CA_1,No Festival,None,None,0,None,0
d_1173,47,2014-04-15,FOODS_3_090,FOODS,CA_1,No Festival,None,None,0,None,0
d_1174,87,2014-04-16,FOODS_3_090,FOODS,CA_1,No Festival,None,None,0,None,0
d_1175,68,2014-04-17,FOODS_3_090,FOODS,CA_1,No Festival,None,None,0,None,0
d_1176,70,2014-04-18,FOODS_3_090,FOODS,CA_1,No Festival,None,None,0,None,0
d_1177,131,2014-04-19,FOODS_3_090,FOODS,CA_1,No Festival,None,None,0,None,0
d_1178,165,2014-04-20,FOODS_3_090,FOODS,CA_1,No Festival,None,None,0,None,0
d_1179,30,2014-04-21,FOODS_3_090,FOODS,CA_1,No Festival,None,None,0,None,0
d_1180,72,2014-04-22,FOODS_3_090,FOODS,CA_1,No Festival,None,None,0,None,0
d_1181,24,2014-04-23,FOODS_3_090,FOODS,CA_1,No Festival,None,None,0,None,0
d_1182,59,2014-04-24,FOODS_3_090,FOODS,CA_1,No Festival,None,None,0,None,0
d_1183,130,2014-04-25,FOODS_3_090,FOODS,CA_1,No Festival,None,None,0,None,0
d_1184,93,2014-04-26,FOODS_3_090,FOODS,CA_1,No Festival,None,None,0,None,0
d_1185,85,2014-04-27,FOODS_3_090,FOODS,CA_1,No Festival,None,None,0,None,0
d_1186,49,2014-04-28,FOODS_3_090,FOODS,CA_1,No Festival,None,None,0,None,0
d_1187,65,2014-04-29,FOODS_3_090,FOODS,CA_1,No Festival,None,None,0,None,0
d_1188,59,2014-04-30,FOODS_3_090,FOODS,CA_1,No Festival,None,None,0,None,0
d_1189,64,2014-05-01,FOODS_3_090,FOODS,CA_1,No Festival,None,None,0,None,0
d_1190,99,2014-05-02,FOODS_3_090,FOODS,CA_1,No Festival,None,None,0,None,0
d_1191,88,2014-05-03,FOODS_3_090,FOODS,CA_1,No Festival,None,None,0,None,0
d_1192,99,2014-05-04,FOODS_3_090,FOODS,CA_1,No Festival,None,None,0,None,0
d_1193,60,2014-05-05,FOODS_3_090,FOODS,CA_1,No Festival,None,None,0,None,0
d_1194,49,2014-05-06,FOODS_3_090,FOODS,CA_1,No Festival,None,None,0,None,0
d_1195,33,2014-05-07,FOODS_3_090,FOODS,CA_1,No Festival,None,None,0,None,0
d_1196,71,2014-05-08,FOODS_3_090,FOODS,CA_1,No Festival,None,None,0,None,0
d_1197,77,2014-05-09,FOODS_3_090,FOODS,CA_1,No Festival,None,None,0,None,0
d_1198,78,2014-05-10,FOODS_3_090,FOODS,CA_1,No Festival,None,None,0,None,0
d_1199,118,2014-05-11,FOODS_3_090,FOODS,CA_1,No Festival,None,None,0,None,0
d_1200,54,2014-05-12,FOODS_3_090,FOODS,CA_1,No Festival,None,None,0,None,0
d_1201,0,2014-05-13,FOODS_3_090,FOODS,CA_1,No Festival,None,None,0,None,0
d_1202,0,2014-05-14,FOODS_3_090,FOODS,CA_1,No Festival,None,None,0,None,0
d_1203,0,2014-05-15,FOODS_3_090,FOODS,CA_1,No Festival,None,None,0,None,0
d_1204,0,2014-05-16,FOODS_3_090,FOODS,CA_1,No Festival,None,None,0,None,0
d_1205,0,2014-05-17,FOODS_3_090,FOODS,CA_1,No Festival,None,None,0,None,0
d_1206,0,2014-05-18,FOODS_3_090,FOODS,CA_1,No Festival,None,None,0,None,0
d_1207,0,2014-05-19,FOODS_3_090,FOODS,CA_1,No Festival,None,None,0,None,0
d_1208,0,2014-05-20,FOODS_3_090,FOODS,CA_1,No Festival,None,None,0,None,0
d_1209,0,2014-05-21,FOODS_3_090,FOODS,CA_1,No Festival,None,None,0,None,0
d_1210,0,2014-05-22,FOODS_3_090,FOODS,CA_1,No Festival,None,None,0,None,0
d_1211,0,2014-05-23,FOODS_3_090,FOODS,CA_1,No Festival,None,None,0,None,0
d_1212,0,2014-05-24,FOODS_3_090,FOODS,CA_1,No Festival,None,None,0,None,0
d_1213,0,2014-05-25,FOODS_3_090,FOODS,CA_1,No Festival,None,None,0,None,0
d_1214,0,2014-05-26,FOODS_3_090,FOODS,CA_1,No Festival,None,None,0,None,0
d_1215,0,2014-05-27,FOODS_3_090,FOODS,CA_1,No Festival,None,None,0,None,0
d_1216,0,2014-05-28,FOODS_3_090,FOODS,CA_1,No Festival,None,None,0,None,0
d_1217,0,2014-05-29,FOODS_3_090,FOODS,CA_1,No Festival,None,None,0,None,0
d_1218,0,2014-05-30,FOODS_3_090,FOODS,CA_1,No Festival,None,None,0,None,0
d_1219,0,2014-05-31,FOODS_3_090,FOODS,CA_1,No Festival,None,None,0,None,0
d_1220,0,2014-06-01,FOODS_3_090,FOODS,CA_1,No Festival,None,None,0,None,0
d_1221,0,2014-06-02,FOODS_3_090,FOODS,CA_1,No Festival,None,None,0,None,0
d_1222,0,2014-06-03,FOODS_3_090,FOODS,CA_1,No Festival,None,None,0,None,0
d_1223,0,2014-06-04,FOODS_3_090,FOODS,CA_1,No Festival,None,None,0,None,0
d_1224,0,2014-06-05,FOODS_3_090,FOODS,CA_1,No Festival,None,None,0,None,0
d_1225,0,2014-06-06,FOODS_3_090,FOODS,CA_1,No Festival,None,None,0,None,0
d_1226,0,2014-06-07,FOODS_3_090,FOODS,CA_1,No Festival,None,None,0,None,0
d_1227,0,2014-06-08,FOODS_3_090,FOODS,CA_1,No Festival,None,None,0,None,0
d_1228,0,2014-06-09,FOODS_3_090,FOODS,CA_1,No Festival,None,None,0,None,0
d_1229,0,2014-06-10,FOODS_3_090,FOODS,CA_1,No Festival,None,None,0,None,0
d_1230,60,2014-06-11,FOODS_3_090,FOODS,CA_1,No Festival,None,None,0,None,0
d_1231,81,2014-06-12,FOODS_3_090,FOODS,CA_1,No Festival,None,None,0,None,0
d_1232,100,2014-06-13,FOODS_3_090,FOODS,CA_1,No Festival,None,None,0,None,0
d_1233,94,2014-06-14,FOODS_3_090,FOODS,CA_1,No Festival,None,None,0,None,0
d_1234,114,2014-06-15,FOODS_3_090,FOODS,CA_1,No Festival,None,None,0,None,0
d_1235,49,2014-06-16,FOODS_3_090,FOODS,CA_1,No Festival,None,None,0,None,0
d_1236,20,2014-06-17,FOODS_3_090,FOODS,CA_1,No Festival,None,None,0,None,0
d_1237,59,2014-06-18,FOODS_3_090,FOODS,CA_1,No Festival,None,None,0,None,0
d_1238,62,2014-06-19,FOODS_3_090,FOODS,CA_1,No Festival,None,None,0,None,0
d_1239,139,2014-06-20,FOODS_3_090,FOODS,CA_1,No Festival,None,None,0,None,0
d_1240,101,2014-06-21,FOODS_3_090,FOODS,CA_1,No Festival,None,None,0,None,0
d_1241,115,2014-06-22,FOODS_3_090,FOODS,CA_1,No Festival,None,None,0,None,0
d_1242,34,2014-06-23,FOODS_3_090,FOODS,CA_1,No Festival,None,None,0,None,0
d_1243,71,2014-06-24,FOODS_3_090,FOODS,CA_1,No Festival,None,None,0,None,0
d_1244,96,2014-06-25,FOODS_3_090,FOODS,CA_1,No Festival,None,None,0,None,0
d_1245,74,2014-06-26,FOODS_3_090,FOODS,CA_1,No Festival,None,None,0,None,0
d_1246,96,2014-06-27,FOODS_3_090,FOODS,CA_1,No Festival,None,None,0,None,0
d_1247,86,2014-06-28,FOODS_3_090,FOODS,CA_1,No Festival,None,None,0,None,0
d_1248,124,2014-06-29,FOODS_3_090,FOODS,CA_1,No Festival,None,None,0,None,0
d_1249,55,2014-06-30,FOODS_3_090,FOODS,CA_1,No Festival,None,None,0,None,0
d_1250,41,2014-07-01,FOODS_3_090,FOODS,CA_1,No Festival,None,None,0,None,0
d_1251,76,2014-07-02,FOODS_3_090,FOODS,CA_1,No Festival,None,None,0,None,0
d_1252,112,2014-07-03,FOODS_3_090,FOODS,CA_1,No Festival,None,None,0,None,0
d_1253,153,2014-07-04,FOODS_3_090,FOODS,CA_1,No Festival,None,None,0,None,0
d_1254,74,2014-07-05,FOODS_3_090,FOODS,CA_1,No Festival,None,None,0,None,0
d_1255,96,2014-07-06,FOODS_3_090,FOODS,CA_1,No Festival,None,None,0,None,0
d_1256,108,2014-07-07,FOODS_3_090,FOODS,CA_1,No Festival,None,None,0,None,0
d_1257,42,2014-07-08,FOODS_3_090,FOODS,CA_1,No Festival,None,None,0,None,0
d_1258,65,2014-07-09,FOODS_3_090,FOODS,CA_1,No Festival,None,None,0,None,0
d_1259,64,2014-07-10,FOODS_3_090,FOODS,CA_1,No Festival,None,None,0,None,0
d_1260,109,2014-07-11,FOODS_3_090,FOODS,CA_1,No Festival,None,None,0,None,0
d_1261,101,2014-07-12,FOODS_3_090,FOODS,CA_1,No Festival,None,None,0,None,0
d_1262,96,2014-07-13,FOODS_3_090,FOODS,CA_1,No Festival,None,None,0,None,0
d_1263,73,2014-07-14,FOODS_3_090,FOODS,CA_1,No Festival,None,None,0,None,0
d_1264,92,2014-07-15,FOODS_3_090,FOODS,CA_1,No Festival,None,None,0,None,0
d_1265,61,2014-07-16,FOODS_3_090,FOODS,CA_1,No Festival,None,None,0,None,0
d_1266,84,2014-07-17,FOODS_3_090,FOODS,CA_1,No Festival,None,None,0,None,0
d_1267,137,2014-07-18,FOODS_3_090,FOODS,CA_1,No Festival,None,None,0,None,0
d_1268,89,2014-07-19,FOODS_3_090,FOODS,CA_1,No Festival,None,None,0,None,0
d_1269,95,2014-07-20,FOODS_3_090,FOODS,CA_1,No Festival,None,None,0,None,0
d_1270,31,2014-07-21,FOODS_3_090,FOODS,CA_1,No Festival,None,None,0,None,0
d_1271,40,2014-07-22,FOODS_3_090,FOODS,CA_1,No Festival,None,None,0,None,0
d_1272,57,2014-07-23,FOODS_3_090,FOODS,CA_1,No Festival,None,None,0,None,0
d_1273,63,2014-07-24,FOODS_3_090,FOODS,CA_1,No Festival,None,None,0,None,0
d_1274,110,2014-07-25,FOODS_3_090,FOODS,CA_1,No Festival,None,None,0,None,0
d_1275,57,2014-07-26,FOODS_3_090,FOODS,CA_1,No Festival,None,None,0,None,0
d_1276,97,2014-07-27,FOODS_3_090,FOODS,CA_1,No Festival,None,None,0,None,0
d_1277,37,2014-07-28,FOODS_3_090,FOODS,CA_1,No Festival,None,None,0,None,0
d_1278,71,2014-07-29,FOODS_3_090,FOODS,CA_1,No Festival,None,None,0,None,0
d_1279,42,2014-07-30,FOODS_3_090,FOODS,CA_1,No Festival,None,None,0,None,0
d_1280,45,2014-07-31,FOODS_3_090,FOODS,CA_1,No Festival,None,None,0,None,0
d_1281,70,2014-08-01,FOODS_3_090,FOODS,CA_1,No Festival,None,None,0,None,0
d_1282,82,2014-08-02,FOODS_3_090,FOODS,CA_1,No Festival,None,None,0,None,0
d_1283,100,2014-08-03,FOODS_3_090,FOODS,CA_1,No Festival,None,None,0,None,0
d_1284,65,2014-08-04,FOODS_3_090,FOODS,CA_1,No Festival,None,None,0,None,0
d_1285,51,2014-08-05,FOODS_3_090,FOODS,CA_1,No Festival,None,None,0,None,0
d_1286,52,2014-08-06,FOODS_3_090,FOODS,CA_1,No Festival,None,None,0,None,0
d_1287,67,2014-08-07,FOODS_3_090,FOODS,CA_1,No Festival,None,None,0,None,0
d_1288,83,2014-08-08,FOODS_3_090,FOODS,CA_1,No Festival,None,None,0,None,0
d_1289,104,2014-08-09,FOODS_3_090,FOODS,CA_1,No Festival,None,None,0,None,0
d_1290,77,2014-08-10,FOODS_3_090,FOODS,CA_1,No Festival,None,None,0,None,0
d_1291,25,2014-08-11,FOODS_3_090,FOODS,CA_1,No Festival,None,None,0,None,0
d_1292,37,2014-08-12,FOODS_3_090,FOODS,CA_1,No Festival,None,None,0,None,0
d_1293,61,2014-08-13,FOODS_3_090,FOODS,CA_1,No Festival,None,None,0,None,0
d_1294,47,2014-08-14,FOODS_3_090,FOODS,CA_1,No Festival,None,None,0,None,0
d_1295,117,2014-08-15,FOODS_3_090,FOODS,CA_1,No Festival,None,None,0,None,0
d_1296,75,2014-08-16,FOODS_3_090,FOODS,CA_1,No Festival,None,None,0,None,0
d_1297,77,2014-08-17,FOODS_3_090,FOODS,CA_1,No Festival,None,None,0,None,0
d_1298,66,2014-08-18,FOODS_3_090,FOODS,CA_1,No Festival,None,None,0,None,0
d_1299,74,2014-08-19,FOODS_3_090,FOODS,CA_1,No Festival,None,None,0,None,0
d_1300,50,2014-08-20,FOODS_3_090,FOODS,CA_1,No Festival,None,None,0,None,0
d_1301,74,2014-08-21,FOODS_3_090,FOODS,CA_1,No Festival,None,None,0,None,0
d_1302,79,2014-08-22,FOODS_3_090,FOODS,CA_1,No Festival,None,None,0,None,0
d_1303,93,2014-08-23,FOODS_3_090,FOODS,CA_1,No Festival,None,None,0,None,0
d_1304,112,2014-08-24,FOODS_3_090,FOODS,CA_1,No Festival,None,None,0,None,0
d_1305,70,2014-08-25,FOODS_3_090,FOODS,CA_1,No Festival,None,None,0,None,0
d_1306,46,2014-08-26,FOODS_3_090,FOODS,CA_1,No Festival,None,None,0,None,0
d_1307,47,2014-08-27,FOODS_3_090,FOODS,CA_1,No Festival,None,None,0,None,0
d_1308,59,2014-08-28,FOODS_3_090,FOODS,CA_1,No Festival,None,None,0,None,0
d_1309,134,2014-08-29,FOODS_3_090,FOODS,CA_1,Ganesh Chaturthi,Hindu,High,1,High,3
d_1310,98,2014-08-30,FOODS_3_090,FOODS,CA_1,No Festival,None,None,0,None,0
d_1311,91,2014-08-31,FOODS_3_090,FOODS,CA_1,No Festival,None,None,0,None,0
d_1312,84,2014-09-01,FOODS_3_090,FOODS,CA_1,No Festival,None,None,0,None,0
d_1313,50,2014-09-02,FOODS_3_090,FOODS,CA_1,No Festival,None,None,0,None,0
d_1314,52,2014-09-03,FOODS_3_090,FOODS,CA_1,No Festival,None,None,0,None,0
d_1315,51,2014-09-04,FOODS_3_090,FOODS,CA_1,No Festival,None,None,0,None,0
d_1316,83,2014-09-05,FOODS_3_090,FOODS,CA_1,No Festival,None,None,0,None,0
d_1317,99,2014-09-06,FOODS_3_090,FOODS,CA_1,No Festival,None,None,0,None,0
d_1318,88,2014-09-07,FOODS_3_090,FOODS,CA_1,No Festival,None,None,0,None,0
d_1319,102,2014-09-08,FOODS_3_090,FOODS,CA_1,No Festival,None,None,0,None,0
d_1320,49,2014-09-09,FOODS_3_090,FOODS,CA_1,No Festival,None,None,0,None,0
d_1321,52,2014-09-10,FOODS_3_090,FOODS,CA_1,No Festival,None,None,0,None,0
d_1322,111,2014-09-11,FOODS_3_090,FOODS,CA_1,No Festival,None,None,0,None,0
d_1323,92,2014-09-12,FOODS_3_090,FOODS,CA_1,No Festival,None,None,0,None,0
d_1324,112,2014-09-13,FOODS_3_090,FOODS,CA_1,No Festival,None,None,0,None,0
d_1325,95,2014-09-14,FOODS_3_090,FOODS,CA_1,No Festival,None,None,0,None,0
d_1326,52,2014-09-15,FOODS_3_090,FOODS,CA_1,No Festival,None,None,0,None,0
d_1327,114,2014-09-16,FOODS_3_090,FOODS,CA_1,No Festival,None,None,0,None,0
d_1328,80,2014-09-17,FOODS_3_090,FOODS,CA_1,No Festival,None,None,0,None,0
d_1329,55,2014-09-18,FOODS_3_090,FOODS,CA_1,No Festival,None,None,0,None,0
d_1330,86,2014-09-19,FOODS_3_090,FOODS,CA_1,No Festival,None,None,0,None,0
d_1331,138,2014-09-20,FOODS_3_090,FOODS,CA_1,No Festival,None,None,0,None,0
d_1332,108,2014-09-21,FOODS_3_090,FOODS,CA_1,No Festival,None,None,0,None,0
d_1333,92,2014-09-22,FOODS_3_090,FOODS,CA_1,No Festival,None,None,0,None,0
d_1334,79,2014-09-23,FOODS_3_090,FOODS,CA_1,No Festival,None,None,0,None,0
d_1335,87,2014-09-24,FOODS_3_090,FOODS,CA_1,No Festival,None,None,0,None,0
d_1336,71,2014-09-25,FOODS_3_090,FOODS,CA_1,No Festival,None,None,0,None,0
d_1337,123,2014-09-26,FOODS_3_090,FOODS,CA_1,No Festival,None,None,0,None,0
d_1338,114,2014-09-27,FOODS_3_090,FOODS,CA_1,No Festival,None,None,0,None,0
d_1339,97,2014-09-28,FOODS_3_090,FOODS,CA_1,No Festival,None,None,0,None,0
d_1340,62,2014-09-29,FOODS_3_090,FOODS,CA_1,No Festival,None,None,0,None,0
d_1341,93,2014-09-30,FOODS_3_090,FOODS,CA_1,No Festival,None,None,0,None,0
d_1342,57,2014-10-01,FOODS_3_090,FOODS,CA_1,No Festival,None,None,0,None,0
d_1343,64,2014-10-02,FOODS_3_090,FOODS,CA_1,No Festival,None,None,0,None,0
d_1344,115,2014-10-03,FOODS_3_090,FOODS,CA_1,Dussehra,Hindu,High,1,High,3
d_1345,126,2014-10-04,FOODS_3_090,FOODS,CA_1,No Festival,None,None,0,None,0
d_1346,115,2014-10-05,FOODS_3_090,FOODS,CA_1,No Festival,None,None,0,None,0
d_1347,171,2014-10-06,FOODS_3_090,FOODS,CA_1,No Festival,None,None,0,None,0
d_1348,62,2014-10-07,FOODS_3_090,FOODS,CA_1,No Festival,None,None,0,None,0
d_1349,56,2014-10-08,FOODS_3_090,FOODS,CA_1,No Festival,None,None,0,None,0
d_1350,116,2014-10-09,FOODS_3_090,FOODS,CA_1,No Festival,None,None,0,None,0
d_1351,119,2014-10-10,FOODS_3_090,FOODS,CA_1,No Festival,None,None,0,None,0
d_1352,179,2014-10-11,FOODS_3_090,FOODS,CA_1,No Festival,None,None,0,None,0
d_1353,118,2014-10-12,FOODS_3_090,FOODS,CA_1,No Festival,None,None,0,None,0
d_1354,88,2014-10-13,FOODS_3_090,FOODS,CA_1,No Festival,None,None,0,None,0
d_1355,69,2014-10-14,FOODS_3_090,FOODS,CA_1,No Festival,None,None,0,None,0
d_1356,65,2014-10-15,FOODS_3_090,FOODS,CA_1,No Festival,None,None,0,None,0
d_1357,41,2014-10-16,FOODS_3_090,FOODS,CA_1,No Festival,None,None,0,None,0
d_1358,0,2014-10-17,FOODS_3_090,FOODS,CA_1,No Festival,None,None,0,None,0
d_1359,126,2014-10-18,FOODS_3_090,FOODS,CA_1,No Festival,None,None,0,None,0
d_1360,134,2014-10-19,FOODS_3_090,FOODS,CA_1,No Festival,None,None,0,None,0
d_1361,72,2014-10-20,FOODS_3_090,FOODS,CA_1,No Festival,None,None,0,None,0
d_1362,66,2014-10-21,FOODS_3_090,FOODS,CA_1,No Festival,None,None,0,None,0
d_1363,85,2014-10-22,FOODS_3_090,FOODS,CA_1,No Festival,None,None,0,None,0
d_1364,57,2014-10-23,FOODS_3_090,FOODS,CA_1,Diwali,Hindu,High,1,High,3
d_1365,114,2014-10-24,FOODS_3_090,FOODS,CA_1,No Festival,None,None,0,None,0
d_1366,122,2014-10-25,FOODS_3_090,FOODS,CA_1,No Festival,None,None,0,None,0
d_1367,129,2014-10-26,FOODS_3_090,FOODS,CA_1,No Festival,None,None,0,None,0
d_1368,106,2014-10-27,FOODS_3_090,FOODS,CA_1,No Festival,None,None,0,None,0
d_1369,72,2014-10-28,FOODS_3_090,FOODS,CA_1,No Festival,None,None,0,None,0
d_1370,61,2014-10-29,FOODS_3_090,FOODS,CA_1,No Festival,None,None,0,None,0
d_1371,70,2014-10-30,FOODS_3_090,FOODS,CA_1,No Festival,None,None,0,None,0
d_1372,122,2014-10-31,FOODS_3_090,FOODS,CA_1,No Festival,None,None,0,None,0
d_1373,127,2014-11-01,FOODS_3_090,FOODS,CA_1,No Festival,None,None,0,None,0
d_1374,109,2014-11-02,FOODS_3_090,FOODS,CA_1,No Festival,None,None,0,None,0
d_1375,92,2014-11-03,FOODS_3_090,FOODS,CA_1,No Festival,None,None,0,None,0
d_1376,85,2014-11-04,FOODS_3_090,FOODS,CA_1,No Festival,None,None,0,None,0
d_1377,45,2014-11-05,FOODS_3_090,FOODS,CA_1,No Festival,None,None,0,None,0
d_1378,72,2014-11-06,FOODS_3_090,FOODS,CA_1,No Festival,None,None,0,None,0
d_1379,56,2014-11-07,FOODS_3_090,FOODS,CA_1,No Festival,None,None,0,None,0
d_1380,103,2014-11-08,FOODS_3_090,FOODS,CA_1,No Festival,None,None,0,None,0
d_1381,89,2014-11-09,FOODS_3_090,FOODS,CA_1,No Festival,None,None,0,None,0
d_1382,57,2014-11-10,FOODS_3_090,FOODS,CA_1,No Festival,None,None,0,None,0
d_1383,74,2014-11-11,FOODS_3_090,FOODS,CA_1,No Festival,None,None,0,None,0
d_1384,46,2014-11-12,FOODS_3_090,FOODS,CA_1,No Festival,None,None,0,None,0
d_1385,46,2014-11-13,FOODS_3_090,FOODS,CA_1,No Festival,None,None,0,None,0
d_1386,93,2014-11-14,FOODS_3_090,FOODS,CA_1,No Festival,None,None,0,None,0
d_1387,85,2014-11-15,FOODS_3_090,FOODS,CA_1,No Festival,None,None,0,None,0
d_1388,69,2014-11-16,FOODS_3_090,FOODS,CA_1,No Festival,None,None,0,None,0
d_1389,53,2014-11-17,FOODS_3_090,FOODS,CA_1,No Festival,None,None,0,None,0
d_1390,57,2014-11-18,FOODS_3_090,FOODS,CA_1,No Festival,None,None,0,None,0
d_1391,47,2014-11-19,FOODS_3_090,FOODS,CA_1,No Festival,None,None,0,None,0
d_1392,70,2014-11-20,FOODS_3_090,FOODS,CA_1,No Festival,None,None,0,None,0
d_1393,79,2014-11-21,FOODS_3_090,FOODS,CA_1,No Festival,None,None,0,None,0
d_1394,94,2014-11-22,FOODS_3_090,FOODS,CA_1,No Festival,None,None,0,None,0
d_1395,79,2014-11-23,FOODS_3_090,FOODS,CA_1,No Festival,None,None,0,None,0
d_1396,64,2014-11-24,FOODS_3_090,FOODS,CA_1,No Festival,None,None,0,None,0
d_1397,89,2014-11-25,FOODS_3_090,FOODS,CA_1,No Festival,None,None,0,None,0
d_1398,187,2014-11-26,FOODS_3_090,FOODS,CA_1,No Festival,None,None,0,None,0
d_1399,100,2014-11-27,FOODS_3_090,FOODS,CA_1,No Festival,None,None,0,None,0
d_1400,65,2014-11-28,FOODS_3_090,FOODS,CA_1,No Festival,None,None,0,None,0
d_1401,114,2014-11-29,FOODS_3_090,FOODS,CA_1,No Festival,None,None,0,None,0
d_1402,198,2014-11-30,FOODS_3_090,FOODS,CA_1,No Festival,None,None,0,None,0
d_1403,0,2014-12-01,FOODS_3_090,FOODS,CA_1,No Festival,None,None,0,None,0
d_1404,0,2014-12-02,FOODS_3_090,FOODS,CA_1,No Festival,None,None,0,None,0
d_1405,0,2014-12-03,FOODS_3_090,FOODS,CA_1,No Festival,None,None,0,None,0
d_1406,0,2014-12-04,FOODS_3_090,FOODS,CA_1,No Festival,None,None,0,None,0
d_1407,0,2014-12-05,FOODS_3_090,FOODS,CA_1,No Festival,None,None,0,None,0
d_1408,0,2014-12-06,FOODS_3_090,FOODS,CA_1,No Festival,None,None,0,None,0
d_1409,0,2014-12-07,FOODS_3_090,FOODS,CA_1,No Festival,None,None,0,None,0
d_1410,0,2014-12-08,FOODS_3_090,FOODS,CA_1,No Festival,None,None,0,None,0
d_1411,0,2014-12-09,FOODS_3_090,FOODS,CA_1,No Festival,None,None,0,None,0
d_1412,0,2014-12-10,FOODS_3_090,FOODS,CA_1,No Festival,None,None,0,None,0
d_1413,0,2014-12-11,FOODS_3_090,FOODS,CA_1,No Festival,None,None,0,None,0
d_1414,0,2014-12-12,FOODS_3_090,FOODS,CA_1,No Festival,None,None,0,None,0
d_1415,0,2014-12-13,FOODS_3_090,FOODS,CA_1,No Festival,None,None,0,None,0
d_1416,0,2014-12-14,FOODS_3_090,FOODS,CA_1,No Festival,None,None,0,None,0
d_1417,0,2014-12-15,FOODS_3_090,FOODS,CA_1,No Festival,None,None,0,None,0
d_1418,0,2014-12-16,FOODS_3_090,FOODS,CA_1,No Festival,None,None,0,None,0
d_1419,0,2014-12-17,FOODS_3_090,FOODS,CA_1,No Festival,None,None,0,None,0
d_1420,0,2014-12-18,FOODS_3_090,FOODS,CA_1,No Festival,None,None,0,None,0
d_1421,0,2014-12-19,FOODS_3_090,FOODS,CA_1,No Festival,None,None,0,None,0
d_1422,0,2014-12-20,FOODS_3_090,FOODS,CA_1,No Festival,None,None,0,None,0
d_1423,0,2014-12-21,FOODS_3_090,FOODS,CA_1,No Festival,None,None,0,None,0
d_1424,0,2014-12-22,FOODS_3_090,FOODS,CA_1,No Festival,None,None,0,None,0
d_1425,0,2014-12-23,FOODS_3_090,FOODS,CA_1,No Festival,None,None,0,None,0
d_1426,0,2014-12-24,FOODS_3_090,FOODS,CA_1,No Festival,None,None,0,None,0
d_1427,0,2014-12-25,FOODS_3_090,FOODS,CA_1,Christmas,Christian,High,1,High,3
d_1428,0,2014-12-26,FOODS_3_090,FOODS,CA_1,No Festival,None,None,0,None,0
d_1429,0,2014-12-27,FOODS_3_090,FOODS,CA_1,No Festival,None,None,0,None,0
d_1430,0,2014-12-28,FOODS_3_090,FOODS,CA_1,No Festival,None,None,0,None,0
d_1431,0,2014-12-29,FOODS_3_090,FOODS,CA_1,No Festival,None,None,0,None,0
d_1432,0,2014-12-30,FOODS_3_090,FOODS,CA_1,No Festival,None,None,0,None,0
d_1433,0,2014-12-31,FOODS_3_090,FOODS,CA_1,No Festival,None,None,0,None,0
d_1434,0,2015-01-01,FOODS_3_090,FOODS,CA_1,No Festival,None,None,0,None,0
d_1435,0,2015-01-02,FOODS_3_090,FOODS,CA_1,No Festival,None,None,0,None,0
d_1436,0,2015-01-03,FOODS_3_090,FOODS,CA_1,No Festival,None,None,0,None,0
d_1437,114,2015-01-04,FOODS_3_090,FOODS,CA_1,No Festival,None,None,0,None,0
d_1438,53,2015-01-05,FOODS_3_090,FOODS,CA_1,No Festival,None,None,0,None,0
d_1439,63,2015-01-06,FOODS_3_090,FOODS,CA_1,No Festival,None,None,0,None,0
d_1440,55,2015-01-07,FOODS_3_090,FOODS,CA_1,No Festival,None,None,0,None,0
d_1441,53,2015-01-08,FOODS_3_090,FOODS,CA_1,No Festival,None,None,0,None,0
d_1442,77,2015-01-09,FOODS_3_090,FOODS,CA_1,No Festival,None,None,0,None,0
d_1443,134,2015-01-10,FOODS_3_090,FOODS,CA_1,No Festival,None,None,0,None,0
d_1444,70,2015-01-11,FOODS_3_090,FOODS,CA_1,No Festival,None,None,0,None,0
d_1445,51,2015-01-12,FOODS_3_090,FOODS,CA_1,No Festival,None,None,0,None,0
d_1446,39,2015-01-13,FOODS_3_090,FOODS,CA_1,No Festival,None,None,0,None,0
d_1447,60,2015-01-14,FOODS_3_090,FOODS,CA_1,No Festival,None,None,0,None,0
d_1448,77,2015-01-15,FOODS_3_090,FOODS,CA_1,No Festival,None,None,0,None,0
d_1449,73,2015-01-16,FOODS_3_090,FOODS,CA_1,No Festival,None,None,0,None,0
d_1450,104,2015-01-17,FOODS_3_090,FOODS,CA_1,No Festival,None,None,0,None,0
d_1451,107,2015-01-18,FOODS_3_090,FOODS,CA_1,No Festival,None,None,0,None,0
d_1452,68,2015-01-19,FOODS_3_090,FOODS,CA_1,No Festival,None,None,0,None,0
d_1453,68,2015-01-20,FOODS_3_090,FOODS,CA_1,No Festival,None,None,0,None,0
d_1454,44,2015-01-21,FOODS_3_090,FOODS,CA_1,No Festival,None,None,0,None,0
d_1455,45,2015-01-22,FOODS_3_090,FOODS,CA_1,No Festival,None,None,0,None,0
d_1456,90,2015-01-23,FOODS_3_090,FOODS,CA_1,No Festival,None,None,0,None,0
d_1457,132,2015-01-24,FOODS_3_090,FOODS,CA_1,No Festival,None,None,0,None,0
d_1458,103,2015-01-25,FOODS_3_090,FOODS,CA_1,No Festival,None,None,0,None,0
d_1459,79,2015-01-26,FOODS_3_090,FOODS,CA_1,Republic Day,National,High,1,None,0
d_1460,58,2015-01-27,FOODS_3_090,FOODS,CA_1,No Festival,None,None,0,None,0
d_1461,57,2015-01-28,FOODS_3_090,FOODS,CA_1,No Festival,None,None,0,None,0
d_1462,81,2015-01-29,FOODS_3_090,FOODS,CA_1,No Festival,None,None,0,None,0
d_1463,90,2015-01-30,FOODS_3_090,FOODS,CA_1,No Festival,None,None,0,None,0
d_1464,186,2015-01-31,FOODS_3_090,FOODS,CA_1,No Festival,None,None,0,None,0
d_1465,143,2015-02-01,FOODS_3_090,FOODS,CA_1,No Festival,None,None,0,None,0
d_1466,65,2015-02-02,FOODS_3_090,FOODS,CA_1,No Festival,None,None,0,None,0
d_1467,44,2015-02-03,FOODS_3_090,FOODS,CA_1,No Festival,None,None,0,None,0
d_1468,65,2015-02-04,FOODS_3_090,FOODS,CA_1,No Festival,None,None,0,None,0
d_1469,62,2015-02-05,FOODS_3_090,FOODS,CA_1,No Festival,None,None,0,None,0
d_1470,105,2015-02-06,FOODS_3_090,FOODS,CA_1,No Festival,None,None,0,None,0
d_1471,132,2015-02-07,FOODS_3_090,FOODS,CA_1,No Festival,None,None,0,None,0
d_1472,100,2015-02-08,FOODS_3_090,FOODS,CA_1,No Festival,None,None,0,None,0
d_1473,82,2015-02-09,FOODS_3_090,FOODS,CA_1,No Festival,None,None,0,None,0
d_1474,76,2015-02-10,FOODS_3_090,FOODS,CA_1,No Festival,None,None,0,None,0
d_1475,164,2015-02-11,FOODS_3_090,FOODS,CA_1,No Festival,None,None,0,None,0
d_1476,0,2015-02-12,FOODS_3_090,FOODS,CA_1,No Festival,None,None,0,None,0
d_1477,0,2015-02-13,FOODS_3_090,FOODS,CA_1,No Festival,None,None,0,None,0
d_1478,0,2015-02-14,FOODS_3_090,FOODS,CA_1,No Festival,None,None,0,None,0
d_1479,0,2015-02-15,FOODS_3_090,FOODS,CA_1,No Festival,None,None,0,None,0
d_1480,0,2015-02-16,FOODS_3_090,FOODS,CA_1,No Festival,None,None,0,None,0
d_1481,0,2015-02-17,FOODS_3_090,FOODS,CA_1,No Festival,None,None,0,None,0
d_1482,0,2015-02-18,FOODS_3_090,FOODS,CA_1,No Festival,None,None,0,None,0
d_1483,0,2015-02-19,FOODS_3_090,FOODS,CA_1,No Festival,None,None,0,None,0
d_1484,0,2015-02-20,FOODS_3_090,FOODS,CA_1,No Festival,None,None,0,None,0
d_1485,0,2015-02-21,FOODS_3_090,FOODS,CA_1,No Festival,None,None,0,None,0
d_1486,0,2015-02-22,FOODS_3_090,FOODS,CA_1,No Festival,None,None,0,None,0
d_1487,0,2015-02-23,FOODS_3_090,FOODS,CA_1,No Festival,None,None,0,None,0
d_1488,0,2015-02-24,FOODS_3_090,FOODS,CA_1,No Festival,None,None,0,None,0
d_1489,0,2015-02-25,FOODS_3_090,FOODS,CA_1,No Festival,None,None,0,None,0
d_1490,0,2015-02-26,FOODS_3_090,FOODS,CA_1,No Festival,None,None,0,None,0
d_1491,0,2015-02-27,FOODS_3_090,FOODS,CA_1,No Festival,None,None,0,None,0
d_1492,0,2015-02-28,FOODS_3_090,FOODS,CA_1,No Festival,None,None,0,None,0
d_1493,0,2015-03-01,FOODS_3_090,FOODS,CA_1,No Festival,None,None,0,None,0
d_1494,0,2015-03-02,FOODS_3_090,FOODS,CA_1,No Festival,None,None,0,None,0
d_1495,0,2015-03-03,FOODS_3_090,FOODS,CA_1,No Festival,None,None,0,None,0
d_1496,0,2015-03-04,FOODS_3_090,FOODS,CA_1,No Festival,None,None,0,None,0
d_1497,0,2015-03-05,FOODS_3_090,FOODS,CA_1,No Festival,None,None,0,None,0
d_1498,0,2015-03-06,FOODS_3_090,FOODS,CA_1,Holi,Hindu,High,1,High,3
d_1499,0,2015-03-07,FOODS_3_090,FOODS,CA_1,No Festival,None,None,0,None,0
d_1500,0,2015-03-08,FOODS_3_090,FOODS,CA_1,No Festival,None,None,0,None,0
d_1501,0,2015-03-09,FOODS_3_090,FOODS,CA_1,No Festival,None,None,0,None,0
d_1502,0,2015-03-10,FOODS_3_090,FOODS,CA_1,No Festival,None,None,0,None,0
d_1503,0,2015-03-11,FOODS_3_090,FOODS,CA_1,No Festival,None,None,0,None,0
d_1504,73,2015-03-12,FOODS_3_090,FOODS,CA_1,No Festival,None,None,0,None,0
d_1505,61,2015-03-13,FOODS_3_090,FOODS,CA_1,No Festival,None,None,0,None,0
d_1506,97,2015-03-14,FOODS_3_090,FOODS,CA_1,No Festival,None,None,0,None,0
d_1507,85,2015-03-15,FOODS_3_090,FOODS,CA_1,No Festival,None,None,0,None,0
d_1508,55,2015-03-16,FOODS_3_090,FOODS,CA_1,No Festival,None,None,0,None,0
d_1509,50,2015-03-17,FOODS_3_090,FOODS,CA_1,No Festival,None,None,0,None,0
d_1510,27,2015-03-18,FOODS_3_090,FOODS,CA_1,No Festival,None,None,0,None,0
d_1511,55,2015-03-19,FOODS_3_090,FOODS,CA_1,No Festival,None,None,0,None,0
d_1512,95,2015-03-20,FOODS_3_090,FOODS,CA_1,No Festival,None,None,0,None,0
d_1513,113,2015-03-21,FOODS_3_090,FOODS,CA_1,Gudi Padwa,Hindu,High,1,None,0
d_1514,81,2015-03-22,FOODS_3_090,FOODS,CA_1,No Festival,None,None,0,None,0
d_1515,38,2015-03-23,FOODS_3_090,FOODS,CA_1,No Festival,None,None,0,None,0
d_1516,34,2015-03-24,FOODS_3_090,FOODS,CA_1,No Festival,None,None,0,None,0
d_1517,37,2015-03-25,FOODS_3_090,FOODS,CA_1,No Festival,None,None,0,None,0
d_1518,33,2015-03-26,FOODS_3_090,FOODS,CA_1,No Festival,None,None,0,None,0
d_1519,62,2015-03-27,FOODS_3_090,FOODS,CA_1,No Festival,None,None,0,None,0
d_1520,96,2015-03-28,FOODS_3_090,FOODS,CA_1,No Festival,None,None,0,None,0
d_1521,72,2015-03-29,FOODS_3_090,FOODS,CA_1,No Festival,None,None,0,None,0
d_1522,45,2015-03-30,FOODS_3_090,FOODS,CA_1,No Festival,None,None,0,None,0
d_1523,29,2015-03-31,FOODS_3_090,FOODS,CA_1,No Festival,None,None,0,None,0
d_1524,40,2015-04-01,FOODS_3_090,FOODS,CA_1,No Festival,None,None,0,None,0
d_1525,28,2015-04-02,FOODS_3_090,FOODS,CA_1,No Festival,None,None,0,None,0
d_1526,94,2015-04-03,FOODS_3_090,FOODS,CA_1,No Festival,None,None,0,None,0
d_1527,123,2015-04-04,FOODS_3_090,FOODS,CA_1,No Festival,None,None,0,None,0
d_1528,65,2015-04-05,FOODS_3_090,FOODS,CA_1,No Festival,None,None,0,None,0
d_1529,96,2015-04-06,FOODS_3_090,FOODS,CA_1,No Festival,None,None,0,None,0
d_1530,41,2015-04-07,FOODS_3_090,FOODS,CA_1,No Festival,None,None,0,None,0
d_1531,74,2015-04-08,FOODS_3_090,FOODS,CA_1,No Festival,None,None,0,None,0
d_1532,68,2015-04-09,FOODS_3_090,FOODS,CA_1,No Festival,None,None,0,None,0
d_1533,62,2015-04-10,FOODS_3_090,FOODS,CA_1,No Festival,None,None,0,None,0
d_1534,95,2015-04-11,FOODS_3_090,FOODS,CA_1,No Festival,None,None,0,None,0
d_1535,74,2015-04-12,FOODS_3_090,FOODS,CA_1,No Festival,None,None,0,None,0
d_1536,37,2015-04-13,FOODS_3_090,FOODS,CA_1,No Festival,None,None,0,None,0
d_1537,42,2015-04-14,FOODS_3_090,FOODS,CA_1,No Festival,None,None,0,None,0
d_1538,27,2015-04-15,FOODS_3_090,FOODS,CA_1,No Festival,None,None,0,None,0
d_1539,82,2015-04-16,FOODS_3_090,FOODS,CA_1,No Festival,None,None,0,None,0
d_1540,57,2015-04-17,FOODS_3_090,FOODS,CA_1,No Festival,None,None,0,None,0
d_1541,102,2015-04-18,FOODS_3_090,FOODS,CA_1,No Festival,None,None,0,None,0
d_1542,99,2015-04-19,FOODS_3_090,FOODS,CA_1,No Festival,None,None,0,None,0
d_1543,34,2015-04-20,FOODS_3_090,FOODS,CA_1,No Festival,None,None,0,None,0
d_1544,41,2015-04-21,FOODS_3_090,FOODS,CA_1,No Festival,None,None,0,None,0
d_1545,52,2015-04-22,FOODS_3_090,FOODS,CA_1,No Festival,None,None,0,None,0
d_1546,59,2015-04-23,FOODS_3_090,FOODS,CA_1,No Festival,None,None,0,None,0
d_1547,86,2015-04-24,FOODS_3_090,FOODS,CA_1,No Festival,None,None,0,None,0
d_1548,91,2015-04-25,FOODS_3_090,FOODS,CA_1,No Festival,None,None,0,None,0
d_1549,66,2015-04-26,FOODS_3_090,FOODS,CA_1,No Festival,None,None,0,None,0
d_1550,58,2015-04-27,FOODS_3_090,FOODS,CA_1,No Festival,None,None,0,None,0
d_1551,30,2015-04-28,FOODS_3_090,FOODS,CA_1,No Festival,None,None,0,None,0
d_1552,64,2015-04-29,FOODS_3_090,FOODS,CA_1,No Festival,None,None,0,None,0
d_1553,55,2015-04-30,FOODS_3_090,FOODS,CA_1,No Festival,None,None,0,None,0
d_1554,108,2015-05-01,FOODS_3_090,FOODS,CA_1,No Festival,None,None,0,None,0
d_1555,133,2015-05-02,FOODS_3_090,FOODS,CA_1,No Festival,None,None,0,None,0
d_1556,79,2015-05-03,FOODS_3_090,FOODS,CA_1,No Festival,None,None,0,None,0
d_1557,48,2015-05-04,FOODS_3_090,FOODS,CA_1,No Festival,None,None,0,None,0
d_1558,52,2015-05-05,FOODS_3_090,FOODS,CA_1,No Festival,None,None,0,None,0
d_1559,54,2015-05-06,FOODS_3_090,FOODS,CA_1,No Festival,None,None,0,None,0
d_1560,87,2015-05-07,FOODS_3_090,FOODS,CA_1,No Festival,None,None,0,None,0
d_1561,134,2015-05-08,FOODS_3_090,FOODS,CA_1,No Festival,None,None,0,None,0
d_1562,157,2015-05-09,FOODS_3_090,FOODS,CA_1,No Festival,None,None,0,None,0
d_1563,116,2015-05-10,FOODS_3_090,FOODS,CA_1,No Festival,None,None,0,None,0
d_1564,52,2015-05-11,FOODS_3_090,FOODS,CA_1,No Festival,None,None,0,None,0
d_1565,43,2015-05-12,FOODS_3_090,FOODS,CA_1,No Festival,None,None,0,None,0
d_1566,74,2015-05-13,FOODS_3_090,FOODS,CA_1,No Festival,None,None,0,None,0
d_1567,0,2015-05-14,FOODS_3_090,FOODS,CA_1,No Festival,None,None,0,None,0
d_1568,0,2015-05-15,FOODS_3_090,FOODS,CA_1,No Festival,None,None,0,None,0
d_1569,0,2015-05-16,FOODS_3_090,FOODS,CA_1,No Festival,None,None,0,None,0
d_1570,0,2015-05-17,FOODS_3_090,FOODS,CA_1,No Festival,None,None,0,None,0
d_1571,0,2015-05-18,FOODS_3_090,FOODS,CA_1,No Festival,None,None,0,None,0
d_1572,0,2015-05-19,FOODS_3_090,FOODS,CA_1,No Festival,None,None,0,None,0
d_1573,0,2015-05-20,FOODS_3_090,FOODS,CA_1,No Festival,None,None,0,None,0
d_1574,0,2015-05-21,FOODS_3_090,FOODS,CA_1,No Festival,None,None,0,None,0
d_1575,0,2015-05-22,FOODS_3_090,FOODS,CA_1,No Festival,None,None,0,None,0
d_1576,0,2015-05-23,FOODS_3_090,FOODS,CA_1,No Festival,None,None,0,None,0
d_1577,0,2015-05-24,FOODS_3_090,FOODS,CA_1,No Festival,None,None,0,None,0
d_1578,0,2015-05-25,FOODS_3_090,FOODS,CA_1,No Festival,None,None,0,None,0
d_1579,0,2015-05-26,FOODS_3_090,FOODS,CA_1,No Festival,None,None,0,None,0
d_1580,0,2015-05-27,FOODS_3_090,FOODS,CA_1,No Festival,None,None,0,None,0
d_1581,0,2015-05-28,FOODS_3_090,FOODS,CA_1,No Festival,None,None,0,None,0
d_1582,0,2015-05-29,FOODS_3_090,FOODS,CA_1,No Festival,None,None,0,None,0
d_1583,0,2015-05-30,FOODS_3_090,FOODS,CA_1,No Festival,None,None,0,None,0
d_1584,0,2015-05-31,FOODS_3_090,FOODS,CA_1,No Festival,None,None,0,None,0
d_1585,0,2015-06-01,FOODS_3_090,FOODS,CA_1,No Festival,None,None,0,None,0
d_1586,0,2015-06-02,FOODS_3_090,FOODS,CA_1,No Festival,None,None,0,None,0
d_1587,0,2015-06-03,FOODS_3_090,FOODS,CA_1,No Festival,None,None,0,None,0
d_1588,0,2015-06-04,FOODS_3_090,FOODS,CA_1,No Festival,None,None,0,None,0
d_1589,0,2015-06-05,FOODS_3_090,FOODS,CA_1,No Festival,None,None,0,None,0
d_1590,0,2015-06-06,FOODS_3_090,FOODS,CA_1,No Festival,None,None,0,None,0
d_1591,0,2015-06-07,FOODS_3_090,FOODS,CA_1,No Festival,None,None,0,None,0
d_1592,0,2015-06-08,FOODS_3_090,FOODS,CA_1,No Festival,None,None,0,None,0
d_1593,0,2015-06-09,FOODS_3_090,FOODS,CA_1,No Festival,None,None,0,None,0
d_1594,0,2015-06-10,FOODS_3_090,FOODS,CA_1,No Festival,None,None,0,None,0
d_1595,0,2015-06-11,FOODS_3_090,FOODS,CA_1,No Festival,None,None,0,None,0
d_1596,0,2015-06-12,FOODS_3_090,FOODS,CA_1,No Festival,None,None,0,None,0
d_1597,0,2015-06-13,FOODS_3_090,FOODS,CA_1,No Festival,None,None,0,None,0
d_1598,88,2015-06-14,FOODS_3_090,FOODS,CA_1,No Festival,None,None,0,None,0
d_1599,50,2015-06-15,FOODS_3_090,FOODS,CA_1,No Festival,None,None,0,None,0
d_1600,39,2015-06-16,FOODS_3_090,FOODS,CA_1,No Festival,None,None,0,None,0
d_1601,37,2015-06-17,FOODS_3_090,FOODS,CA_1,No Festival,None,None,0,None,0
d_1602,63,2015-06-18,FOODS_3_090,FOODS,CA_1,No Festival,None,None,0,None,0
d_1603,52,2015-06-19,FOODS_3_090,FOODS,CA_1,No Festival,None,None,0,None,0
d_1604,99,2015-06-20,FOODS_3_090,FOODS,CA_1,No Festival,None,None,0,None,0
d_1605,124,2015-06-21,FOODS_3_090,FOODS,CA_1,No Festival,None,None,0,None,0
d_1606,69,2015-06-22,FOODS_3_090,FOODS,CA_1,No Festival,None,None,0,None,0
d_1607,71,2015-06-23,FOODS_3_090,FOODS,CA_1,No Festival,None,None,0,None,0
d_1608,73,2015-06-24,FOODS_3_090,FOODS,CA_1,No Festival,None,None,0,None,0
d_1609,45,2015-06-25,FOODS_3_090,FOODS,CA_1,No Festival,None,None,0,None,0
d_1610,92,2015-06-26,FOODS_3_090,FOODS,CA_1,No Festival,None,None,0,None,0
d_1611,72,2015-06-27,FOODS_3_090,FOODS,CA_1,No Festival,None,None,0,None,0
d_1612,79,2015-06-28,FOODS_3_090,FOODS,CA_1,No Festival,None,None,0,None,0
d_1613,43,2015-06-29,FOODS_3_090,FOODS,CA_1,No Festival,None,None,0,None,0
d_1614,38,2015-06-30,FOODS_3_090,FOODS,CA_1,No Festival,None,None,0,None,0
d_1615,81,2015-07-01,FOODS_3_090,FOODS,CA_1,No Festival,None,None,0,None,0
d_1616,63,2015-07-02,FOODS_3_090,FOODS,CA_1,No Festival,None,None,0,None,0
d_1617,130,2015-07-03,FOODS_3_090,FOODS,CA_1,No Festival,None,None,0,None,0
d_1618,106,2015-07-04,FOODS_3_090,FOODS,CA_1,No Festival,None,None,0,None,0
d_1619,63,2015-07-05,FOODS_3_090,FOODS,CA_1,No Festival,None,None,0,None,0
d_1620,82,2015-07-06,FOODS_3_090,FOODS,CA_1,No Festival,None,None,0,None,0
d_1621,39,2015-07-07,FOODS_3_090,FOODS,CA_1,No Festival,None,None,0,None,0
d_1622,51,2015-07-08,FOODS_3_090,FOODS,CA_1,No Festival,None,None,0,None,0
d_1623,48,2015-07-09,FOODS_3_090,FOODS,CA_1,No Festival,None,None,0,None,0
d_1624,120,2015-07-10,FOODS_3_090,FOODS,CA_1,No Festival,None,None,0,None,0
d_1625,67,2015-07-11,FOODS_3_090,FOODS,CA_1,No Festival,None,None,0,None,0
d_1626,70,2015-07-12,FOODS_3_090,FOODS,CA_1,No Festival,None,None,0,None,0
d_1627,45,2015-07-13,FOODS_3_090,FOODS,CA_1,No Festival,None,None,0,None,0
d_1628,47,2015-07-14,FOODS_3_090,FOODS,CA_1,No Festival,None,None,0,None,0
d_1629,39,2015-07-15,FOODS_3_090,FOODS,CA_1,No Festival,None,None,0,None,0
d_1630,62,2015-07-16,FOODS_3_090,FOODS,CA_1,No Festival,None,None,0,None,0
d_1631,91,2015-07-17,FOODS_3_090,FOODS,CA_1,No Festival,None,None,0,None,0
d_1632,109,2015-07-18,FOODS_3_090,FOODS,CA_1,No Festival,None,None,0,None,0
d_1633,71,2015-07-19,FOODS_3_090,FOODS,CA_1,No Festival,None,None,0,None,0
d_1634,138,2015-07-20,FOODS_3_090,FOODS,CA_1,No Festival,None,None,0,None,0
d_1635,41,2015-07-21,FOODS_3_090,FOODS,CA_1,No Festival,None,None,0,None,0
d_1636,58,2015-07-22,FOODS_3_090,FOODS,CA_1,No Festival,None,None,0,None,0
d_1637,54,2015-07-23,FOODS_3_090,FOODS,CA_1,No Festival,None,None,0,None,0
d_1638,62,2015-07-24,FOODS_3_090,FOODS,CA_1,No Festival,None,None,0,None,0
d_1639,75,2015-07-25,FOODS_3_090,FOODS,CA_1,No Festival,None,None,0,None,0
d_1640,101,2015-07-26,FOODS_3_090,FOODS,CA_1,No Festival,None,None,0,None,0
d_1641,68,2015-07-27,FOODS_3_090,FOODS,CA_1,No Festival,None,None,0,None,0
d_1642,59,2015-07-28,FOODS_3_090,FOODS,CA_1,No Festival,None,None,0,None,0
d_1643,35,2015-07-29,FOODS_3_090,FOODS,CA_1,No Festival,None,None,0,None,0
d_1644,55,2015-07-30,FOODS_3_090,FOODS,CA_1,No Festival,None,None,0,None,0
d_1645,77,2015-07-31,FOODS_3_090,FOODS,CA_1,No Festival,None,None,0,None,0
d_1646,82,2015-08-01,FOODS_3_090,FOODS,CA_1,No Festival,None,None,0,None,0
d_1647,78,2015-08-02,FOODS_3_090,FOODS,CA_1,No Festival,None,None,0,None,0
d_1648,59,2015-08-03,FOODS_3_090,FOODS,CA_1,No Festival,None,None,0,None,0
d_1649,39,2015-08-04,FOODS_3_090,FOODS,CA_1,No Festival,None,None,0,None,0
d_1650,54,2015-08-05,FOODS_3_090,FOODS,CA_1,No Festival,None,None,0,None,0
d_1651,42,2015-08-06,FOODS_3_090,FOODS,CA_1,No Festival,None,None,0,None,0
d_1652,79,2015-08-07,FOODS_3_090,FOODS,CA_1,No Festival,None,None,0,None,0
d_1653,117,2015-08-08,FOODS_3_090,FOODS,CA_1,No Festival,None,None,0,None,0
d_1654,62,2015-08-09,FOODS_3_090,FOODS,CA_1,No Festival,None,None,0,None,0
d_1655,56,2015-08-10,FOODS_3_090,FOODS,CA_1,No Festival,None,None,0,None,0
d_1656,60,2015-08-11,FOODS_3_090,FOODS,CA_1,No Festival,None,None,0,None,0
d_1657,37,2015-08-12,FOODS_3_090,FOODS,CA_1,No Festival,None,None,0,None,0
d_1658,29,2015-08-13,FOODS_3_090,FOODS,CA_1,No Festival,None,None,0,None,0
d_1659,45,2015-08-14,FOODS_3_090,FOODS,CA_1,No Festival,None,None,0,None,0
d_1660,49,2015-08-15,FOODS_3_090,FOODS,CA_1,No Festival,None,None,0,None,0
d_1661,61,2015-08-16,FOODS_3_090,FOODS,CA_1,No Festival,None,None,0,None,0
d_1662,38,2015-08-17,FOODS_3_090,FOODS,CA_1,No Festival,None,None,0,None,0
d_1663,42,2015-08-18,FOODS_3_090,FOODS,CA_1,No Festival,None,None,0,None,0
d_1664,34,2015-08-19,FOODS_3_090,FOODS,CA_1,No Festival,None,None,0,None,0
d_1665,51,2015-08-20,FOODS_3_090,FOODS,CA_1,No Festival,None,None,0,None,0
d_1666,110,2015-08-21,FOODS_3_090,FOODS,CA_1,No Festival,None,None,0,None,0
d_1667,54,2015-08-22,FOODS_3_090,FOODS,CA_1,No Festival,None,None,0,None,0
d_1668,83,2015-08-23,FOODS_3_090,FOODS,CA_1,No Festival,None,None,0,None,0
d_1669,58,2015-08-24,FOODS_3_090,FOODS,CA_1,No Festival,None,None,0,None,0
d_1670,41,2015-08-25,FOODS_3_090,FOODS,CA_1,No Festival,None,None,0,None,0
d_1671,56,2015-08-26,FOODS_3_090,FOODS,CA_1,No Festival,None,None,0,None,0
d_1672,36,2015-08-27,FOODS_3_090,FOODS,CA_1,No Festival,None,None,0,None,0
d_1673,58,2015-08-28,FOODS_3_090,FOODS,CA_1,No Festival,None,None,0,None,0
d_1674,84,2015-08-29,FOODS_3_090,FOODS,CA_1,No Festival,None,None,0,None,0
d_1675,62,2015-08-30,FOODS_3_090,FOODS,CA_1,No Festival,None,None,0,None,0
d_1676,63,2015-08-31,FOODS_3_090,FOODS,CA_1,No Festival,None,None,0,None,0
d_1677,34,2015-09-01,FOODS_3_090,FOODS,CA_1,No Festival,None,None,0,None,0
d_1678,54,2015-09-02,FOODS_3_090,FOODS,CA_1,No Festival,None,None,0,None,0
d_1679,58,2015-09-03,FOODS_3_090,FOODS,CA_1,No Festival,None,None,0,None,0
d_1680,94,2015-09-04,FOODS_3_090,FOODS,CA_1,No Festival,None,None,0,None,0
d_1681,89,2015-09-05,FOODS_3_090,FOODS,CA_1,No Festival,None,None,0,None,0
d_1682,83,2015-09-06,FOODS_3_090,FOODS,CA_1,No Festival,None,None,0,None,0
d_1683,71,2015-09-07,FOODS_3_090,FOODS,CA_1,No Festival,None,None,0,None,0
d_1684,57,2015-09-08,FOODS_3_090,FOODS,CA_1,No Festival,None,None,0,None,0
d_1685,38,2015-09-09,FOODS_3_090,FOODS,CA_1,No Festival,None,None,0,None,0
d_1686,58,2015-09-10,FOODS_3_090,FOODS,CA_1,No Festival,None,None,0,None,0
d_1687,61,2015-09-11,FOODS_3_090,FOODS,CA_1,No Festival,None,None,0,None,0
d_1688,93,2015-09-12,FOODS_3_090,FOODS,CA_1,No Festival,None,None,0,None,0
d_1689,69,2015-09-13,FOODS_3_090,FOODS,CA_1,No Festival,None,None,0,None,0
d_1690,43,2015-09-14,FOODS_3_090,FOODS,CA_1,No Festival,None,None,0,None,0
d_1691,68,2015-09-15,FOODS_3_090,FOODS,CA_1,No Festival,None,None,0,None,0
d_1692,48,2015-09-16,FOODS_3_090,FOODS,CA_1,No Festival,None,None,0,None,0
d_1693,49,2015-09-17,FOODS_3_090,FOODS,CA_1,Ganesh Chaturthi,Hindu,High,1,High,3
d_1694,74,2015-09-18,FOODS_3_090,FOODS,CA_1,No Festival,None,None,0,None,0
d_1695,74,2015-09-19,FOODS_3_090,FOODS,CA_1,No Festival,None,None,0,None,0
d_1696,96,2015-09-20,FOODS_3_090,FOODS,CA_1,No Festival,None,None,0,None,0
d_1697,53,2015-09-21,FOODS_3_090,FOODS,CA_1,No Festival,None,None,0,None,0
d_1698,29,2015-09-22,FOODS_3_090,FOODS,CA_1,No Festival,None,None,0,None,0
d_1699,59,2015-09-23,FOODS_3_090,FOODS,CA_1,No Festival,None,None,0,None,0
d_1700,7,2015-09-24,FOODS_3_090,FOODS,CA_1,No Festival,None,None,0,None,0
d_1701,57,2015-09-25,FOODS_3_090,FOODS,CA_1,No Festival,None,None,0,None,0
d_1702,51,2015-09-26,FOODS_3_090,FOODS,CA_1,No Festival,None,None,0,None,0
d_1703,74,2015-09-27,FOODS_3_090,FOODS,CA_1,No Festival,None,None,0,None,0
d_1704,55,2015-09-28,FOODS_3_090,FOODS,CA_1,No Festival,None,None,0,None,0
d_1705,33,2015-09-29,FOODS_3_090,FOODS,CA_1,No Festival,None,None,0,None,0
d_1706,44,2015-09-30,FOODS_3_090,FOODS,CA_1,No Festival,None,None,0,None,0
d_1707,48,2015-10-01,FOODS_3_090,FOODS,CA_1,No Festival,None,None,0,None,0
d_1708,61,2015-10-02,FOODS_3_090,FOODS,CA_1,No Festival,None,None,0,None,0
d_1709,100,2015-10-03,FOODS_3_090,FOODS,CA_1,No Festival,None,None,0,None,0
d_1710,65,2015-10-04,FOODS_3_090,FOODS,CA_1,No Festival,None,None,0,None,0
d_1711,37,2015-10-05,FOODS_3_090,FOODS,CA_1,No Festival,None,None,0,None,0
d_1712,70,2015-10-06,FOODS_3_090,FOODS,CA_1,No Festival,None,None,0,None,0
d_1713,45,2015-10-07,FOODS_3_090,FOODS,CA_1,No Festival,None,None,0,None,0
d_1714,68,2015-10-08,FOODS_3_090,FOODS,CA_1,No Festival,None,None,0,None,0
d_1715,65,2015-10-09,FOODS_3_090,FOODS,CA_1,No Festival,None,None,0,None,0
d_1716,60,2015-10-10,FOODS_3_090,FOODS,CA_1,No Festival,None,None,0,None,0
d_1717,107,2015-10-11,FOODS_3_090,FOODS,CA_1,No Festival,None,None,0,None,0
d_1718,76,2015-10-12,FOODS_3_090,FOODS,CA_1,No Festival,None,None,0,None,0
d_1719,39,2015-10-13,FOODS_3_090,FOODS,CA_1,No Festival,None,None,0,None,0
d_1720,35,2015-10-14,FOODS_3_090,FOODS,CA_1,No Festival,None,None,0,None,0
d_1721,25,2015-10-15,FOODS_3_090,FOODS,CA_1,No Festival,None,None,0,None,0
d_1722,0,2015-10-16,FOODS_3_090,FOODS,CA_1,No Festival,None,None,0,None,0
d_1723,69,2015-10-17,FOODS_3_090,FOODS,CA_1,No Festival,None,None,0,None,0
d_1724,101,2015-10-18,FOODS_3_090,FOODS,CA_1,No Festival,None,None,0,None,0
d_1725,39,2015-10-19,FOODS_3_090,FOODS,CA_1,No Festival,None,None,0,None,0
d_1726,55,2015-10-20,FOODS_3_090,FOODS,CA_1,No Festival,None,None,0,None,0
d_1727,40,2015-10-21,FOODS_3_090,FOODS,CA_1,No Festival,None,None,0,None,0
d_1728,64,2015-10-22,FOODS_3_090,FOODS,CA_1,Dussehra,Hindu,High,1,High,3
d_1729,69,2015-10-23,FOODS_3_090,FOODS,CA_1,No Festival,None,None,0,None,0
d_1730,121,2015-10-24,FOODS_3_090,FOODS,CA_1,No Festival,None,None,0,None,0
d_1731,72,2015-10-25,FOODS_3_090,FOODS,CA_1,No Festival,None,None,0,None,0
d_1732,40,2015-10-26,FOODS_3_090,FOODS,CA_1,No Festival,None,None,0,None,0
d_1733,43,2015-10-27,FOODS_3_090,FOODS,CA_1,No Festival,None,None,0,None,0
d_1734,40,2015-10-28,FOODS_3_090,FOODS,CA_1,No Festival,None,None,0,None,0
d_1735,58,2015-10-29,FOODS_3_090,FOODS,CA_1,No Festival,None,None,0,None,0
d_1736,77,2015-10-30,FOODS_3_090,FOODS,CA_1,No Festival,None,None,0,None,0
d_1737,101,2015-10-31,FOODS_3_090,FOODS,CA_1,No Festival,None,None,0,None,0
d_1738,58,2015-11-01,FOODS_3_090,FOODS,CA_1,No Festival,None,None,0,None,0
d_1739,58,2015-11-02,FOODS_3_090,FOODS,CA_1,No Festival,None,None,0,None,0
d_1740,34,2015-11-03,FOODS_3_090,FOODS,CA_1,No Festival,None,None,0,None,0
d_1741,47,2015-11-04,FOODS_3_090,FOODS,CA_1,No Festival,None,None,0,None,0
d_1742,44,2015-11-05,FOODS_3_090,FOODS,CA_1,No Festival,None,None,0,None,0
d_1743,95,2015-11-06,FOODS_3_090,FOODS,CA_1,No Festival,None,None,0,None,0
d_1744,101,2015-11-07,FOODS_3_090,FOODS,CA_1,No Festival,None,None,0,None,0
d_1745,49,2015-11-08,FOODS_3_090,FOODS,CA_1,No Festival,None,None,0,None,0
d_1746,35,2015-11-09,FOODS_3_090,FOODS,CA_1,No Festival,None,None,0,None,0
d_1747,50,2015-11-10,FOODS_3_090,FOODS,CA_1,No Festival,None,None,0,None,0
d_1748,66,2015-11-11,FOODS_3_090,FOODS,CA_1,Diwali,Hindu,High,1,High,3
d_1749,37,2015-11-12,FOODS_3_090,FOODS,CA_1,No Festival,None,None,0,None,0
d_1750,64,2015-11-13,FOODS_3_090,FOODS,CA_1,No Festival,None,None,0,None,0
d_1751,67,2015-11-14,FOODS_3_090,FOODS,CA_1,No Festival,None,None,0,None,0
d_1752,54,2015-11-15,FOODS_3_090,FOODS,CA_1,No Festival,None,None,0,None,0
d_1753,45,2015-11-16,FOODS_3_090,FOODS,CA_1,No Festival,None,None,0,None,0
d_1754,36,2015-11-17,FOODS_3_090,FOODS,CA_1,No Festival,None,None,0,None,0
d_1755,30,2015-11-18,FOODS_3_090,FOODS,CA_1,No Festival,None,None,0,None,0
d_1756,28,2015-11-19,FOODS_3_090,FOODS,CA_1,No Festival,None,None,0,None,0
d_1757,48,2015-11-20,FOODS_3_090,FOODS,CA_1,No Festival,None,None,0,None,0
d_1758,77,2015-11-21,FOODS_3_090,FOODS,CA_1,No Festival,None,None,0,None,0
d_1759,85,2015-11-22,FOODS_3_090,FOODS,CA_1,No Festival,None,None,0,None,0
d_1760,89,2015-11-23,FOODS_3_090,FOODS,CA_1,No Festival,None,None,0,None,0
d_1761,107,2015-11-24,FOODS_3_090,FOODS,CA_1,No Festival,None,None,0,None,0
d_1762,260,2015-11-25,FOODS_3_090,FOODS,CA_1,No Festival,None,None,0,None,0
d_1763,166,2015-11-26,FOODS_3_090,FOODS,CA_1,No Festival,None,None,0,None,0
d_1764,49,2015-11-27,FOODS_3_090,FOODS,CA_1,No Festival,None,None,0,None,0
d_1765,38,2015-11-28,FOODS_3_090,FOODS,CA_1,No Festival,None,None,0,None,0
d_1766,35,2015-11-29,FOODS_3_090,FOODS,CA_1,No Festival,None,None,0,None,0
d_1767,37,2015-11-30,FOODS_3_090,FOODS,CA_1,No Festival,None,None,0,None,0
d_1768,36,2015-12-01,FOODS_3_090,FOODS,CA_1,No Festival,None,None,0,None,0
d_1769,47,2015-12-02,FOODS_3_090,FOODS,CA_1,No Festival,None,None,0,None,0
d_1770,1,2015-12-03,FOODS_3_090,FOODS,CA_1,No Festival,None,None,0,None,0
d_1771,0,2015-12-04,FOODS_3_090,FOODS,CA_1,No Festival,None,None,0,None,0
d_1772,0,2015-12-05,FOODS_3_090,FOODS,CA_1,No Festival,None,None,0,None,0
d_1773,0,2015-12-06,FOODS_3_090,FOODS,CA_1,No Festival,None,None,0,None,0
d_1774,0,2015-12-07,FOODS_3_090,FOODS,CA_1,No Festival,None,None,0,None,0
d_1775,0,2015-12-08,FOODS_3_090,FOODS,CA_1,No Festival,None,None,0,None,0
d_1776,0,2015-12-09,FOODS_3_090,FOODS,CA_1,No Festival,None,None,0,None,0
d_1777,0,2015-12-10,FOODS_3_090,FOODS,CA_1,No Festival,None,None,0,None,0
d_1778,0,2015-12-11,FOODS_3_090,FOODS,CA_1,No Festival,None,None,0,None,0
d_1779,0,2015-12-12,FOODS_3_090,FOODS,CA_1,No Festival,None,None,0,None,0
d_1780,0,2015-12-13,FOODS_3_090,FOODS,CA_1,No Festival,None,None,0,None,0
d_1781,0,2015-12-14,FOODS_3_090,FOODS,CA_1,No Festival,None,None,0,None,0
d_1782,0,2015-12-15,FOODS_3_090,FOODS,CA_1,No Festival,None,None,0,None,0
d_1783,0,2015-12-16,FOODS_3_090,FOODS,CA_1,No Festival,None,None,0,None,0
d_1784,0,2015-12-17,FOODS_3_090,FOODS,CA_1,No Festival,None,None,0,None,0
d_1785,0,2015-12-18,FOODS_3_090,FOODS,CA_1,No Festival,None,None,0,None,0
d_1786,0,2015-12-19,FOODS_3_090,FOODS,CA_1,No Festival,None,None,0,None,0
d_1787,0,2015-12-20,FOODS_3_090,FOODS,CA_1,No Festival,None,None,0,None,0
d_1788,0,2015-12-21,FOODS_3_090,FOODS,CA_1,No Festival,None,None,0,None,0
d_1789,0,2015-12-22,FOODS_3_090,FOODS,CA_1,No Festival,None,None,0,None,0
d_1790,0,2015-12-23,FOODS_3_090,FOODS,CA_1,No Festival,None,None,0,None,0
d_1791,0,2015-12-24,FOODS_3_090,FOODS,CA_1,No Festival,None,None,0,None,0
d_1792,0,2015-12-25,FOODS_3_090,FOODS,CA_1,Christmas,Christian,High,1,High,3
d_1793,0,2015-12-26,FOODS_3_090,FOODS,CA_1,No Festival,None,None,0,None,0
d_1794,0,2015-12-27,FOODS_3_090,FOODS,CA_1,No Festival,None,None,0,None,0
d_1795,0,2015-12-28,FOODS_3_090,FOODS,CA_1,No Festival,None,None,0,None,0
d_1796,0,2015-12-29,FOODS_3_090,FOODS,CA_1,No Festival,None,None,0,None,0
d_1797,0,2015-12-30,FOODS_3_090,FOODS,CA_1,No Festival,None,None,0,None,0
d_1798,0,2015-12-31,FOODS_3_090,FOODS,CA_1,No Festival,None,None,0,None,0
d_1799,0,2016-01-01,FOODS_3_090,FOODS,CA_1,No Festival,None,None,0,None,0
d_1800,0,2016-01-02,FOODS_3_090,FOODS,CA_1,No Festival,None,None,0,None,0
d_1801,0,2016-01-03,FOODS_3_090,FOODS,CA_1,No Festival,None,None,0,None,0
d_1802,0,2016-01-04,FOODS_3_090,FOODS,CA_1,No Festival,None,None,0,None,0
d_1803,0,2016-01-05,FOODS_3_090,FOODS,CA_1,No Festival,None,None,0,None,0
d_1804,0,2016-01-06,FOODS_3_090,FOODS,CA_1,No Festival,None,None,0,None,0
d_1805,36,2016-01-07,FOODS_3_090,FOODS,CA_1,No Festival,None,None,0,None,0
d_1806,81,2016-01-08,FOODS_3_090,FOODS,CA_1,No Festival,None,None,0,None,0
d_1807,88,2016-01-09,FOODS_3_090,FOODS,CA_1,No Festival,None,None,0,None,0
d_1808,63,2016-01-10,FOODS_3_090,FOODS,CA_1,No Festival,None,None,0,None,0
d_1809,41,2016-01-11,FOODS_3_090,FOODS,CA_1,No Festival,None,None,0,None,0
d_1810,46,2016-01-12,FOODS_3_090,FOODS,CA_1,No Festival,None,None,0,None,0
d_1811,31,2016-01-13,FOODS_3_090,FOODS,CA_1,No Festival,None,None,0,None,0
d_1812,17,2016-01-14,FOODS_3_090,FOODS,CA_1,No Festival,None,None,0,None,0
d_1813,85,2016-01-15,FOODS_3_090,FOODS,CA_1,No Festival,None,None,0,None,0
d_1814,64,2016-01-16,FOODS_3_090,FOODS,CA_1,No Festival,None,None,0,None,0
d_1815,73,2016-01-17,FOODS_3_090,FOODS,CA_1,No Festival,None,None,0,None,0
d_1816,31,2016-01-18,FOODS_3_090,FOODS,CA_1,No Festival,None,None,0,None,0
d_1817,42,2016-01-19,FOODS_3_090,FOODS,CA_1,No Festival,None,None,0,None,0
d_1818,35,2016-01-20,FOODS_3_090,FOODS,CA_1,No Festival,None,None,0,None,0
d_1819,49,2016-01-21,FOODS_3_090,FOODS,CA_1,No Festival,None,None,0,None,0
d_1820,51,2016-01-22,FOODS_3_090,FOODS,CA_1,No Festival,None,None,0,None,0
d_1821,78,2016-01-23,FOODS_3_090,FOODS,CA_1,No Festival,None,None,0,None,0
d_1822,50,2016-01-24,FOODS_3_090,FOODS,CA_1,No Festival,None,None,0,None,0
d_1823,37,2016-01-25,FOODS_3_090,FOODS,CA_1,No Festival,None,None,0,None,0
d_1824,37,2016-01-26,FOODS_3_090,FOODS,CA_1,Republic Day,National,High,1,None,0
d_1825,35,2016-01-27,FOODS_3_090,FOODS,CA_1,No Festival,None,None,0,None,0
d_1826,38,2016-01-28,FOODS_3_090,FOODS,CA_1,No Festival,None,None,0,None,0
d_1827,39,2016-01-29,FOODS_3_090,FOODS,CA_1,No Festival,None,None,0,None,0
d_1828,65,2016-01-30,FOODS_3_090,FOODS,CA_1,No Festival,None,None,0,None,0
d_1829,39,2016-01-31,FOODS_3_090,FOODS,CA_1,No Festival,None,None,0,None,0
d_1830,51,2016-02-01,FOODS_3_090,FOODS,CA_1,No Festival,None,None,0,None,0
d_1831,31,2016-02-02,FOODS_3_090,FOODS,CA_1,No Festival,None,None,0,None,0
d_1832,48,2016-02-03,FOODS_3_090,FOODS,CA_1,No Festival,None,None,0,None,0
d_1833,50,2016-02-04,FOODS_3_090,FOODS,CA_1,No Festival,None,None,0,None,0
d_1834,48,2016-02-05,FOODS_3_090,FOODS,CA_1,No Festival,None,None,0,None,0
d_1835,89,2016-02-06,FOODS_3_090,FOODS,CA_1,No Festival,None,None,0,None,0
d_1836,62,2016-02-07,FOODS_3_090,FOODS,CA_1,No Festival,None,None,0,None,0
d_1837,23,2016-02-08,FOODS_3_090,FOODS,CA_1,No Festival,None,None,0,None,0
d_1838,42,2016-02-09,FOODS_3_090,FOODS,CA_1,No Festival,None,None,0,None,0
d_1839,28,2016-02-10,FOODS_3_090,FOODS,CA_1,No Festival,None,None,0,None,0
d_1840,40,2016-02-11,FOODS_3_090,FOODS,CA_1,No Festival,None,None,0,None,0
d_1841,37,2016-02-12,FOODS_3_090,FOODS,CA_1,No Festival,None,None,0,None,0
d_1842,65,2016-02-13,FOODS_3_090,FOODS,CA_1,No Festival,None,None,0,None,0
d_1843,47,2016-02-14,FOODS_3_090,FOODS,CA_1,No Festival,None,None,0,None,0
d_1844,41,2016-02-15,FOODS_3_090,FOODS,CA_1,No Festival,None,None,0,None,0
d_1845,37,2016-02-16,FOODS_3_090,FOODS,CA_1,No Festival,None,None,0,None,0
d_1846,46,2016-02-17,FOODS_3_090,FOODS,CA_1,No Festival,None,None,0,None,0
d_1847,32,2016-02-18,FOODS_3_090,FOODS,CA_1,No Festival,None,None,0,None,0
d_1848,54,2016-02-19,FOODS_3_090,FOODS,CA_1,No Festival,None,None,0,None,0
d_1849,74,2016-02-20,FOODS_3_090,FOODS,CA_1,No Festival,None,None,0,None,0
d_1850,100,2016-02-21,FOODS_3_090,FOODS,CA_1,No Festival,None,None,0,None,0
d_1851,43,2016-02-22,FOODS_3_090,FOODS,CA_1,No Festival,None,None,0,None,0
d_1852,38,2016-02-23,FOODS_3_090,FOODS,CA_1,No Festival,None,None,0,None,0
d_1853,26,2016-02-24,FOODS_3_090,FOODS,CA_1,No Festival,None,None,0,None,0
d_1854,30,2016-02-25,FOODS_3_090,FOODS,CA_1,No Festival,None,None,0,None,0
d_1855,69,2016-02-26,FOODS_3_090,FOODS,CA_1,No Festival,None,None,0,None,0
d_1856,92,2016-02-27,FOODS_3_090,FOODS,CA_1,No Festival,None,None,0,None,0
d_1857,61,2016-02-28,FOODS_3_090,FOODS,CA_1,No Festival,None,None,0,None,0
d_1858,42,2016-02-29,FOODS_3_090,FOODS,CA_1,No Festival,None,None,0,None,0
d_1859,41,2016-03-01,FOODS_3_090,FOODS,CA_1,No Festival,None,None,0,None,0
d_1860,53,2016-03-02,FOODS_3_090,FOODS,CA_1,No Festival,None,None,0,None,0
d_1861,46,2016-03-03,FOODS_3_090,FOODS,CA_1,No Festival,None,None,0,None,0
d_1862,67,2016-03-04,FOODS_3_090,FOODS,CA_1,No Festival,None,None,0,None,0
d_1863,69,2016-03-05,FOODS_3_090,FOODS,CA_1,No Festival,None,None,0,None,0
d_1864,47,2016-03-06,FOODS_3_090,FOODS,CA_1,No Festival,None,None,0,None,0
d_1865,90,2016-03-07,FOODS_3_090,FOODS,CA_1,No Festival,None,None,0,None,0
d_1866,28,2016-03-08,FOODS_3_090,FOODS,CA_1,No Festival,None,None,0,None,0
d_1867,30,2016-03-09,FOODS_3_090,FOODS,CA_1,No Festival,None,None,0,None,0
d_1868,40,2016-03-10,FOODS_3_090,FOODS,CA_1,No Festival,None,None,0,None,0
d_1869,63,2016-03-11,FOODS_3_090,FOODS,CA_1,No Festival,None,None,0,None,0
d_1870,58,2016-03-12,FOODS_3_090,FOODS,CA_1,No Festival,None,None,0,None,0
d_1871,56,2016-03-13,FOODS_3_090,FOODS,CA_1,No Festival,None,None,0,None,0
d_1872,45,2016-03-14,FOODS_3_090,FOODS,CA_1,No Festival,None,None,0,None,0
d_1873,30,2016-03-15,FOODS_3_090,FOODS,CA_1,No Festival,None,None,0,None,0
d_1874,38,2016-03-16,FOODS_3_090,FOODS,CA_1,No Festival,None,None,0,None,0
d_1875,42,2016-03-17,FOODS_3_090,FOODS,CA_1,No Festival,None,None,0,None,0
d_1876,43,2016-03-18,FOODS_3_090,FOODS,CA_1,No Festival,None,None,0,None,0
d_1877,92,2016-03-19,FOODS_3_090,FOODS,CA_1,No Festival,None,None,0,None,0
d_1878,66,2016-03-20,FOODS_3_090,FOODS,CA_1,No Festival,None,None,0,None,0
d_1879,40,2016-03-21,FOODS_3_090,FOODS,CA_1,No Festival,None,None,0,None,0
d_1880,36,2016-03-22,FOODS_3_090,FOODS,CA_1,No Festival,None,None,0,None,0
d_1881,29,2016-03-23,FOODS_3_090,FOODS,CA_1,No Festival,None,None,0,None,0
d_1882,48,2016-03-24,FOODS_3_090,FOODS,CA_1,Holi,Hindu,High,1,High,3
d_1883,60,2016-03-25,FOODS_3_090,FOODS,CA_1,No Festival,None,None,0,None,0
d_1884,102,2016-03-26,FOODS_3_090,FOODS,CA_1,No Festival,None,None,0,None,0
d_1885,112,2016-03-27,FOODS_3_090,FOODS,CA_1,No Festival,None,None,0,None,0
d_1886,25,2016-03-28,FOODS_3_090,FOODS,CA_1,No Festival,None,None,0,None,0
d_1887,47,2016-03-29,FOODS_3_090,FOODS,CA_1,No Festival,None,None,0,None,0
d_1888,23,2016-03-30,FOODS_3_090,FOODS,CA_1,No Festival,None,None,0,None,0
d_1889,21,2016-03-31,FOODS_3_090,FOODS,CA_1,No Festival,None,None,0,None,0
d_1890,72,2016-04-01,FOODS_3_090,FOODS,CA_1,No Festival,None,None,0,None,0
d_1891,58,2016-04-02,FOODS_3_090,FOODS,CA_1,No Festival,None,None,0,None,0
d_1892,54,2016-04-03,FOODS_3_090,FOODS,CA_1,No Festival,None,None,0,None,0
d_1893,42,2016-04-04,FOODS_3_090,FOODS,CA_1,No Festival,None,None,0,None,0
d_1894,29,2016-04-05,FOODS_3_090,FOODS,CA_1,No Festival,None,None,0,None,0
d_1895,53,2016-04-06,FOODS_3_090,FOODS,CA_1,No Festival,None,None,0,None,0
d_1896,39,2016-04-07,FOODS_3_090,FOODS,CA_1,No Festival,None,None,0,None,0
d_1897,42,2016-04-08,FOODS_3_090,FOODS,CA_1,Gudi Padwa,Hindu,High,1,None,0
d_1898,83,2016-04-09,FOODS_3_090,FOODS,CA_1,No Festival,None,None,0,None,0
d_1899,83,2016-04-10,FOODS_3_090,FOODS,CA_1,No Festival,None,None,0,None,0
d_1900,48,2016-04-11,FOODS_3_090,FOODS,CA_1,No Festival,None,None,0,None,0
d_1901,26,2016-04-12,FOODS_3_090,FOODS,CA_1,No Festival,None,None,0,None,0
d_1902,41,2016-04-13,FOODS_3_090,FOODS,CA_1,No Festival,None,None,0,None,0
d_1903,44,2016-04-14,FOODS_3_090,FOODS,CA_1,No Festival,None,None,0,None,0
d_1904,47,2016-04-15,FOODS_3_090,FOODS,CA_1,No Festival,None,None,0,None,0
d_1905,82,2016-04-16,FOODS_3_090,FOODS,CA_1,No Festival,None,None,0,None,0
d_1906,83,2016-04-17,FOODS_3_090,FOODS,CA_1,No Festival,None,None,0,None,0
d_1907,30,2016-04-18,FOODS_3_090,FOODS,CA_1,No Festival,None,None,0,None,0
d_1908,45,2016-04-19,FOODS_3_090,FOODS,CA_1,No Festival,None,None,0,None,0
d_1909,29,2016-04-20,FOODS_3_090,FOODS,CA_1,No Festival,None,None,0,None,0
d_1910,53,2016-04-21,FOODS_3_090,FOODS,CA_1,No Festival,None,None,0,None,0
d_1911,87,2016-04-22,FOODS_3_090,FOODS,CA_1,No Festival,None,None,0,None,0
d_1912,95,2016-04-23,FOODS_3_090,FOODS,CA_1,No Festival,None,None,0,None,0
d_1913,42,2016-04-24,FOODS_3_090,FOODS,CA_1,No Festival,None,None,0,None,0
