d,sales,date,weekday,month,year,item_id,product_category,store_id,festival,category,importance,festival_flag,expected_impact,festival_impact,temperature_mean,temperature_max,temperature_min,precipitation,rain,rain_flag,heavy_rain_flag,lag_1,lag_7,rolling_7,weekday_code
d_1,107,2011-01-29,Saturday,1,2011,FOODS_3_090,FOODS,CA_1,,,,0,None,0,9.3,14.8,4.3,0.0,0.0,0,0,,,,5
d_2,182,2011-01-30,Sunday,1,2011,FOODS_3_090,FOODS,CA_1,,,,0,None,0,8.0,11.1,5.3,9.4,9.4,1,0,107,,,6
d_3,47,2011-01-31,Monday,1,2011,FOODS_3_090,FOODS,CA_1,,,,0,None,0,7.6,10.0,5.6,0.0,0.0,0,0,182,,,0
d_4,47,2011-02-01,Tuesday,2,2011,FOODS_3_090,FOODS,CA_1,,,,0,None,0,7.4,10.4,4.3,0.0,0.0,0,0,47,,,1
d_5,62,2011-02-02,Wednesday,2,2011,FOODS_3_090,FOODS,CA_1,,,,0,None,0,8.0,13.1,3.8,0.0,0.0,0,0,47,,,2
d_6,90,2011-02-03,Thursday,2,2011,FOODS_3_090,FOODS,CA_1,,,,0,None,0,7.7,13.5,3.1,0.0,0.0,0,0,62,,,3
d_7,81,2011-02-04,Friday,2,2011,FOODS_3_090,FOODS,CA_1,,,,0,None,0,8.5,14.8,3.2,0.0,0.0,0,0,90,,,4
d_8,124,2011-02-05,Saturday,2,2011,FOODS_3_090,FOODS,CA_1,,,,0,None,0,9.5,15.5,4.4,0.0,0.0,0,0,81,107,88.0,5
d_9,134,2011-02-06,Sunday,2,2011,FOODS_3_090,FOODS,CA_1,,,,0,None,0,11.4,18.4,5.8,0.0,0.0,0,0,124,182,90.42857142857143,6
d_10,65,2011-02-07,Monday,2,2011,FOODS_3_090,FOODS,CA_1,,,,0,None,0,11.7,19.4,5.1,0.0,0.0,0,0,134,47,83.57142857142857,0
d_11,0,2011-02-08,Tuesday,2,2011,FOODS_3_090,FOODS,CA_1,,,,0,None,0,8.8,12.2,5.9,0.0,0.0,0,0,65,47,86.14285714285714,1
d_12,0,2011-02-09,Wednesday,2,2011,FOODS_3_090,FOODS,CA_1,,,,0,None,0,8.1,14.4,2.5,0.0,0.0,0,0,0,62,79.42857142857143,2
d_13,0,2011-02-10,Thursday,2,2011,FOODS_3_090,FOODS,CA_1,,,,0,None,0,8.0,14.9,2.0,0.0,0.0,0,0,0,90,70.57142857142857,3
d_14,0,2011-02-11,Friday,2,2011,FOODS_3_090,FOODS,CA_1,,,,0,None,0,9.6,17.6,2.9,0.0,0.0,0,0,0,81,57.714285714285715,4
d_15,0,2011-02-12,Saturday,2,2011,FOODS_3_090,FOODS,CA_1,,,,0,None,0,11.6,21.4,3.4,0.0,0.0,0,0,0,124,46.142857142857146,5
d_16,0,2011-02-13,Sunday,2,2011,FOODS_3_090,FOODS,CA_1,,,,0,None,0,12.0,20.5,4.5,0.0,0.0,0,0,0,134,28.428571428571427,6
d_17,0,2011-02-14,Monday,2,2011,FOODS_3_090,FOODS,CA_1,,,,0,None,0,11.1,14.5,6.8,0.2,0.2,1,0,0,65,9.285714285714286,0
d_18,0,2011-02-15,Tuesday,2,2011,FOODS_3_090,FOODS,CA_1,,,,0,None,0,11.6,16.5,7.6,0.9,0.9,1,0,0,0,0.0,1
d_19,0,2011-02-16,Wednesday,2,2011,FOODS_3_090,FOODS,CA_1,,,,0,None,0,8.2,9.8,3.7,20.6,20.6,1,1,0,0,0.0,2
d_20,0,2011-02-17,Thursday,2,2011,FOODS_3_090,FOODS,CA_1,,,,0,None,0,6.9,12.1,1.8,6.5,6.5,1,0,0,0,0.0,3
d_21,0,2011-02-18,Friday,2,2011,FOODS_3_090,FOODS,CA_1,,,,0,None,0,9.9,14.3,6.8,18.9,18.9,1,1,0,0,0.0,4
d_22,0,2011-02-19,Saturday,2,2011,FOODS_3_090,FOODS,CA_1,,,,0,None,0,7.2,9.9,4.8,11.3,11.3,1,1,0,0,0.0,5
d_23,0,2011-02-20,Sunday,2,2011,FOODS_3_090,FOODS,CA_1,,,,0,None,0,6.8,11.0,3.7,2.6,2.6,1,0,0,0,0.0,6
d_24,0,2011-02-21,Monday,2,2011,FOODS_3_090,FOODS,CA_1,,,,0,None,0,6.9,10.7,2.2,0.0,0.0,0,0,0,0,0.0,0
d_25,0,2011-02-22,Tuesday,2,2011,FOODS_3_090,FOODS,CA_1,,,,0,None,0,7.4,13.4,1.8,0.0,0.0,0,0,0,0,0.0,1
d_26,0,2011-02-23,Wednesday,2,2011,FOODS_3_090,FOODS,CA_1,,,,0,None,0,6.8,11.8,2.0,0.0,0.0,0,0,0,0,0.0,2
d_27,0,2011-02-24,Thursday,2,2011,FOODS_3_090,FOODS,CA_1,,,,0,None,0,6.7,11.1,1.8,0.3,0.3,1,0,0,0,0.0,3
d_28,0,2011-02-25,Friday,2,2011,FOODS_3_090,FOODS,CA_1,,,,0,None,0,6.4,7.5,4.0,26.4,26.4,1,1,0,0,0.0,4
d_29,0,2011-02-26,Saturday,2,2011,FOODS_3_090,FOODS,CA_1,,,,0,None,0,4.1,7.1,1.1,0.5,0.5,1,0,0,0,0.0,5
d_30,0,2011-02-27,Sunday,2,2011,FOODS_3_090,FOODS,CA_1,,,,0,None,0,3.9,9.4,-2.0,0.0,0.0,0,0,0,0,0.0,6
d_31,0,2011-02-28,Monday,2,2011,FOODS_3_090,FOODS,CA_1,,,,0,None,0,6.5,14.1,-0.4,0.0,0.0,0,0,0,0,0.0,0
d_32,0,2011-03-01,Tuesday,3,2011,FOODS_3_090,FOODS,CA_1,,,,0,None,0,8.0,14.9,1.0,0.0,0.0,0,0,0,0,0.0,1
d_33,0,2011-03-02,Wednesday,3,2011,FOODS_3_090,FOODS,CA_1,Maha Shivratri,Hindu,High,1,None,0,10.2,14.1,6.4,19.5,19.5,1,1,0,0,0.0,2
d_34,0,2011-03-03,Thursday,3,2011,FOODS_3_090,FOODS,CA_1,,,,0,None,0,12.0,17.4,6.8,6.4,6.4,1,0,0,0,0.0,3
d_35,0,2011-03-04,Friday,3,2011,FOODS_3_090,FOODS,CA_1,,,,0,None,0,10.4,18.1,3.4,0.0,0.0,0,0,0,0,0.0,4
d_36,0,2011-03-05,Saturday,3,2011,FOODS_3_090,FOODS,CA_1,,,,0,None,0,12.4,19.4,5.6,0.0,0.0,0,0,0,0,0.0,5
d_37,0,2011-03-06,Sunday,3,2011,FOODS_3_090,FOODS,CA_1,,,,0,None,0,12.6,15.7,10.3,3.7,3.7,1,0,0,0,0.0,6
d_38,0,2011-03-07,Monday,3,2011,FOODS_3_090,FOODS,CA_1,,,,0,None,0,10.6,13.1,8.0,9.8,9.8,1,0,0,0,0.0,0
d_39,0,2011-03-08,Tuesday,3,2011,FOODS_3_090,FOODS,CA_1,,,,0,None,0,9.9,14.7,4.2,0.0,0.0,0,0,0,0,0.0,1
d_40,0,2011-03-09,Wednesday,3,2011,FOODS_3_090,FOODS,CA_1,,,,0,None,0,12.6,20.6,5.7,0.0,0.0,0,0,0,0,0.0,2
d_41,0,2011-03-10,Thursday,3,2011,FOODS_3_090,FOODS,CA_1,,,,0,None,0,14.0,22.0,6.8,0.0,0.0,0,0,0,0,0.0,3
d_42,0,2011-03-11,Friday,3,2011,FOODS_3_090,FOODS,CA_1,,,,0,None,0,12.1,17.1,8.2,0.0,0.0,0,0,0,0,0.0,4
d_43,0,2011-03-12,Saturday,3,2011,FOODS_3_090,FOODS,CA_1,,,,0,None,0,11.8,17.3,5.5,0.0,0.0,0,0,0,0,0.0,5
d_44,0,2011-03-13,Sunday,3,2011,FOODS_3_090,FOODS,CA_1,,,,0,None,0,12.1,18.7,5.7,0.0,0.0,0,0,0,0,0.0,6
d_45,0,2011-03-14,Monday,3,2011,FOODS_3_090,FOODS,CA_1,,,,0,None,0,14.2,20.7,8.5,0.0,0.0,0,0,0,0,0.0,0
d_46,0,2011-03-15,Tuesday,3,2011,FOODS_3_090,FOODS,CA_1,,,,0,None,0,14.8,21.6,7.9,0.0,0.0,0,0,0,0,0.0,1
d_47,0,2011-03-16,Wednesday,3,2011,FOODS_3_090,FOODS,CA_1,,,,0,None,0,12.4,14.9,10.3,8.3,8.3,1,0,0,0,0.0,2
d_48,0,2011-03-17,Thursday,3,2011,FOODS_3_090,FOODS,CA_1,,,,0,None,0,11.3,17.0,6.8,0.0,0.0,0,0,0,0,0.0,3
d_49,0,2011-03-18,Friday,3,2011,FOODS_3_090,FOODS,CA_1,,,,0,None,0,10.5,16.8,5.0,6.1,6.1,1,0,0,0,0.0,4
d_50,0,2011-03-19,Saturday,3,2011,FOODS_3_090,FOODS,CA_1,,,,0,None,0,8.4,10.7,5.3,8.6,8.6,1,0,0,0,0.0,5
d_51,0,2011-03-20,Sunday,3,2011,FOODS_3_090,FOODS,CA_1,Holi,Hindu,High,1,High,3,8.8,9.9,6.4,60.7,60.7,1,1,0,0,0.0,6
d_52,0,2011-03-21,Monday,3,2011,FOODS_3_090,FOODS,CA_1,,,,0,None,0,7.1,10.8,4.6,15.9,15.9,1,1,0,0,0.0,0
d_53,0,2011-03-22,Tuesday,3,2011,FOODS_3_090,FOODS,CA_1,,,,0,None,0,8.1,13.6,2.0,2.1,2.1,1,0,0,0,0.0,1
d_54,0,2011-03-23,Wednesday,3,2011,FOODS_3_090,FOODS,CA_1,,,,0,None,0,8.1,10.2,6.2,32.4,32.4,1,1,0,0,0.0,2
d_55,0,2011-03-24,Thursday,3,2011,FOODS_3_090,FOODS,CA_1,,,,0,None,0,7.2,9.1,4.6,21.7,21.7,1,1,0,0,0.0,3
d_56,0,2011-03-25,Friday,3,2011,FOODS_3_090,FOODS,CA_1,,,,0,None,0,10.0,14.0,4.9,9.1,9.1,1,0,0,0,0.0,4
d_57,0,2011-03-26,Saturday,3,2011,FOODS_3_090,FOODS,CA_1,,,,0,None,0,9.0,10.5,7.5,8.1,8.1,1,0,0,0,0.0,5
d_58,0,2011-03-27,Sunday,3,2011,FOODS_3_090,FOODS,CA_1,,,,0,None,0,11.3,15.5,8.3,1.4,1.4,1,0,0,0,0.0,6
d_59,0,2011-03-28,Monday,3,2011,FOODS_3_090,FOODS,CA_1,,,,0,None,0,11.0,16.7,6.3,0.0,0.0,0,0,0,0,0.0,0
d_60,0,2011-03-29,Tuesday,3,2011,FOODS_3_090,FOODS,CA_1,,,,0,None,0,12.3,18.4,5.6,0.0,0.0,0,0,0,0,0.0,1
d_61,0,2011-03-30,Wednesday,3,2011,FOODS_3_090,FOODS,CA_1,,,,0,None,0,14.0,21.1,6.9,0.0,0.0,0,0,0,0,0.0,2
d_62,0,2011-03-31,Thursday,3,2011,FOODS_3_090,FOODS,CA_1,,,,0,None,0,17.1,25.2,9.6,0.0,0.0,0,0,0,0,0.0,3
d_63,0,2011-04-01,Friday,4,2011,FOODS_3_090,FOODS,CA_1,,,,0,None,0,19.4,28.5,10.0,0.0,0.0,0,0,0,0,0.0,4
d_64,0,2011-04-02,Saturday,4,2011,FOODS_3_090,FOODS,CA_1,,,,0,None,0,18.6,23.8,13.1,0.0,0.0,0,0,0,0,0.0,5
d_65,0,2011-04-03,Sunday,4,2011,FOODS_3_090,FOODS,CA_1,,,,0,None,0,14.8,19.2,10.9,0.0,0.0,0,0,0,0,0.0,6
d_66,0,2011-04-04,Monday,4,2011,FOODS_3_090,FOODS,CA_1,Gudi Padwa,Hindu,High,1,None,0,15.9,23.1,7.8,0.0,0.0,0,0,0,0,0.0,0
d_67,0,2011-04-05,Tuesday,4,2011,FOODS_3_090,FOODS,CA_1,,,,0,None,0,17.0,23.6,9.8,0.0,0.0,0,0,0,0,0.0,1
d_68,0,2011-04-06,Wednesday,4,2011,FOODS_3_090,FOODS,CA_1,,,,0,None,0,16.0,21.7,10.0,0.0,0.0,0,0,0,0,0.0,2
d_69,0,2011-04-07,Thursday,4,2011,FOODS_3_090,FOODS,CA_1,,,,0,None,0,8.0,12.4,4.1,12.1,12.1,1,1,0,0,0.0,3
d_70,0,2011-04-08,Friday,4,2011,FOODS_3_090,FOODS,CA_1,,,,0,None,0,6.3,10.2,1.0,0.9,0.9,1,0,0,0,0.0,4
d_71,0,2011-04-09,Saturday,4,2011,FOODS_3_090,FOODS,CA_1,,,,0,None,0,8.1,13.1,1.6,0.0,0.0,0,0,0,0,0.0,5
d_72,0,2011-04-10,Sunday,4,2011,FOODS_3_090,FOODS,CA_1,,,,0,None,0,10.3,16.9,2.6,0.0,0.0,0,0,0,0,0.0,6
d_73,0,2011-04-11,Monday,4,2011,FOODS_3_090,FOODS,CA_1,,,,0,None,0,12.4,18.0,6.7,0.0,0.0,0,0,0,0,0.0,0
d_74,0,2011-04-12,Tuesday,4,2011,FOODS_3_090,FOODS,CA_1,,,,0,None,0,12.8,19.0,6.3,0.0,0.0,0,0,0,0,0.0,1
d_75,0,2011-04-13,Wednesday,4,2011,FOODS_3_090,FOODS,CA_1,,,,0,None,0,10.4,14.3,7.3,0.2,0.2,1,0,0,0,0.0,2
d_76,0,2011-04-14,Thursday,4,2011,FOODS_3_090,FOODS,CA_1,,,,0,None,0,11.0,17.8,4.8,0.0,0.0,0,0,0,0,0.0,3
d_77,0,2011-04-15,Friday,4,2011,FOODS_3_090,FOODS,CA_1,,,,0,None,0,13.8,21.4,6.1,0.0,0.0,0,0,0,0,0.0,4
d_78,0,2011-04-16,Saturday,4,2011,FOODS_3_090,FOODS,CA_1,,,,0,None,0,15.9,23.0,9.3,0.0,0.0,0,0,0,0,0.0,5
d_79,0,2011-04-17,Sunday,4,2011,FOODS_3_090,FOODS,CA_1,,,,0,None,0,17.4,24.3,10.3,0.0,0.0,0,0,0,0,0.0,6
d_80,0,2011-04-18,Monday,4,2011,FOODS_3_090,FOODS,CA_1,,,,0,None,0,17.0,22.4,11.7,0.0,0.0,0,0,0,0,0.0,0
d_81,0,2011-04-19,Tuesday,4,2011,FOODS_3_090,FOODS,CA_1,,,,0,None,0,16.2,21.1,10.2,0.0,0.0,0,0,0,0,0.0,1
d_82,0,2011-04-20,Wednesday,4,2011,FOODS_3_090,FOODS,CA_1,,,,0,None,0,16.8,21.7,11.2,1.4,1.4,1,0,0,0,0.0,2
d_83,0,2011-04-21,Thursday,4,2011,FOODS_3_090,FOODS,CA_1,,,,0,None,0,15.1,19.9,11.5,1.6,1.6,1,0,0,0,0.0,3
d_84,0,2011-04-22,Friday,4,2011,FOODS_3_090,FOODS,CA_1,,,,0,None,0,14.3,20.0,8.1,1.0,1.0,1,0,0,0,0.0,4
d_85,0,2011-04-23,Saturday,4,2011,FOODS_3_090,FOODS,CA_1,,,,0,None,0,14.8,20.2,9.0,0.0,0.0,0,0,0,0,0.0,5
d_86,0,2011-04-24,Sunday,4,2011,FOODS_3_090,FOODS,CA_1,,,,0,None,0,14.9,18.2,12.4,0.8,0.8,1,0,0,0,0.0,6
d_87,0,2011-04-25,Monday,4,2011,FOODS_3_090,FOODS,CA_1,,,,0,None,0,14.1,18.8,8.9,0.0,0.0,0,0,0,0,0.0,0
d_88,0,2011-04-26,Tuesday,4,2011,FOODS_3_090,FOODS,CA_1,,,,0,None,0,13.9,19.8,7.8,0.0,0.0,0,0,0,0,0.0,1
d_89,0,2011-04-27,Wednesday,4,2011,FOODS_3_090,FOODS,CA_1,,,,0,None,0,15.6,22.5,8.3,0.0,0.0,0,0,0,0,0.0,2
d_90,0,2011-04-28,Thursday,4,2011,FOODS_3_090,FOODS,CA_1,,,,0,None,0,16.7,23.0,9.3,0.0,0.0,0,0,0,0,0.0,3
d_91,0,2011-04-29,Friday,4,2011,FOODS_3_090,FOODS,CA_1,,,,0,None,0,13.7,19.3,8.4,0.0,0.0,0,0,0,0,0.0,4
d_92,0,2011-04-30,Saturday,4,2011,FOODS_3_090,FOODS,CA_1,,,,0,None,0,14.4,21.5,6.0,0.0,0.0,0,0,0,0,0.0,5
d_93,0,2011-05-01,Sunday,5,2011,FOODS_3_090,FOODS,CA_1,,,,0,None,0,15.6,22.8,7.7,0.0,0.0,0,0,0,0,0.0,6
d_94,0,2011-05-02,Monday,5,2011,FOODS_3_090,FOODS,CA_1,,,,0,None,0,18.7,26.7,9.2,0.0,0.0,0,0,0,0,0.0,0
d_95,0,2011-05-03,Tuesday,5,2011,FOODS_3_090,FOODS,CA_1,,,,0,None,0,19.2,27.7,9.8,0.0,0.0,0,0,0,0,0.0,1
d_96,0,2011-05-04,Wednesday,5,2011,FOODS_3_090,FOODS,CA_1,,,,0,None,0,21.1,30.3,11.5,0.0,0.0,0,0,0,0,0.0,2
d_97,0,2011-05-05,Thursday,5,2011,FOODS_3_090,FOODS,CA_1,,,,0,None,0,23.6,32.9,13.1,0.0,0.0,0,0,0,0,0.0,3
d_98,0,2011-05-06,Friday,5,2011,FOODS_3_090,FOODS,CA_1,,,,0,None,0,23.0,31.5,13.0,0.0,0.0,0,0,0,0,0.0,4
d_99,0,2011-05-07,Saturday,5,2011,FOODS_3_090,FOODS,CA_1,,,,0,None,0,19.8,26.3,12.6,0.0,0.0,0,0,0,0,0.0,5
d_100,0,2011-05-08,Sunday,5,2011,FOODS_3_090,FOODS,CA_1,,,,0,None,0,14.0,17.2,10.9,3.5,3.5,1,0,0,0,0.0,6
d_101,0,2011-05-09,Monday,5,2011,FOODS_3_090,FOODS,CA_1,,,,0,None,0,12.6,17.0,8.6,0.9,0.9,1,0,0,0,0.0,0
d_102,0,2011-05-10,Tuesday,5,2011,FOODS_3_090,FOODS,CA_1,,,,0,None,0,14.2,20.9,6.1,0.0,0.0,0,0,0,0,0.0,1
d_103,0,2011-05-11,Wednesday,5,2011,FOODS_3_090,FOODS,CA_1,,,,0,None,0,17.8,25.0,8.8,0.0,0.0,0,0,0,0,0.0,2
d_104,0,2011-05-12,Thursday,5,2011,FOODS_3_090,FOODS,CA_1,,,,0,None,0,19.5,27.5,10.6,0.0,0.0,0,0,0,0,0.0,3
d_105,0,2011-05-13,Friday,5,2011,FOODS_3_090,FOODS,CA_1,,,,0,None,0,21.1,28.6,12.1,0.0,0.0,0,0,0,0,0.0,4
d_106,0,2011-05-14,Saturday,5,2011,FOODS_3_090,FOODS,CA_1,,,,0,None,0,16.9,20.8,12.2,0.0,0.0,0,0,0,0,0.0,5
d_107,0,2011-05-15,Sunday,5,2011,FOODS_3_090,FOODS,CA_1,,,,0,None,0,11.7,14.7,8.0,13.2,13.2,1,1,0,0,0.0,6
d_108,0,2011-05-16,Monday,5,2011,FOODS_3_090,FOODS,CA_1,,,,0,None,0,11.8,15.0,8.4,1.6,1.6,1,0,0,0,0.0,0
d_109,0,2011-05-17,Tuesday,5,2011,FOODS_3_090,FOODS,CA_1,,,,0,None,0,11.7,14.7,9.5,12.8,12.8,1,1,0,0,0.0,1
d_110,0,2011-05-18,Wednesday,5,2011,FOODS_3_090,FOODS,CA_1,,,,0,None,0,12.8,17.2,8.6,9.5,9.5,1,0,0,0,0.0,2
d_111,0,2011-05-19,Thursday,5,2011,FOODS_3_090,FOODS,CA_1,,,,0,None,0,15.1,20.4,8.5,0.0,0.0,0,0,0,0,0.0,3
d_112,0,2011-05-20,Friday,5,2011,FOODS_3_090,FOODS,CA_1,,,,0,None,0,17.3,24.2,9.4,0.0,0.0,0,0,0,0,0.0,4
d_113,0,2011-05-21,Saturday,5,2011,FOODS_3_090,FOODS,CA_1,,,,0,None,0,19.0,24.9,12.8,0.0,0.0,0,0,0,0,0.0,5
d_114,0,2011-05-22,Sunday,5,2011,FOODS_3_090,FOODS,CA_1,,,,0,None,0,17.7,24.0,10.6,0.0,0.0,0,0,0,0,0.0,6
d_115,0,2011-05-23,Monday,5,2011,FOODS_3_090,FOODS,CA_1,,,,0,None,0,15.3,20.7,9.8,0.0,0.0,0,0,0,0,0.0,0
d_116,0,2011-05-24,Tuesday,5,2011,FOODS_3_090,FOODS,CA_1,,,,0,None,0,16.3,23.1,7.8,0.0,0.0,0,0,0,0,0.0,1
d_117,0,2011-05-25,Wednesday,5,2011,FOODS_3_090,FOODS,CA_1,,,,0,None,0,18.2,25.8,10.9,0.0,0.0,0,0,0,0,0.0,2
d_118,0,2011-05-26,Thursday,5,2011,FOODS_3_090,FOODS,CA_1,,,,0,None,0,16.5,22.5,10.3,0.0,0.0,0,0,0,0,0.0,3
d_119,0,2011-05-27,Friday,5,2011,FOODS_3_090,FOODS,CA_1,,,,0,None,0,17.7,24.1,10.9,0.0,0.0,0,0,0,0,0.0,4
d_120,0,2011-05-28,Saturday,5,2011,FOODS_3_090,FOODS,CA_1,,,,0,None,0,16.8,22.2,11.9,0.0,0.0,0,0,0,0,0.0,5
d_121,0,2011-05-29,Sunday,5,2011,FOODS_3_090,FOODS,CA_1,,,,0,None,0,13.3,18.1,8.6,2.8,2.8,1,0,0,0,0.0,6
d_122,0,2011-05-30,Monday,5,2011,FOODS_3_090,FOODS,CA_1,,,,0,None,0,16.1,23.2,7.5,0.0,0.0,0,0,0,0,0.0,0
d_123,0,2011-05-31,Tuesday,5,2011,FOODS_3_090,FOODS,CA_1,,,,0,None,0,17.6,24.6,10.0,0.0,0.0,0,0,0,0,0.0,1
d_124,0,2011-06-01,Wednesday,6,2011,FOODS_3_090,FOODS,CA_1,,,,0,None,0,15.1,19.5,10.7,0.0,0.0,0,0,0,0,0.0,2
d_125,0,2011-06-02,Thursday,6,2011,FOODS_3_090,FOODS,CA_1,,,,0,None,0,15.5,22.0,7.7,0.0,0.0,0,0,0,0,0.0,3
d_126,0,2011-06-03,Friday,6,2011,FOODS_3_090,FOODS,CA_1,,,,0,None,0,16.7,22.4,9.5,0.0,0.0,0,0,0,0,0.0,4
d_127,0,2011-06-04,Saturday,6,2011,FOODS_3_090,FOODS,CA_1,,,,0,None,0,15.4,17.3,13.7,5.0,5.0,1,0,0,0,0.0,5
d_128,0,2011-06-05,Sunday,6,2011,FOODS_3_090,FOODS,CA_1,,,,0,None,0,16.4,20.9,12.4,17.7,17.7,1,1,0,0,0.0,6
d_129,0,2011-06-06,Monday,6,2011,FOODS_3_090,FOODS,CA_1,,,,0,None,0,15.6,19.8,12.1,7.4,7.4,1,0,0,0,0.0,0
d_130,0,2011-06-07,Tuesday,6,2011,FOODS_3_090,FOODS,CA_1,,,,0,None,0,17.3,22.0,11.5,0.0,0.0,0,0,0,0,0.0,1
d_131,0,2011-06-08,Wednesday,6,2011,FOODS_3_090,FOODS,CA_1,,,,0,None,0,20.0,25.5,13.0,0.0,0.0,0,0,0,0,0.0,2
d_132,0,2011-06-09,Thursday,6,2011,FOODS_3_090,FOODS,CA_1,,,,0,None,0,21.0,27.9,12.7,0.0,0.0,0,0,0,0,0.0,3
d_133,0,2011-06-10,Friday,6,2011,FOODS_3_090,FOODS,CA_1,,,,0,None,0,21.7,28.5,14.0,0.0,0.0,0,0,0,0,0.0,4
d_134,0,2011-06-11,Saturday,6,2011,FOODS_3_090,FOODS,CA_1,,,,0,None,0,19.7,25.7,12.6,0.0,0.0,0,0,0,0,0.0,5
d_135,0,2011-06-12,Sunday,6,2011,FOODS_3_090,FOODS,CA_1,,,,0,None,0,20.2,26.6,13.0,0.0,0.0,0,0,0,0,0.0,6
d_136,0,2011-06-13,Monday,6,2011,FOODS_3_090,FOODS,CA_1,,,,0,None,0,23.1,29.8,14.2,0.0,0.0,0,0,0,0,0.0,0
d_137,0,2011-06-14,Tuesday,6,2011,FOODS_3_090,FOODS,CA_1,,,,0,None,0,25.7,33.3,17.1,0.0,0.0,0,0,0,0,0.0,1
d_138,0,2011-06-15,Wednesday,6,2011,FOODS_3_090,FOODS,CA_1,,,,0,None,0,26.0,33.5,16.6,0.0,0.0,0,0,0,0,0.0,2
d_139,0,2011-06-16,Thursday,6,2011,FOODS_3_090,FOODS,CA_1,,,,0,None,0,25.2,32.0,16.5,0.0,0.0,0,0,0,0,0.0,3
d_140,0,2011-06-17,Friday,6,2011,FOODS_3_090,FOODS,CA_1,,,,0,None,0,24.3,30.2,17.6,0.0,0.0,0,0,0,0,0.0,4
d_141,0,2011-06-18,Saturday,6,2011,FOODS_3_090,FOODS,CA_1,,,,0,None,0,24.5,31.4,16.1,0.0,0.0,0,0,0,0,0.0,5
d_142,0,2011-06-19,Sunday,6,2011,FOODS_3_090,FOODS,CA_1,,,,0,None,0,24.5,30.8,16.0,0.0,0.0,0,0,0,0,0.0,6
d_143,0,2011-06-20,Monday,6,2011,FOODS_3_090,FOODS,CA_1,,,,0,None,0,27.1,34.9,17.7,0.0,0.0,0,0,0,0,0.0,0
d_144,0,2011-06-21,Tuesday,6,2011,FOODS_3_090,FOODS,CA_1,,,,0,None,0,29.4,38.0,19.7,0.0,0.0,0,0,0,0,0.0,1
d_145,0,2011-06-22,Wednesday,6,2011,FOODS_3_090,FOODS,CA_1,,,,0,None,0,29.7,38.1,19.2,0.0,0.0,0,0,0,0,0.0,2
d_146,0,2011-06-23,Thursday,6,2011,FOODS_3_090,FOODS,CA_1,,,,0,None,0,28.6,35.9,20.0,0.0,0.0,0,0,0,0,0.0,3
d_147,0,2011-06-24,Friday,6,2011,FOODS_3_090,FOODS,CA_1,,,,0,None,0,26.7,33.9,18.3,0.0,0.0,0,0,0,0,0.0,4
d_148,0,2011-06-25,Saturday,6,2011,FOODS_3_090,FOODS,CA_1,,,,0,None,0,25.8,33.2,17.1,0.0,0.0,0,0,0,0,0.0,5
d_149,0,2011-06-26,Sunday,6,2011,FOODS_3_090,FOODS,CA_1,,,,0,None,0,25.6,33.2,16.2,0.0,0.0,0,0,0,0,0.0,6
d_150,0,2011-06-27,Monday,6,2011,FOODS_3_090,FOODS,CA_1,,,,0,None,0,26.8,34.4,17.1,0.0,0.0,0,0,0,0,0.0,0
d_151,0,2011-06-28,Tuesday,6,2011,FOODS_3_090,FOODS,CA_1,,,,0,None,0,25.4,32.1,18.3,0.0,0.0,0,0,0,0,0.0,1
d_152,0,2011-06-29,Wednesday,6,2011,FOODS_3_090,FOODS,CA_1,,,,0,None,0,18.3,21.5,15.6,19.5,19.5,1,1,0,0,0.0,2
d_153,0,2011-06-30,Thursday,6,2011,FOODS_3_090,FOODS,CA_1,,,,0,None,0,21.0,27.3,14.9,0.0,0.0,0,0,0,0,0.0,3
d_154,0,2011-07-01,Friday,7,2011,FOODS_3_090,FOODS,CA_1,,,,0,None,0,25.2,32.5,17.8,0.0,0.0,0,0,0,0,0.0,4
d_155,0,2011-07-02,Saturday,7,2011,FOODS_3_090,FOODS,CA_1,,,,0,None,0,27.6,36.5,17.9,0.0,0.0,0,0,0,0,0.0,5
d_156,0,2011-07-03,Sunday,7,2011,FOODS_3_090,FOODS,CA_1,,,,0,None,0,29.0,37.7,18.9,0.0,0.0,0,0,0,0,0.0,6
d_157,0,2011-07-04,Monday,7,2011,FOODS_3_090,FOODS,CA_1,,,,0,None,0,29.7,37.8,19.9,0.0,0.0,0,0,0,0,0.0,0
d_158,0,2011-07-05,Tuesday,7,2011,FOODS_3_090,FOODS,CA_1,,,,0,None,0,29.3,35.6,21.5,0.0,0.0,0,0,0,0,0.0,1
d_159,0,2011-07-06,Wednesday,7,2011,FOODS_3_090,FOODS,CA_1,,,,0,None,0,30.5,37.2,22.7,0.0,0.0,0,0,0,0,0.0,2
d_160,0,2011-07-07,Thursday,7,2011,FOODS_3_090,FOODS,CA_1,,,,0,None,0,30.5,37.0,22.7,0.0,0.0,0,0,0,0,0.0,3
d_161,0,2011-07-08,Friday,7,2011,FOODS_3_090,FOODS,CA_1,,,,0,None,0,30.2,37.4,21.6,0.0,0.0,0,0,0,0,0.0,4
d_162,0,2011-07-09,Saturday,7,2011,FOODS_3_090,FOODS,CA_1,,,,0,None,0,29.3,36.3,21.1,0.0,0.0,0,0,0,0,0.0,5
d_163,0,2011-07-10,Sunday,7,2011,FOODS_3_090,FOODS,CA_1,,,,0,None,0,27.4,34.9,18.4,0.0,0.0,0,0,0,0,0.0,6
d_164,0,2011-07-11,Monday,7,2011,FOODS_3_090,FOODS,CA_1,,,,0,None,0,25.4,32.2,18.0,0.0,0.0,0,0,0,0,0.0,0
d_165,0,2011-07-12,Tuesday,7,2011,FOODS_3_090,FOODS,CA_1,,,,0,None,0,24.4,30.7,17.5,0.0,0.0,0,0,0,0,0.0,1
d_166,0,2011-07-13,Wednesday,7,2011,FOODS_3_090,FOODS,CA_1,,,,0,None,0,23.6,29.0,17.7,0.0,0.0,0,0,0,0,0.0,2
d_167,0,2011-07-14,Thursday,7,2011,FOODS_3_090,FOODS,CA_1,,,,0,None,0,22.5,27.8,16.8,0.0,0.0,0,0,0,0,0.0,3
d_168,0,2011-07-15,Friday,7,2011,FOODS_3_090,FOODS,CA_1,,,,0,None,0,22.4,28.4,16.3,0.0,0.0,0,0,0,0,0.0,4
d_169,0,2011-07-16,Saturday,7,2011,FOODS_3_090,FOODS,CA_1,,,,0,None,0,23.0,29.2,16.4,0.0,0.0,0,0,0,0,0.0,5
d_170,0,2011-07-17,Sunday,7,2011,FOODS_3_090,FOODS,CA_1,,,,0,None,0,24.3,31.2,16.8,0.0,0.0,0,0,0,0,0.0,6
d_171,0,2011-07-18,Monday,7,2011,FOODS_3_090,FOODS,CA_1,,,,0,None,0,25.6,33.4,16.4,0.0,0.0,0,0,0,0,0.0,0
d_172,0,2011-07-19,Tuesday,7,2011,FOODS_3_090,FOODS,CA_1,,,,0,None,0,26.0,33.6,17.5,0.0,0.0,0,0,0,0,0.0,1
d_173,0,2011-07-20,Wednesday,7,2011,FOODS_3_090,FOODS,CA_1,,,,0,None,0,27.2,34.9,17.8,0.0,0.0,0,0,0,0,0.0,2
d_174,0,2011-07-21,Thursday,7,2011,FOODS_3_090,FOODS,CA_1,,,,0,None,0,27.7,35.3,17.9,0.0,0.0,0,0,0,0,0.0,3
d_175,0,2011-07-22,Friday,7,2011,FOODS_3_090,FOODS,CA_1,,,,0,None,0,27.5,34.8,18.7,0.0,0.0,0,0,0,0,0.0,4
d_176,0,2011-07-23,Saturday,7,2011,FOODS_3_090,FOODS,CA_1,,,,0,None,0,28.0,35.0,19.9,0.0,0.0,0,0,0,0,0.0,5
d_177,0,2011-07-24,Sunday,7,2011,FOODS_3_090,FOODS,CA_1,,,,0,None,0,28.9,36.4,20.2,0.0,0.0,0,0,0,0,0.0,6
d_178,0,2011-07-25,Monday,7,2011,FOODS_3_090,FOODS,CA_1,,,,0,None,0,28.0,35.7,19.2,0.0,0.0,0,0,0,0,0.0,0
d_179,0,2011-07-26,Tuesday,7,2011,FOODS_3_090,FOODS,CA_1,,,,0,None,0,27.3,34.8,18.0,0.0,0.0,0,0,0,0,0.0,1
d_180,0,2011-07-27,Wednesday,7,2011,FOODS_3_090,FOODS,CA_1,,,,0,None,0,27.8,35.6,18.5,0.0,0.0,0,0,0,0,0.0,2
d_181,0,2011-07-28,Thursday,7,2011,FOODS_3_090,FOODS,CA_1,,,,0,None,0,28.7,37.0,18.8,0.0,0.0,0,0,0,0,0.0,3
d_182,0,2011-07-29,Friday,7,2011,FOODS_3_090,FOODS,CA_1,,,,0,None,0,30.0,36.9,21.8,0.0,0.0,0,0,0,0,0.0,4
d_183,0,2011-07-30,Saturday,7,2011,FOODS_3_090,FOODS,CA_1,,,,0,None,0,30.3,36.9,23.7,0.0,0.0,0,0,0,0,0.0,5
d_184,0,2011-07-31,Sunday,7,2011,FOODS_3_090,FOODS,CA_1,,,,0,None,0,29.3,35.3,23.2,0.2,0.2,1,0,0,0,0.0,6
d_185,0,2011-08-01,Monday,8,2011,FOODS_3_090,FOODS,CA_1,,,,0,None,0,29.7,37.1,21.3,0.0,0.0,0,0,0,0,0.0,0
d_186,0,2011-08-02,Tuesday,8,2011,FOODS_3_090,FOODS,CA_1,,,,0,None,0,30.3,37.9,21.8,0.0,0.0,0,0,0,0,0.0,1
d_187,0,2011-08-03,Wednesday,8,2011,FOODS_3_090,FOODS,CA_1,,,,0,None,0,29.4,37.0,20.3,0.0,0.0,0,0,0,0,0.0,2
d_188,0,2011-08-04,Thursday,8,2011,FOODS_3_090,FOODS,CA_1,,,,0,None,0,26.8,33.4,19.0,0.0,0.0,0,0,0,0,0.0,3
d_189,0,2011-08-05,Friday,8,2011,FOODS_3_090,FOODS,CA_1,,,,0,None,0,26.5,33.5,18.5,0.0,0.0,0,0,0,0,0.0,4
d_190,0,2011-08-06,Saturday,8,2011,FOODS_3_090,FOODS,CA_1,,,,0,None,0,27.3,34.4,18.7,0.0,0.0,0,0,0,0,0.0,5
d_191,0,2011-08-07,Sunday,8,2011,FOODS_3_090,FOODS,CA_1,,,,0,None,0,27.3,34.5,18.9,0.0,0.0,0,0,0,0,0.0,6
d_192,0,2011-08-08,Monday,8,2011,FOODS_3_090,FOODS,CA_1,,,,0,None,0,27.5,35.0,18.6,0.0,0.0,0,0,0,0,0.0,0
d_193,0,2011-08-09,Tuesday,8,2011,FOODS_3_090,FOODS,CA_1,,,,0,None,0,27.4,35.1,18.3,0.0,0.0,0,0,0,0,0.0,1
d_194,0,2011-08-10,Wednesday,8,2011,FOODS_3_090,FOODS,CA_1,,,,0,None,0,27.0,34.7,17.7,0.0,0.0,0,0,0,0,0.0,2
d_195,0,2011-08-11,Thursday,8,2011,FOODS_3_090,FOODS,CA_1,,,,0,None,0,27.2,33.6,20.0,0.0,0.0,0,0,0,0,0.0,3
d_196,0,2011-08-12,Friday,8,2011,FOODS_3_090,FOODS,CA_1,,,,0,None,0,26.7,34.0,18.3,0.0,0.0,0,0,0,0,0.0,4
d_197,0,2011-08-13,Saturday,8,2011,FOODS_3_090,FOODS,CA_1,,,,0,None,0,28.3,35.6,19.7,0.0,0.0,0,0,0,0,0.0,5
d_198,0,2011-08-14,Sunday,8,2011,FOODS_3_090,FOODS,CA_1,,,,0,None,0,28.2,36.3,19.2,0.0,0.0,0,0,0,0,0.0,6
d_199,0,2011-08-15,Monday,8,2011,FOODS_3_090,FOODS,CA_1,,,,0,None,0,27.8,35.5,18.5,0.0,0.0,0,0,0,0,0.0,0
d_200,0,2011-08-16,Tuesday,8,2011,FOODS_3_090,FOODS,CA_1,,,,0,None,0,26.9,34.9,17.5,0.0,0.0,0,0,0,0,0.0,1
d_201,0,2011-08-17,Wednesday,8,2011,FOODS_3_090,FOODS,CA_1,,,,0,None,0,27.4,35.3,18.6,0.0,0.0,0,0,0,0,0.0,2
d_202,0,2011-08-18,Thursday,8,2011,FOODS_3_090,FOODS,CA_1,,,,0,None,0,27.4,34.4,18.2,0.0,0.0,0,0,0,0,0.0,3
d_203,0,2011-08-19,Friday,8,2011,FOODS_3_090,FOODS,CA_1,,,,0,None,0,26.6,33.0,18.7,0.0,0.0,0,0,0,0,0.0,4
d_204,0,2011-08-20,Saturday,8,2011,FOODS_3_090,FOODS,CA_1,,,,0,None,0,25.9,32.3,17.6,0.0,0.0,0,0,0,0,0.0,5
d_205,0,2011-08-21,Sunday,8,2011,FOODS_3_090,FOODS,CA_1,,,,0,None,0,26.2,32.8,19.0,0.0,0.0,0,0,0,0,0.0,6
d_206,0,2011-08-22,Monday,8,2011,FOODS_3_090,FOODS,CA_1,,,,0,None,0,26.4,33.7,18.7,0.0,0.0,0,0,0,0,0.0,0
d_207,0,2011-08-23,Tuesday,8,2011,FOODS_3_090,FOODS,CA_1,,,,0,None,0,28.4,36.6,19.3,0.0,0.0,0,0,0,0,0.0,1
d_208,0,2011-08-24,Wednesday,8,2011,FOODS_3_090,FOODS,CA_1,,,,0,None,0,30.0,37.7,20.9,0.0,0.0,0,0,0,0,0.0,2
d_209,0,2011-08-25,Thursday,8,2011,FOODS_3_090,FOODS,CA_1,,,,0,None,0,29.3,37.3,20.5,0.0,0.0,0,0,0,0,0.0,3
d_210,0,2011-08-26,Friday,8,2011,FOODS_3_090,FOODS,CA_1,,,,0,None,0,30.2,38.7,20.3,0.0,0.0,0,0,0,0,0.0,4
d_211,0,2011-08-27,Saturday,8,2011,FOODS_3_090,FOODS,CA_1,,,,0,None,0,32.2,38.9,24.0,0.0,0.0,0,0,0,0,0.0,5
d_212,0,2011-08-28,Sunday,8,2011,FOODS_3_090,FOODS,CA_1,,,,0,None,0,30.9,38.5,22.5,0.0,0.0,0,0,0,0,0.0,6
d_213,0,2011-08-29,Monday,8,2011,FOODS_3_090,FOODS,CA_1,,,,0,None,0,29.7,37.6,21.0,0.0,0.0,0,0,0,0,0.0,0
d_214,0,2011-08-30,Tuesday,8,2011,FOODS_3_090,FOODS,CA_1,,,,0,None,0,27.9,35.5,19.1,0.0,0.0,0,0,0,0,0.0,1
d_215,0,2011-08-31,Wednesday,8,2011,FOODS_3_090,FOODS,CA_1,Ganesh Chaturthi,Hindu,High,1,High,3,26.7,33.6,18.7,0.0,0.0,0,0,0,0,0.0,2
d_216,0,2011-09-01,Thursday,9,2011,FOODS_3_090,FOODS,CA_1,,,,0,None,0,27.0,34.3,18.7,0.0,0.0,0,0,0,0,0.0,3
d_217,0,2011-09-02,Friday,9,2011,FOODS_3_090,FOODS,CA_1,,,,0,None,0,27.9,36.0,18.9,0.0,0.0,0,0,0,0,0.0,4
d_218,0,2011-09-03,Saturday,9,2011,FOODS_3_090,FOODS,CA_1,,,,0,None,0,28.2,36.3,19.3,0.0,0.0,0,0,0,0,0.0,5
d_219,0,2011-09-04,Sunday,9,2011,FOODS_3_090,FOODS,CA_1,,,,0,None,0,28.1,36.4,18.4,0.0,0.0,0,0,0,0,0.0,6
d_220,0,2011-09-05,Monday,9,2011,FOODS_3_090,FOODS,CA_1,,,,0,None,0,27.4,35.9,18.6,0.0,0.0,0,0,0,0,0.0,0
d_221,0,2011-09-06,Tuesday,9,2011,FOODS_3_090,FOODS,CA_1,,,,0,None,0,27.5,36.0,18.4,0.0,0.0,0,0,0,0,0.0,1
d_222,0,2011-09-07,Wednesday,9,2011,FOODS_3_090,FOODS,CA_1,,,,0,None,0,28.6,37.4,19.2,0.0,0.0,0,0,0,0,0.0,2
d_223,0,2011-09-08,Thursday,9,2011,FOODS_3_090,FOODS,CA_1,,,,0,None,0,28.3,35.4,20.9,0.0,0.0,0,0,0,0,0.0,3
d_224,0,2011-09-09,Friday,9,2011,FOODS_3_090,FOODS,CA_1,,,,0,None,0,27.5,33.8,19.3,0.0,0.0,0,0,0,0,0.0,4
d_225,0,2011-09-10,Saturday,9,2011,FOODS_3_090,FOODS,CA_1,,,,0,None,0,28.4,33.7,21.8,0.3,0.3,1,0,0,0,0.0,5
d_226,0,2011-09-11,Sunday,9,2011,FOODS_3_090,FOODS,CA_1,,,,0,None,0,26.2,30.3,21.5,0.0,0.0,0,0,0,0,0.0,6
d_227,0,2011-09-12,Monday,9,2011,FOODS_3_090,FOODS,CA_1,,,,0,None,0,25.2,32.1,17.7,0.0,0.0,0,0,0,0,0.0,0
d_228,0,2011-09-13,Tuesday,9,2011,FOODS_3_090,FOODS,CA_1,,,,0,None,0,25.9,32.6,18.1,0.0,0.0,0,0,0,0,0.0,1
d_229,0,2011-09-14,Wednesday,9,2011,FOODS_3_090,FOODS,CA_1,,,,0,None,0,25.8,32.1,18.9,0.0,0.0,0,0,0,0,0.0,2
d_230,0,2011-09-15,Thursday,9,2011,FOODS_3_090,FOODS,CA_1,,,,0,None,0,25.9,33.0,18.1,0.0,0.0,0,0,0,0,0.0,3
d_231,0,2011-09-16,Friday,9,2011,FOODS_3_090,FOODS,CA_1,,,,0,None,0,24.1,29.6,18.9,0.0,0.0,0,0,0,0,0.0,4
d_232,0,2011-09-17,Saturday,9,2011,FOODS_3_090,FOODS,CA_1,,,,0,None,0,22.8,29.0,15.7,0.0,0.0,0,0,0,0,0.0,5
d_233,0,2011-09-18,Sunday,9,2011,FOODS_3_090,FOODS,CA_1,,,,0,None,0,24.8,32.7,16.3,0.0,0.0,0,0,0,0,0.0,6
d_234,0,2011-09-19,Monday,9,2011,FOODS_3_090,FOODS,CA_1,,,,0,None,0,26.6,35.2,17.4,0.0,0.0,0,0,0,0,0.0,0
d_235,0,2011-09-20,Tuesday,9,2011,FOODS_3_090,FOODS,CA_1,,,,0,None,0,27.2,35.6,18.2,0.0,0.0,0,0,0,0,0.0,1
d_236,0,2011-09-21,Wednesday,9,2011,FOODS_3_090,FOODS,CA_1,,,,0,None,0,27.4,35.7,19.1,0.0,0.0,0,0,0,0,0.0,2
d_237,0,2011-09-22,Thursday,9,2011,FOODS_3_090,FOODS,CA_1,,,,0,None,0,27.2,35.2,18.7,0.0,0.0,0,0,0,0,0.0,3
d_238,145,2011-09-23,Friday,9,2011,FOODS_3_090,FOODS,CA_1,,,,0,None,0,28.0,36.2,19.6,0.0,0.0,0,0,0,0,0.0,4
d_239,126,2011-09-24,Saturday,9,2011,FOODS_3_090,FOODS,CA_1,,,,0,None,0,27.4,33.7,20.4,0.0,0.0,0,0,145,0,20.714285714285715,5
d_240,100,2011-09-25,Sunday,9,2011,FOODS_3_090,FOODS,CA_1,,,,0,None,0,22.2,27.1,17.2,0.0,0.0,0,0,126,0,38.714285714285715,6
d_241,106,2011-09-26,Monday,9,2011,FOODS_3_090,FOODS,CA_1,,,,0,None,0,21.3,27.3,16.2,0.0,0.0,0,0,100,0,53.0,0
d_242,80,2011-09-27,Tuesday,9,2011,FOODS_3_090,FOODS,CA_1,,,,0,None,0,24.2,31.6,16.2,0.0,0.0,0,0,106,0,68.14285714285714,1
d_243,130,2011-09-28,Wednesday,9,2011,FOODS_3_090,FOODS,CA_1,,,,0,None,0,25.9,34.5,17.9,0.0,0.0,0,0,80,0,79.57142857142857,2
d_244,60,2011-09-29,Thursday,9,2011,FOODS_3_090,FOODS,CA_1,,,,0,None,0,27.0,35.6,18.4,0.0,0.0,0,0,130,0,98.14285714285714,3
d_245,156,2011-09-30,Friday,9,2011,FOODS_3_090,FOODS,CA_1,,,,0,None,0,25.9,32.7,19.1,0.0,0.0,0,0,60,145,106.71428571428571,4
d_246,202,2011-10-01,Saturday,10,2011,FOODS_3_090,FOODS,CA_1,,,,0,None,0,24.6,31.4,17.2,0.0,0.0,0,0,156,126,108.28571428571429,5
d_247,26,2011-10-02,Sunday,10,2011,FOODS_3_090,FOODS,CA_1,,,,0,None,0,23.4,29.7,17.6,0.0,0.0,0,0,202,100,119.14285714285714,6
d_248,51,2011-10-03,Monday,10,2011,FOODS_3_090,FOODS,CA_1,,,,0,None,0,21.6,27.0,16.9,0.0,0.0,0,0,26,106,108.57142857142857,0
d_249,124,2011-10-04,Tuesday,10,2011,FOODS_3_090,FOODS,CA_1,,,,0,None,0,17.9,21.2,14.8,1.4,1.4,1,0,51,80,100.71428571428571,1
d_250,133,2011-10-05,Wednesday,10,2011,FOODS_3_090,FOODS,CA_1,,,,0,None,0,13.9,16.8,11.5,38.0,38.0,1,1,124,130,107.0,2
d_251,44,2011-10-06,Thursday,10,2011,FOODS_3_090,FOODS,CA_1,Dussehra,Hindu,High,1,High,3,12.8,16.3,10.1,1.6,1.6,1,0,133,60,107.42857142857143,3
d_252,128,2011-10-07,Friday,10,2011,FOODS_3_090,FOODS,CA_1,,,,0,None,0,13.4,17.9,10.0,0.0,0.0,0,0,44,156,105.14285714285714,4
d_253,168,2011-10-08,Saturday,10,2011,FOODS_3_090,FOODS,CA_1,,,,0,None,0,15.4,21.2,9.8,0.0,0.0,0,0,128,202,101.14285714285714,5
d_254,146,2011-10-09,Sunday,10,2011,FOODS_3_090,FOODS,CA_1,,,,0,None,0,17.4,24.7,10.7,0.0,0.0,0,0,168,26,96.28571428571429,6
d_255,51,2011-10-10,Monday,10,2011,FOODS_3_090,FOODS,CA_1,,,,0,None,0,17.9,23.6,12.0,0.0,0.0,0,0,146,51,113.42857142857143,0
d_256,176,2011-10-11,Tuesday,10,2011,FOODS_3_090,FOODS,CA_1,,,,0,None,0,19.8,26.1,13.7,0.0,0.0,0,0,51,124,113.42857142857143,1
d_257,96,2011-10-12,Wednesday,10,2011,FOODS_3_090,FOODS,CA_1,,,,0,None,0,19.8,26.0,13.5,0.0,0.0,0,0,176,133,120.85714285714286,2
d_258,100,2011-10-13,Thursday,10,2011,FOODS_3_090,FOODS,CA_1,,,,0,None,0,21.3,29.5,14.0,0.0,0.0,0,0,96,44,115.57142857142857,3
d_259,105,2011-10-14,Friday,10,2011,FOODS_3_090,FOODS,CA_1,,,,0,None,0,22.0,30.5,14.5,0.0,0.0,0,0,100,128,123.57142857142857,4
d_260,122,2011-10-15,Saturday,10,2011,FOODS_3_090,FOODS,CA_1,,,,0,None,0,22.4,30.3,14.9,0.0,0.0,0,0,105,168,120.28571428571429,5
d_261,112,2011-10-16,Sunday,10,2011,FOODS_3_090,FOODS,CA_1,,,,0,None,0,21.4,28.3,15.2,0.0,0.0,0,0,122,146,113.71428571428571,6
d_262,68,2011-10-17,Monday,10,2011,FOODS_3_090,FOODS,CA_1,,,,0,None,0,20.7,27.7,14.6,0.0,0.0,0,0,112,51,108.85714285714286,0
d_263,121,2011-10-18,Tuesday,10,2011,FOODS_3_090,FOODS,CA_1,,,,0,None,0,21.6,29.1,14.6,0.0,0.0,0,0,68,176,111.28571428571429,1
d_264,106,2011-10-19,Wednesday,10,2011,FOODS_3_090,FOODS,CA_1,,,,0,None,0,20.0,25.3,14.6,0.0,0.0,0,0,121,96,103.42857142857143,2
d_265,104,2011-10-20,Thursday,10,2011,FOODS_3_090,FOODS,CA_1,,,,0,None,0,19.8,25.9,14.0,0.0,0.0,0,0,106,100,104.85714285714286,3
d_266,270,2011-10-21,Friday,10,2011,FOODS_3_090,FOODS,CA_1,,,,0,None,0,18.8,25.0,12.3,0.0,0.0,0,0,104,105,105.42857142857143,4
d_267,187,2011-10-22,Saturday,10,2011,FOODS_3_090,FOODS,CA_1,,,,0,None,0,19.5,26.8,13.0,0.0,0.0,0,0,270,122,129.0,5
d_268,252,2011-10-23,Sunday,10,2011,FOODS_3_090,FOODS,CA_1,,,,0,None,0,20.5,29.1,13.4,0.0,0.0,0,0,187,112,138.28571428571428,6
d_269,138,2011-10-24,Monday,10,2011,FOODS_3_090,FOODS,CA_1,,,,0,None,0,20.2,28.2,13.6,0.0,0.0,0,0,252,68,158.28571428571428,0
d_270,223,2011-10-25,Tuesday,10,2011,FOODS_3_090,FOODS,CA_1,,,,0,None,0,17.9,22.8,13.8,0.0,0.0,0,0,138,121,168.28571428571428,1
d_271,100,2011-10-26,Wednesday,10,2011,FOODS_3_090,FOODS,CA_1,Diwali,Hindu,High,1,High,3,16.1,20.1,12.0,0.0,0.0,0,0,223,106,182.85714285714286,2
d_272,141,2011-10-27,Thursday,10,2011,FOODS_3_090,FOODS,CA_1,,,,0,None,0,15.6,22.4,8.8,0.0,0.0,0,0,100,104,182.0,3
d_273,134,2011-10-28,Friday,10,2011,FOODS_3_090,FOODS,CA_1,,,,0,None,0,16.4,24.2,9.0,0.0,0.0,0,0,141,270,187.28571428571428,4
d_274,254,2011-10-29,Saturday,10,2011,FOODS_3_090,FOODS,CA_1,,,,0,None,0,16.2,23.5,9.4,0.0,0.0,0,0,134,187,167.85714285714286,5
d_275,225,2011-10-30,Sunday,10,2011,FOODS_3_090,FOODS,CA_1,,,,0,None,0,17.5,26.8,10.2,0.0,0.0,0,0,254,252,177.42857142857142,6
d_276,132,2011-10-31,Monday,10,2011,FOODS_3_090,FOODS,CA_1,,,,0,None,0,17.3,25.6,9.8,0.0,0.0,0,0,225,138,173.57142857142858,0
d_277,215,2011-11-01,Tuesday,11,2011,FOODS_3_090,FOODS,CA_1,,,,0,None,0,16.0,22.5,10.0,0.0,0.0,0,0,132,223,172.71428571428572,1
d_278,128,2011-11-02,Wednesday,11,2011,FOODS_3_090,FOODS,CA_1,,,,0,None,0,16.4,23.4,10.0,0.0,0.0,0,0,215,100,171.57142857142858,2
d_279,100,2011-11-03,Thursday,11,2011,FOODS_3_090,FOODS,CA_1,,,,0,None,0,15.3,23.4,9.2,0.6,0.6,1,0,128,141,175.57142857142858,3
d_280,120,2011-11-04,Friday,11,2011,FOODS_3_090,FOODS,CA_1,,,,0,None,0,10.2,13.6,7.9,6.8,6.8,1,0,100,134,169.71428571428572,4
d_281,143,2011-11-05,Saturday,11,2011,FOODS_3_090,FOODS,CA_1,,,,0,None,0,9.0,12.9,4.6,0.2,0.2,1,0,120,254,167.71428571428572,5
d_282,150,2011-11-06,Sunday,11,2011,FOODS_3_090,FOODS,CA_1,,,,0,None,0,8.7,11.9,6.0,9.2,9.2,1,0,143,225,151.85714285714286,6
d_283,82,2011-11-07,Monday,11,2011,FOODS_3_090,FOODS,CA_1,,,,0,None,0,7.9,13.4,3.4,0.0,0.0,0,0,150,132,141.14285714285714,0
d_284,101,2011-11-08,Tuesday,11,2011,FOODS_3_090,FOODS,CA_1,,,,0,None,0,9.4,15.2,2.9,0.0,0.0,0,0,82,215,134.0,1
d_285,157,2011-11-09,Wednesday,11,2011,FOODS_3_090,FOODS,CA_1,,,,0,None,0,10.7,18.9,3.9,0.0,0.0,0,0,101,128,117.71428571428571,2
d_286,146,2011-11-10,Thursday,11,2011,FOODS_3_090,FOODS,CA_1,,,,0,None,0,12.6,21.1,5.1,0.0,0.0,0,0,157,100,121.85714285714286,3
d_287,166,2011-11-11,Friday,11,2011,FOODS_3_090,FOODS,CA_1,,,,0,None,0,13.5,20.2,8.9,4.2,4.2,1,0,146,120,128.42857142857142,4
d_288,178,2011-11-12,Saturday,11,2011,FOODS_3_090,FOODS,CA_1,,,,0,None,0,12.3,16.4,9.6,1.0,1.0,1,0,166,143,135.0,5
d_289,212,2011-11-13,Sunday,11,2011,FOODS_3_090,FOODS,CA_1,,,,0,None,0,11.5,16.8,7.2,0.0,0.0,0,0,178,150,140.0,6
d_290,156,2011-11-14,Monday,11,2011,FOODS_3_090,FOODS,CA_1,,,,0,None,0,11.8,17.0,6.9,0.0,0.0,0,0,212,82,148.85714285714286,0
d_291,114,2011-11-15,Tuesday,11,2011,FOODS_3_090,FOODS,CA_1,,,,0,None,0,11.9,17.2,6.3,0.0,0.0,0,0,156,101,159.42857142857142,1
d_292,54,2011-11-16,Wednesday,11,2011,FOODS_3_090,FOODS,CA_1,,,,0,None,0,11.6,17.4,6.0,0.0,0.0,0,0,114,157,161.28571428571428,2
d_293,130,2011-11-17,Thursday,11,2011,FOODS_3_090,FOODS,CA_1,,,,0,None,0,12.5,19.1,6.7,0.0,0.0,0,0,54,146,146.57142857142858,3
d_294,145,2011-11-18,Friday,11,2011,FOODS_3_090,FOODS,CA_1,,,,0,None,0,10.6,14.6,7.2,0.0,0.0,0,0,130,166,144.28571428571428,4
d_295,211,2011-11-19,Saturday,11,2011,FOODS_3_090,FOODS,CA_1,,,,0,None,0,9.1,12.0,6.6,0.0,0.0,0,0,145,178,141.28571428571428,5
d_296,170,2011-11-20,Sunday,11,2011,FOODS_3_090,FOODS,CA_1,,,,0,None,0,8.1,10.5,4.5,14.7,14.7,1,1,211,212,146.0,6
d_297,38,2011-11-21,Monday,11,2011,FOODS_3_090,FOODS,CA_1,,,,0,None,0,7.4,14.2,1.6,0.0,0.0,0,0,170,156,140.0,0
d_298,193,2011-11-22,Tuesday,11,2011,FOODS_3_090,FOODS,CA_1,,,,0,None,0,8.9,15.9,3.6,0.0,0.0,0,0,38,114,123.14285714285714,1
d_299,322,2011-11-23,Wednesday,11,2011,FOODS_3_090,FOODS,CA_1,,,,0,None,0,11.4,19.7,4.9,0.0,0.0,0,0,193,54,134.42857142857142,2
d_300,180,2011-11-24,Thursday,11,2011,FOODS_3_090,FOODS,CA_1,,,,0,None,0,11.4,16.4,6.6,0.0,0.0,0,0,322,130,172.71428571428572,3
d_301,104,2011-11-25,Friday,11,2011,FOODS_3_090,FOODS,CA_1,,,,0,None,0,10.1,14.8,5.9,0.0,0.0,0,0,180,145,179.85714285714286,4
d_302,129,2011-11-26,Saturday,11,2011,FOODS_3_090,FOODS,CA_1,,,,0,None,0,11.8,19.5,5.9,0.0,0.0,0,0,104,211,174.0,5
d_303,128,2011-11-27,Sunday,11,2011,FOODS_3_090,FOODS,CA_1,,,,0,None,0,13.6,22.7,6.6,0.0,0.0,0,0,129,170,162.28571428571428,6
d_304,78,2011-11-28,Monday,11,2011,FOODS_3_090,FOODS,CA_1,,,,0,None,0,12.8,19.4,7.8,0.0,0.0,0,0,128,38,156.28571428571428,0
d_305,81,2011-11-29,Tuesday,11,2011,FOODS_3_090,FOODS,CA_1,,,,0,None,0,11.8,19.2,6.7,0.0,0.0,0,0,78,193,162.0,1
d_306,120,2011-11-30,Wednesday,11,2011,FOODS_3_090,FOODS,CA_1,,,,0,None,0,9.9,15.1,6.0,0.0,0.0,0,0,81,322,146.0,2
d_307,63,2011-12-01,Thursday,12,2011,FOODS_3_090,FOODS,CA_1,,,,0,None,0,11.4,17.5,6.3,0.0,0.0,0,0,120,180,117.14285714285714,3
d_308,130,2011-12-02,Friday,12,2011,FOODS_3_090,FOODS,CA_1,,,,0,None,0,8.8,14.3,3.3,0.0,0.0,0,0,63,104,100.42857142857143,4
d_309,159,2011-12-03,Saturday,12,2011,FOODS_3_090,FOODS,CA_1,,,,0,None,0,7.5,14.3,1.6,0.0,0.0,0,0,130,129,104.14285714285714,5
d_310,143,2011-12-04,Sunday,12,2011,FOODS_3_090,FOODS,CA_1,,,,0,None,0,6.7,12.2,1.2,0.0,0.0,0,0,159,128,108.42857142857143,6
d_311,91,2011-12-05,Monday,12,2011,FOODS_3_090,FOODS,CA_1,,,,0,None,0,6.9,13.4,0.7,0.0,0.0,0,0,143,78,110.57142857142857,0
d_312,67,2011-12-06,Tuesday,12,2011,FOODS_3_090,FOODS,CA_1,,,,0,None,0,6.6,12.7,0.6,0.0,0.0,0,0,91,81,112.42857142857143,1
d_313,100,2011-12-07,Wednesday,12,2011,FOODS_3_090,FOODS,CA_1,,,,0,None,0,6.5,13.7,0.6,0.0,0.0,0,0,67,120,110.42857142857143,2
d_314,97,2011-12-08,Thursday,12,2011,FOODS_3_090,FOODS,CA_1,,,,0,None,0,6.7,14.2,0.5,0.0,0.0,0,0,100,63,107.57142857142857,3
d_315,107,2011-12-09,Friday,12,2011,FOODS_3_090,FOODS,CA_1,,,,0,None,0,8.3,15.8,2.6,0.0,0.0,0,0,97,130,112.42857142857143,4
d_316,174,2011-12-10,Saturday,12,2011,FOODS_3_090,FOODS,CA_1,,,,0,None,0,8.2,16.0,2.4,0.0,0.0,0,0,107,159,109.14285714285714,5
d_317,159,2011-12-11,Sunday,12,2011,FOODS_3_090,FOODS,CA_1,,,,0,None,0,7.7,14.0,2.9,0.0,0.0,0,0,174,143,111.28571428571429,6
d_318,61,2011-12-12,Monday,12,2011,FOODS_3_090,FOODS,CA_1,,,,0,None,0,7.9,11.7,4.8,0.0,0.0,0,0,159,91,113.57142857142857,0
d_319,47,2011-12-13,Tuesday,12,2011,FOODS_3_090,FOODS,CA_1,,,,0,None,0,8.9,12.6,5.6,0.0,0.0,0,0,61,67,109.28571428571429,1
d_320,118,2011-12-14,Wednesday,12,2011,FOODS_3_090,FOODS,CA_1,,,,0,None,0,8.4,12.3,4.3,0.0,0.0,0,0,47,100,106.42857142857143,2
d_321,133,2011-12-15,Thursday,12,2011,FOODS_3_090,FOODS,CA_1,,,,0,None,0,7.5,10.7,3.4,0.0,0.0,0,0,118,97,109.0,3
d_322,146,2011-12-16,Friday,12,2011,FOODS_3_090,FOODS,CA_1,,,,0,None,0,6.7,12.3,2.5,0.0,0.0,0,0,133,107,114.14285714285714,4
d_323,154,2011-12-17,Saturday,12,2011,FOODS_3_090,FOODS,CA_1,,,,0,None,0,7.0,14.2,1.5,0.0,0.0,0,0,146,174,119.71428571428571,5
d_324,116,2011-12-18,Sunday,12,2011,FOODS_3_090,FOODS,CA_1,,,,0,None,0,8.1,13.8,2.5,0.0,0.0,0,0,154,159,116.85714285714286,6
d_325,92,2011-12-19,Monday,12,2011,FOODS_3_090,FOODS,CA_1,,,,0,None,0,7.4,12.3,3.0,0.0,0.0,0,0,116,61,110.71428571428571,0
d_326,102,2011-12-20,Tuesday,12,2011,FOODS_3_090,FOODS,CA_1,,,,0,None,0,6.8,13.0,1.8,0.0,0.0,0,0,92,47,115.14285714285714,1
d_327,145,2011-12-21,Wednesday,12,2011,FOODS_3_090,FOODS,CA_1,,,,0,None,0,6.9,13.7,0.9,0.0,0.0,0,0,102,118,123.0,2
d_328,178,2011-12-22,Thursday,12,2011,FOODS_3_090,FOODS,CA_1,,,,0,None,0,6.4,13.5,0.7,0.0,0.0,0,0,145,133,126.85714285714286,3
d_329,213,2011-12-23,Friday,12,2011,FOODS_3_090,FOODS,CA_1,,,,0,None,0,6.0,12.2,0.3,0.0,0.0,0,0,178,146,133.28571428571428,4
d_330,271,2011-12-24,Saturday,12,2011,FOODS_3_090,FOODS,CA_1,,,,0,None,0,6.6,15.2,0.5,0.0,0.0,0,0,213,154,142.85714285714286,5
d_331,0,2011-12-25,Sunday,12,2011,FOODS_3_090,FOODS,CA_1,Christmas,Christian,High,1,High,3,7.8,16.5,1.5,0.0,0.0,0,0,271,116,159.57142857142858,6
d_332,121,2011-12-26,Monday,12,2011,FOODS_3_090,FOODS,CA_1,,,,0,None,0,7.2,15.4,1.3,0.0,0.0,0,0,0,92,143.0,0
d_333,70,2011-12-27,Tuesday,12,2011,FOODS_3_090,FOODS,CA_1,,,,0,None,0,7.0,13.5,1.7,0.0,0.0,0,0,121,102,147.14285714285714,1
d_334,137,2011-12-28,Wednesday,12,2011,FOODS_3_090,FOODS,CA_1,,,,0,None,0,8.2,15.4,2.1,0.0,0.0,0,0,70,145,142.57142857142858,2
d_335,123,2011-12-29,Thursday,12,2011,FOODS_3_090,FOODS,CA_1,,,,0,None,0,9.8,16.4,3.9,0.0,0.0,0,0,137,178,141.42857142857142,3
d_336,216,2011-12-30,Friday,12,2011,FOODS_3_090,FOODS,CA_1,,,,0,None,0,9.0,15.0,4.6,0.0,0.0,0,0,123,213,133.57142857142858,4
d_337,206,2011-12-31,Saturday,12,2011,FOODS_3_090,FOODS,CA_1,,,,0,None,0,8.4,15.0,3.5,0.0,0.0,0,0,216,271,134.0,5
d_338,56,2012-01-01,Sunday,1,2012,FOODS_3_090,FOODS,CA_1,,,,0,None,0,10.6,22.0,2.7,0.0,0.0,0,0,206,0,124.71428571428571,6
d_339,57,2012-01-02,Monday,1,2012,FOODS_3_090,FOODS,CA_1,,,,0,None,0,12.1,22.2,5.1,0.0,0.0,0,0,56,121,132.71428571428572,0
d_340,76,2012-01-03,Tuesday,1,2012,FOODS_3_090,FOODS,CA_1,,,,0,None,0,11.8,20.2,6.0,0.0,0.0,0,0,57,70,123.57142857142857,1
d_341,44,2012-01-04,Wednesday,1,2012,FOODS_3_090,FOODS,CA_1,,,,0,None,0,11.9,21.7,5.0,0.0,0.0,0,0,76,137,124.42857142857143,2
d_342,108,2012-01-05,Thursday,1,2012,FOODS_3_090,FOODS,CA_1,,,,0,None,0,12.2,19.7,5.5,0.0,0.0,0,0,44,123,111.14285714285714,3
d_343,103,2012-01-06,Friday,1,2012,FOODS_3_090,FOODS,CA_1,,,,0,None,0,10.8,17.2,4.9,0.0,0.0,0,0,108,216,109.0,4
d_344,121,2012-01-07,Saturday,1,2012,FOODS_3_090,FOODS,CA_1,,,,0,None,0,8.2,12.8,3.8,0.0,0.0,0,0,103,206,92.85714285714286,5
d_345,186,2012-01-08,Sunday,1,2012,FOODS_3_090,FOODS,CA_1,,,,0,None,0,9.3,15.9,2.8,0.0,0.0,0,0,121,56,80.71428571428571,6
d_346,52,2012-01-09,Monday,1,2012,FOODS_3_090,FOODS,CA_1,,,,0,None,0,10.4,18.8,3.8,0.0,0.0,0,0,186,57,99.28571428571429,0
d_347,52,2012-01-10,Tuesday,1,2012,FOODS_3_090,FOODS,CA_1,,,,0,None,0,10.9,19.3,4.6,0.0,0.0,0,0,52,76,98.57142857142857,1
d_348,94,2012-01-11,Wednesday,1,2012,FOODS_3_090,FOODS,CA_1,,,,0,None,0,10.0,18.7,3.4,0.0,0.0,0,0,52,44,95.14285714285714,2
d_349,65,2012-01-12,Thursday,1,2012,FOODS_3_090,FOODS,CA_1,,,,0,None,0,9.4,18.3,2.6,0.0,0.0,0,0,94,108,102.28571428571429,3
d_350,98,2012-01-13,Friday,1,2012,FOODS_3_090,FOODS,CA_1,,,,0,None,0,9.6,18.5,2.9,0.0,0.0,0,0,65,103,96.14285714285714,4
d_351,186,2012-01-14,Saturday,1,2012,FOODS_3_090,FOODS,CA_1,,,,0,None,0,10.2,19.3,2.5,0.0,0.0,0,0,98,121,95.42857142857143,5
d_352,117,2012-01-15,Sunday,1,2012,FOODS_3_090,FOODS,CA_1,,,,0,None,0,10.5,18.1,4.7,0.0,0.0,0,0,186,186,104.71428571428571,6
d_353,83,2012-01-16,Monday,1,2012,FOODS_3_090,FOODS,CA_1,,,,0,None,0,6.2,10.5,3.3,0.0,0.0,0,0,117,52,94.85714285714286,0
d_354,84,2012-01-17,Tuesday,1,2012,FOODS_3_090,FOODS,CA_1,,,,0,None,0,6.0,10.8,2.7,0.0,0.0,0,0,83,52,99.28571428571429,1
d_355,69,2012-01-18,Wednesday,1,2012,FOODS_3_090,FOODS,CA_1,,,,0,None,0,7.9,13.1,3.9,0.0,0.0,0,0,84,94,103.85714285714286,2
d_356,51,2012-01-19,Thursday,1,2012,FOODS_3_090,FOODS,CA_1,,,,0,None,0,7.8,14.4,1.5,0.0,0.0,0,0,69,65,100.28571428571429,3
d_357,129,2012-01-20,Friday,1,2012,FOODS_3_090,FOODS,CA_1,,,,0,None,0,9.6,11.1,7.5,8.0,8.0,1,0,51,98,98.28571428571429,4
d_358,158,2012-01-21,Saturday,1,2012,FOODS_3_090,FOODS,CA_1,,,,0,None,0,9.0,11.4,3.1,48.2,48.2,1,1,129,186,102.71428571428571,5
d_359,126,2012-01-22,Sunday,1,2012,FOODS_3_090,FOODS,CA_1,,,,0,None,0,7.0,12.3,1.9,3.3,3.3,1,0,158,117,98.71428571428571,6
d_360,50,2012-01-23,Monday,1,2012,FOODS_3_090,FOODS,CA_1,,,,0,None,0,9.2,11.1,7.9,19.4,19.4,1,1,126,83,100.0,0
d_361,100,2012-01-24,Tuesday,1,2012,FOODS_3_090,FOODS,CA_1,,,,0,None,0,8.1,10.9,5.5,0.0,0.0,0,0,50,84,95.28571428571429,1
d_362,79,2012-01-25,Wednesday,1,2012,FOODS_3_090,FOODS,CA_1,,,,0,None,0,9.2,14.4,4.5,0.0,0.0,0,0,100,69,97.57142857142857,2
d_363,56,2012-01-26,Thursday,1,2012,FOODS_3_090,FOODS,CA_1,Republic Day,National,High,1,None,0,10.1,16.0,4.3,0.0,0.0,0,0,79,51,99.0,3
d_364,120,2012-01-27,Friday,1,2012,FOODS_3_090,FOODS,CA_1,,,,0,None,0,10.9,15.4,7.5,0.0,0.0,0,0,56,129,99.71428571428571,4
d_365,82,2012-01-28,Saturday,1,2012,FOODS_3_090,FOODS,CA_1,,,,0,None,0,10.1,17.0,4.2,0.0,0.0,0,0,120,158,98.42857142857143,5
d_366,97,2012-01-29,Sunday,1,2012,FOODS_3_090,FOODS,CA_1,,,,0,None,0,10.7,19.6,2.9,0.0,0.0,0,0,82,126,87.57142857142857,6
d_367,124,2012-01-30,Monday,1,2012,FOODS_3_090,FOODS,CA_1,,,,0,None,0,9.9,15.5,4.5,0.7,0.7,1,0,97,50,83.42857142857143,0
d_368,53,2012-01-31,Tuesday,1,2012,FOODS_3_090,FOODS,CA_1,,,,0,None,0,10.7,17.0,4.7,0.0,0.0,0,0,124,100,94.0,1
d_369,92,2012-02-01,Wednesday,2,2012,FOODS_3_090,FOODS,CA_1,,,,0,None,0,10.4,15.7,5.4,0.0,0.0,0,0,53,79,87.28571428571429,2
d_370,50,2012-02-02,Thursday,2,2012,FOODS_3_090,FOODS,CA_1,,,,0,None,0,8.7,12.4,6.2,0.0,0.0,0,0,92,56,89.14285714285714,3
d_371,114,2012-02-03,Friday,2,2012,FOODS_3_090,FOODS,CA_1,,,,0,None,0,9.4,16.4,3.5,0.0,0.0,0,0,50,120,88.28571428571429,4
d_372,165,2012-02-04,Saturday,2,2012,FOODS_3_090,FOODS,CA_1,,,,0,None,0,9.8,17.2,3.8,0.0,0.0,0,0,114,82,87.42857142857143,5
d_373,115,2012-02-05,Sunday,2,2012,FOODS_3_090,FOODS,CA_1,,,,0,None,0,9.7,17.7,2.8,0.0,0.0,0,0,165,97,99.28571428571429,6
d_374,57,2012-02-06,Monday,2,2012,FOODS_3_090,FOODS,CA_1,,,,0,None,0,10.7,18.3,4.3,0.0,0.0,0,0,115,124,101.85714285714286,0
d_375,36,2012-02-07,Tuesday,2,2012,FOODS_3_090,FOODS,CA_1,,,,0,None,0,11.5,16.3,9.0,0.6,0.6,1,0,57,53,92.28571428571429,1
d_376,133,2012-02-08,Wednesday,2,2012,FOODS_3_090,FOODS,CA_1,,,,0,None,0,10.9,17.9,5.0,0.0,0.0,0,0,36,92,89.85714285714286,2
d_377,71,2012-02-09,Thursday,2,2012,FOODS_3_090,FOODS,CA_1,,,,0,None,0,11.9,20.4,5.0,0.0,0.0,0,0,133,50,95.71428571428571,3
d_378,122,2012-02-10,Friday,2,2012,FOODS_3_090,FOODS,CA_1,,,,0,None,0,12.8,20.4,5.8,0.0,0.0,0,0,71,114,98.71428571428571,4
d_379,104,2012-02-11,Saturday,2,2012,FOODS_3_090,FOODS,CA_1,,,,0,None,0,10.1,12.8,8.2,5.8,5.8,1,0,122,165,99.85714285714286,5
d_380,122,2012-02-12,Sunday,2,2012,FOODS_3_090,FOODS,CA_1,,,,0,None,0,10.1,12.6,8.1,0.2,0.2,1,0,104,115,91.14285714285714,6
d_381,69,2012-02-13,Monday,2,2012,FOODS_3_090,FOODS,CA_1,,,,0,None,0,7.9,11.1,3.2,12.9,12.9,1,1,122,57,92.14285714285714,0
d_382,134,2012-02-14,Tuesday,2,2012,FOODS_3_090,FOODS,CA_1,,,,0,None,0,6.2,9.6,1.8,0.0,0.0,0,0,69,36,93.85714285714286,1
d_383,117,2012-02-15,Wednesday,2,2012,FOODS_3_090,FOODS,CA_1,,,,0,None,0,6.6,11.2,3.4,5.0,5.0,1,0,134,133,107.85714285714286,2
d_384,11,2012-02-16,Thursday,2,2012,FOODS_3_090,FOODS,CA_1,,,,0,None,0,6.6,13.8,0.4,0.0,0.0,0,0,117,71,105.57142857142857,3
d_385,0,2012-02-17,Friday,2,2012,FOODS_3_090,FOODS,CA_1,,,,0,None,0,8.5,15.6,1.4,0.0,0.0,0,0,11,122,97.0,4
d_386,84,2012-02-18,Saturday,2,2012,FOODS_3_090,FOODS,CA_1,,,,0,None,0,9.0,15.0,3.6,0.0,0.0,0,0,0,104,79.57142857142857,5
d_387,68,2012-02-19,Sunday,2,2012,FOODS_3_090,FOODS,CA_1,,,,0,None,0,7.8,13.0,3.1,0.0,0.0,0,0,84,122,76.71428571428571,6
d_388,50,2012-02-20,Monday,2,2012,FOODS_3_090,FOODS,CA_1,Maha Shivratri,Hindu,High,1,None,0,8.7,14.3,3.5,0.0,0.0,0,0,68,69,69.0,0
d_389,148,2012-02-21,Tuesday,2,2012,FOODS_3_090,FOODS,CA_1,,,,0,None,0,9.3,15.3,3.5,0.0,0.0,0,0,50,134,66.28571428571429,1
d_390,60,2012-02-22,Wednesday,2,2012,FOODS_3_090,FOODS,CA_1,,,,0,None,0,11.3,18.6,5.0,0.0,0.0,0,0,148,117,68.28571428571429,2
d_391,81,2012-02-23,Thursday,2,2012,FOODS_3_090,FOODS,CA_1,,,,0,None,0,12.1,18.9,5.8,0.0,0.0,0,0,60,11,60.142857142857146,3
d_392,96,2012-02-24,Friday,2,2012,FOODS_3_090,FOODS,CA_1,,,,0,None,0,14.4,23.5,6.4,0.0,0.0,0,0,81,0,70.14285714285714,4
d_393,88,2012-02-25,Saturday,2,2012,FOODS_3_090,FOODS,CA_1,,,,0,None,0,11.8,18.1,6.7,0.0,0.0,0,0,96,84,83.85714285714286,5
d_394,57,2012-02-26,Sunday,2,2012,FOODS_3_090,FOODS,CA_1,,,,0,None,0,10.1,15.8,4.6,0.0,0.0,0,0,88,68,84.42857142857143,6
d_395,59,2012-02-27,Monday,2,2012,FOODS_3_090,FOODS,CA_1,,,,0,None,0,8.6,11.0,5.6,0.3,0.3,1,0,57,50,82.85714285714286,0
d_396,61,2012-02-28,Tuesday,2,2012,FOODS_3_090,FOODS,CA_1,,,,0,None,0,8.1,12.3,4.6,0.0,0.0,0,0,59,148,84.14285714285714,1
d_397,99,2012-02-29,Wednesday,2,2012,FOODS_3_090,FOODS,CA_1,,,,0,None,0,7.8,11.4,5.3,12.0,12.0,1,1,61,60,71.71428571428571,2
d_398,77,2012-03-01,Thursday,3,2012,FOODS_3_090,FOODS,CA_1,,,,0,None,0,7.6,11.0,4.6,0.2,0.2,1,0,99,81,77.28571428571429,3
d_399,66,2012-03-02,Friday,3,2012,FOODS_3_090,FOODS,CA_1,,,,0,None,0,8.5,13.5,5.2,0.0,0.0,0,0,77,96,76.71428571428571,4
d_400,133,2012-03-03,Saturday,3,2012,FOODS_3_090,FOODS,CA_1,,,,0,None,0,10.8,19.1,3.5,0.0,0.0,0,0,66,88,72.42857142857143,5
d_401,129,2012-03-04,Sunday,3,2012,FOODS_3_090,FOODS,CA_1,,,,0,None,0,13.3,23.2,4.5,0.0,0.0,0,0,133,57,78.85714285714286,6
d_402,43,2012-03-05,Monday,3,2012,FOODS_3_090,FOODS,CA_1,,,,0,None,0,14.2,23.5,5.6,0.0,0.0,0,0,129,59,89.14285714285714,0
d_403,58,2012-03-06,Tuesday,3,2012,FOODS_3_090,FOODS,CA_1,,,,0,None,0,8.7,10.4,7.0,2.3,2.3,1,0,43,61,86.85714285714286,1
d_404,48,2012-03-07,Wednesday,3,2012,FOODS_3_090,FOODS,CA_1,,,,0,None,0,6.9,12.4,0.6,0.0,0.0,0,0,58,99,86.42857142857143,2
d_405,97,2012-03-08,Thursday,3,2012,FOODS_3_090,FOODS,CA_1,Holi,Hindu,High,1,High,3,10.0,18.8,2.1,0.0,0.0,0,0,48,77,79.14285714285714,3
d_406,88,2012-03-09,Friday,3,2012,FOODS_3_090,FOODS,CA_1,,,,0,None,0,12.7,22.0,4.2,0.0,0.0,0,0,97,66,82.0,4
d_407,133,2012-03-10,Saturday,3,2012,FOODS_3_090,FOODS,CA_1,,,,0,None,0,12.7,20.6,4.7,0.0,0.0,0,0,88,133,85.14285714285714,5
d_408,99,2012-03-11,Sunday,3,2012,FOODS_3_090,FOODS,CA_1,,,,0,None,0,11.5,16.9,6.3,0.0,0.0,0,0,133,129,85.14285714285714,6
d_409,43,2012-03-12,Monday,3,2012,FOODS_3_090,FOODS,CA_1,,,,0,None,0,12.3,17.9,6.1,0.0,0.0,0,0,99,43,80.85714285714286,0
d_410,37,2012-03-13,Tuesday,3,2012,FOODS_3_090,FOODS,CA_1,,,,0,None,0,13.4,18.7,6.1,0.0,0.0,0,0,43,58,80.85714285714286,1
d_411,73,2012-03-14,Wednesday,3,2012,FOODS_3_090,FOODS,CA_1,,,,0,None,0,13.7,18.6,9.3,0.0,0.0,0,0,37,48,77.85714285714286,2
d_412,46,2012-03-15,Thursday,3,2012,FOODS_3_090,FOODS,CA_1,,,,0,None,0,14.6,20.7,8.3,0.5,0.5,1,0,73,97,81.42857142857143,3
d_413,62,2012-03-16,Friday,3,2012,FOODS_3_090,FOODS,CA_1,,,,0,None,0,13.2,16.5,9.9,6.7,6.7,1,0,46,88,74.14285714285714,4
d_414,76,2012-03-17,Saturday,3,2012,FOODS_3_090,FOODS,CA_1,,,,0,None,0,8.4,12.0,3.4,49.4,48.0,1,1,62,133,70.42857142857143,5
d_415,69,2012-03-18,Sunday,3,2012,FOODS_3_090,FOODS,CA_1,,,,0,None,0,5.0,8.7,2.9,16.7,16.6,1,1,76,99,62.285714285714285,6
d_416,77,2012-03-19,Monday,3,2012,FOODS_3_090,FOODS,CA_1,,,,0,None,0,4.9,8.7,0.7,0.0,0.0,0,0,69,43,58.0,0
d_417,30,2012-03-20,Tuesday,3,2012,FOODS_3_090,FOODS,CA_1,,,,0,None,0,8.4,15.4,1.1,0.0,0.0,0,0,77,37,62.857142857142854,1
d_418,36,2012-03-21,Wednesday,3,2012,FOODS_3_090,FOODS,CA_1,,,,0,None,0,12.1,20.0,4.5,0.0,0.0,0,0,30,73,61.857142857142854,2
d_419,61,2012-03-22,Thursday,3,2012,FOODS_3_090,FOODS,CA_1,,,,0,None,0,14.2,19.0,9.7,0.0,0.0,0,0,36,46,56.57142857142857,3
d_420,13,2012-03-23,Friday,3,2012,FOODS_3_090,FOODS,CA_1,Gudi Padwa,Hindu,High,1,None,0,12.3,17.1,8.1,3.2,3.2,1,0,61,62,58.714285714285715,4
d_421,98,2012-03-24,Saturday,3,2012,FOODS_3_090,FOODS,CA_1,,,,0,None,0,13.0,19.6,6.2,0.0,0.0,0,0,13,76,51.714285714285715,5
d_422,75,2012-03-25,Sunday,3,2012,FOODS_3_090,FOODS,CA_1,,,,0,None,0,9.2,12.3,7.3,17.2,17.2,1,1,98,69,54.857142857142854,6
d_423,45,2012-03-26,Monday,3,2012,FOODS_3_090,FOODS,CA_1,,,,0,None,0,10.6,15.7,6.1,7.0,7.0,1,0,75,77,55.714285714285715,0
d_424,48,2012-03-27,Tuesday,3,2012,FOODS_3_090,FOODS,CA_1,,,,0,None,0,12.7,17.3,8.1,0.0,0.0,0,0,45,30,51.142857142857146,1
d_425,37,2012-03-28,Wednesday,3,2012,FOODS_3_090,FOODS,CA_1,,,,0,None,0,13.4,18.3,10.1,5.4,5.4,1,0,48,36,53.714285714285715,2
d_426,57,2012-03-29,Thursday,3,2012,FOODS_3_090,FOODS,CA_1,,,,0,None,0,13.3,20.1,6.9,0.0,0.0,0,0,37,61,53.857142857142854,3
d_427,60,2012-03-30,Friday,3,2012,FOODS_3_090,FOODS,CA_1,,,,0,None,0,14.9,20.9,8.1,0.0,0.0,0,0,57,13,53.285714285714285,4
d_428,70,2012-03-31,Saturday,3,2012,FOODS_3_090,FOODS,CA_1,,,,0,None,0,12.8,19.0,7.9,9.7,9.7,1,0,60,98,60.0,5
d_429,64,2012-04-01,Sunday,4,2012,FOODS_3_090,FOODS,CA_1,,,,0,None,0,9.6,14.7,5.3,0.6,0.6,1,0,70,75,56.0,6
d_430,59,2012-04-02,Monday,4,2012,FOODS_3_090,FOODS,CA_1,,,,0,None,0,10.5,16.4,3.7,0.0,0.0,0,0,64,45,54.42857142857143,0
d_431,74,2012-04-03,Tuesday,4,2012,FOODS_3_090,FOODS,CA_1,,,,0,None,0,13.8,20.5,6.5,0.0,0.0,0,0,59,48,56.42857142857143,1
d_432,34,2012-04-04,Wednesday,4,2012,FOODS_3_090,FOODS,CA_1,,,,0,None,0,12.3,15.8,9.3,0.0,0.0,0,0,74,37,60.142857142857146,2
d_433,83,2012-04-05,Thursday,4,2012,FOODS_3_090,FOODS,CA_1,,,,0,None,0,9.2,12.9,5.4,0.0,0.0,0,0,34,57,59.714285714285715,3
d_434,94,2012-04-06,Friday,4,2012,FOODS_3_090,FOODS,CA_1,,,,0,None,0,9.7,16.2,2.9,0.0,0.0,0,0,83,60,63.42857142857143,4
d_435,158,2012-04-07,Saturday,4,2012,FOODS_3_090,FOODS,CA_1,,,,0,None,0,13.0,23.6,2.8,0.0,0.0,0,0,94,70,68.28571428571429,5
d_436,104,2012-04-08,Sunday,4,2012,FOODS_3_090,FOODS,CA_1,,,,0,None,0,15.4,25.5,4.9,0.0,0.0,0,0,158,64,80.85714285714286,6
d_437,37,2012-04-09,Monday,4,2012,FOODS_3_090,FOODS,CA_1,,,,0,None,0,16.4,25.7,6.3,0.0,0.0,0,0,104,59,86.57142857142857,0
d_438,46,2012-04-10,Tuesday,4,2012,FOODS_3_090,FOODS,CA_1,,,,0,None,0,15.3,20.9,9.9,0.0,0.0,0,0,37,74,83.42857142857143,1
d_439,19,2012-04-11,Wednesday,4,2012,FOODS_3_090,FOODS,CA_1,,,,0,None,0,10.3,12.9,7.8,20.6,20.6,1,1,46,34,79.42857142857143,2
d_440,38,2012-04-12,Thursday,4,2012,FOODS_3_090,FOODS,CA_1,,,,0,None,0,9.9,13.5,5.7,10.7,10.7,1,1,19,83,77.28571428571429,3
d_441,67,2012-04-13,Friday,4,2012,FOODS_3_090,FOODS,CA_1,,,,0,None,0,8.2,10.1,6.3,35.6,35.6,1,1,38,94,70.85714285714286,4
d_442,157,2012-04-14,Saturday,4,2012,FOODS_3_090,FOODS,CA_1,,,,0,None,0,9.0,13.0,5.1,0.7,0.7,1,0,67,158,67.0,5
d_443,85,2012-04-15,Sunday,4,2012,FOODS_3_090,FOODS,CA_1,,,,0,None,0,11.9,18.7,3.9,0.0,0.0,0,0,157,104,66.85714285714286,6
d_444,49,2012-04-16,Monday,4,2012,FOODS_3_090,FOODS,CA_1,,,,0,None,0,15.0,22.4,7.2,0.0,0.0,0,0,85,37,64.14285714285714,0
d_445,54,2012-04-17,Tuesday,4,2012,FOODS_3_090,FOODS,CA_1,,,,0,None,0,16.3,23.2,8.9,0.0,0.0,0,0,49,46,65.85714285714286,1
d_446,40,2012-04-18,Wednesday,4,2012,FOODS_3_090,FOODS,CA_1,,,,0,None,0,16.3,23.0,9.1,0.0,0.0,0,0,54,19,67.0,2
d_447,68,2012-04-19,Thursday,4,2012,FOODS_3_090,FOODS,CA_1,,,,0,None,0,17.1,23.3,10.7,0.0,0.0,0,0,40,38,70.0,3
d_448,152,2012-04-20,Friday,4,2012,FOODS_3_090,FOODS,CA_1,,,,0,None,0,20.8,29.4,12.3,0.0,0.0,0,0,68,67,74.28571428571429,4
d_449,95,2012-04-21,Saturday,4,2012,FOODS_3_090,FOODS,CA_1,,,,0,None,0,22.2,31.2,12.8,0.0,0.0,0,0,152,157,86.42857142857143,5
d_450,110,2012-04-22,Sunday,4,2012,FOODS_3_090,FOODS,CA_1,,,,0,None,0,23.6,32.9,13.6,0.0,0.0,0,0,95,85,77.57142857142857,6
d_451,38,2012-04-23,Monday,4,2012,FOODS_3_090,FOODS,CA_1,,,,0,None,0,21.5,27.0,15.5,0.0,0.0,0,0,110,49,81.14285714285714,0
d_452,38,2012-04-24,Tuesday,4,2012,FOODS_3_090,FOODS,CA_1,,,,0,None,0,19.0,23.5,14.8,0.0,0.0,0,0,38,54,79.57142857142857,1
d_453,98,2012-04-25,Wednesday,4,2012,FOODS_3_090,FOODS,CA_1,,,,0,None,0,19.2,25.6,14.6,2.7,2.7,1,0,38,40,77.28571428571429,2
d_454,64,2012-04-26,Thursday,4,2012,FOODS_3_090,FOODS,CA_1,,,,0,None,0,15.2,16.8,12.7,18.2,18.2,1,1,98,68,85.57142857142857,3
d_455,74,2012-04-27,Friday,4,2012,FOODS_3_090,FOODS,CA_1,,,,0,None,0,14.1,19.9,8.2,0.0,0.0,0,0,64,152,85.0,4
d_456,111,2012-04-28,Saturday,4,2012,FOODS_3_090,FOODS,CA_1,,,,0,None,0,16.5,22.4,9.1,0.0,0.0,0,0,74,95,73.85714285714286,5
d_457,97,2012-04-29,Sunday,4,2012,FOODS_3_090,FOODS,CA_1,,,,0,None,0,19.4,27.7,10.9,0.0,0.0,0,0,111,110,76.14285714285714,6
d_458,64,2012-04-30,Monday,4,2012,FOODS_3_090,FOODS,CA_1,,,,0,None,0,20.7,28.8,11.1,0.0,0.0,0,0,97,38,74.28571428571429,0
d_459,48,2012-05-01,Tuesday,5,2012,FOODS_3_090,FOODS,CA_1,,,,0,None,0,19.0,24.9,13.4,0.0,0.0,0,0,64,38,78.0,1
d_460,41,2012-05-02,Wednesday,5,2012,FOODS_3_090,FOODS,CA_1,,,,0,None,0,17.4,23.6,11.0,0.0,0.0,0,0,48,98,79.42857142857143,2
d_461,98,2012-05-03,Thursday,5,2012,FOODS_3_090,FOODS,CA_1,,,,0,None,0,17.3,23.1,10.9,0.0,0.0,0,0,41,64,71.28571428571429,3
d_462,66,2012-05-04,Friday,5,2012,FOODS_3_090,FOODS,CA_1,,,,0,None,0,16.9,22.5,11.3,0.0,0.0,0,0,98,74,76.14285714285714,4
d_463,93,2012-05-05,Saturday,5,2012,FOODS_3_090,FOODS,CA_1,,,,0,None,0,16.4,23.4,8.8,0.0,0.0,0,0,66,111,75.0,5
d_464,96,2012-05-06,Sunday,5,2012,FOODS_3_090,FOODS,CA_1,,,,0,None,0,18.7,26.8,9.8,0.0,0.0,0,0,93,97,72.42857142857143,6
d_465,57,2012-05-07,Monday,5,2012,FOODS_3_090,FOODS,CA_1,,,,0,None,0,19.9,28.1,11.2,0.0,0.0,0,0,96,64,72.28571428571429,0
d_466,48,2012-05-08,Tuesday,5,2012,FOODS_3_090,FOODS,CA_1,,,,0,None,0,21.4,30.2,12.8,0.0,0.0,0,0,57,48,71.28571428571429,1
d_467,52,2012-05-09,Wednesday,5,2012,FOODS_3_090,FOODS,CA_1,,,,0,None,0,22.9,32.0,12.7,0.0,0.0,0,0,48,41,71.28571428571429,2
d_468,81,2012-05-10,Thursday,5,2012,FOODS_3_090,FOODS,CA_1,,,,0,None,0,22.2,30.3,12.9,0.0,0.0,0,0,52,98,72.85714285714286,3
d_469,128,2012-05-11,Friday,5,2012,FOODS_3_090,FOODS,CA_1,,,,0,None,0,21.6,29.6,11.8,0.0,0.0,0,0,81,66,70.42857142857143,4
d_470,104,2012-05-12,Saturday,5,2012,FOODS_3_090,FOODS,CA_1,,,,0,None,0,22.9,31.1,13.2,0.0,0.0,0,0,128,93,79.28571428571429,5
d_471,96,2012-05-13,Sunday,5,2012,FOODS_3_090,FOODS,CA_1,,,,0,None,0,23.3,31.6,14.1,0.0,0.0,0,0,104,96,80.85714285714286,6
d_472,50,2012-05-14,Monday,5,2012,FOODS_3_090,FOODS,CA_1,,,,0,None,0,19.9,25.6,14.0,0.0,0.0,0,0,96,57,80.85714285714286,0
d_473,62,2012-05-15,Tuesday,5,2012,FOODS_3_090,FOODS,CA_1,,,,0,None,0,20.0,26.7,11.6,0.0,0.0,0,0,50,48,79.85714285714286,1
d_474,81,2012-05-16,Wednesday,5,2012,FOODS_3_090,FOODS,CA_1,,,,0,None,0,22.3,29.9,13.3,0.0,0.0,0,0,62,52,81.85714285714286,2
d_475,54,2012-05-17,Thursday,5,2012,FOODS_3_090,FOODS,CA_1,,,,0,None,0,21.9,29.2,14.2,0.0,0.0,0,0,81,81,86.0,3
d_476,80,2012-05-18,Friday,5,2012,FOODS_3_090,FOODS,CA_1,,,,0,None,0,19.6,26.0,13.2,0.0,0.0,0,0,54,128,82.14285714285714,4
d_477,139,2012-05-19,Saturday,5,2012,FOODS_3_090,FOODS,CA_1,,,,0,None,0,22.6,30.4,13.0,0.0,0.0,0,0,80,104,75.28571428571429,5
d_478,79,2012-05-20,Sunday,5,2012,FOODS_3_090,FOODS,CA_1,,,,0,None,0,23.8,32.7,13.7,0.0,0.0,0,0,139,96,80.28571428571429,6
d_479,52,2012-05-21,Monday,5,2012,FOODS_3_090,FOODS,CA_1,,,,0,None,0,24.1,32.1,14.9,0.0,0.0,0,0,79,50,77.85714285714286,0
d_480,59,2012-05-22,Tuesday,5,2012,FOODS_3_090,FOODS,CA_1,,,,0,None,0,22.5,29.8,14.3,0.0,0.0,0,0,52,62,78.14285714285714,1
d_481,37,2012-05-23,Wednesday,5,2012,FOODS_3_090,FOODS,CA_1,,,,0,None,0,21.2,27.3,14.9,0.0,0.0,0,0,59,81,77.71428571428571,2
d_482,72,2012-05-24,Thursday,5,2012,FOODS_3_090,FOODS,CA_1,,,,0,None,0,20.1,27.1,13.0,0.0,0.0,0,0,37,54,71.42857142857143,3
d_483,92,2012-05-25,Friday,5,2012,FOODS_3_090,FOODS,CA_1,,,,0,None,0,13.8,16.6,9.9,0.3,0.3,1,0,72,80,74.0,4
d_484,76,2012-05-26,Saturday,5,2012,FOODS_3_090,FOODS,CA_1,,,,0,None,0,14.6,20.0,8.5,0.1,0.1,1,0,92,139,75.71428571428571,5
d_485,91,2012-05-27,Sunday,5,2012,FOODS_3_090,FOODS,CA_1,,,,0,None,0,17.0,24.2,8.2,0.0,0.0,0,0,76,79,66.71428571428571,6
d_486,72,2012-05-28,Monday,5,2012,FOODS_3_090,FOODS,CA_1,,,,0,None,0,19.6,27.0,11.0,0.0,0.0,0,0,91,52,68.42857142857143,0
d_487,27,2012-05-29,Tuesday,5,2012,FOODS_3_090,FOODS,CA_1,,,,0,None,0,20.9,28.5,12.1,0.0,0.0,0,0,72,59,71.28571428571429,1
d_488,40,2012-05-30,Wednesday,5,2012,FOODS_3_090,FOODS,CA_1,,,,0,None,0,22.6,30.4,13.4,0.0,0.0,0,0,27,37,66.71428571428571,2
d_489,58,2012-05-31,Thursday,5,2012,FOODS_3_090,FOODS,CA_1,,,,0,None,0,25.7,34.3,15.5,0.0,0.0,0,0,40,72,67.14285714285714,3
d_490,92,2012-06-01,Friday,6,2012,FOODS_3_090,FOODS,CA_1,,,,0,None,0,27.6,36.4,17.0,0.0,0.0,0,0,58,92,65.14285714285714,4
d_491,92,2012-06-02,Saturday,6,2012,FOODS_3_090,FOODS,CA_1,,,,0,None,0,26.0,33.3,17.6,0.0,0.0,0,0,92,76,65.14285714285714,5
d_492,65,2012-06-03,Sunday,6,2012,FOODS_3_090,FOODS,CA_1,,,,0,None,0,24.9,32.0,16.2,0.0,0.0,0,0,92,91,67.42857142857143,6
d_493,60,2012-06-04,Monday,6,2012,FOODS_3_090,FOODS,CA_1,,,,0,None,0,20.5,26.8,14.8,5.9,5.9,1,0,65,72,63.714285714285715,0
d_494,48,2012-06-05,Tuesday,6,2012,FOODS_3_090,FOODS,CA_1,,,,0,None,0,15.8,20.6,11.2,0.0,0.0,0,0,60,27,62.0,1
d_495,80,2012-06-06,Wednesday,6,2012,FOODS_3_090,FOODS,CA_1,,,,0,None,0,18.1,24.8,11.6,0.0,0.0,0,0,48,40,65.0,2
d_496,63,2012-06-07,Thursday,6,2012,FOODS_3_090,FOODS,CA_1,,,,0,None,0,22.1,29.3,13.5,0.0,0.0,0,0,80,58,70.71428571428571,3
d_497,108,2012-06-08,Friday,6,2012,FOODS_3_090,FOODS,CA_1,,,,0,None,0,22.1,29.0,14.3,0.0,0.0,0,0,63,92,71.42857142857143,4
d_498,120,2012-06-09,Saturday,6,2012,FOODS_3_090,FOODS,CA_1,,,,0,None,0,20.8,27.5,13.2,0.0,0.0,0,0,108,92,73.71428571428571,5
d_499,132,2012-06-10,Sunday,6,2012,FOODS_3_090,FOODS,CA_1,,,,0,None,0,22.6,29.9,13.2,0.0,0.0,0,0,120,65,77.71428571428571,6
d_500,88,2012-06-11,Monday,6,2012,FOODS_3_090,FOODS,CA_1,,,,0,None,0,24.9,33.9,14.0,0.0,0.0,0,0,132,60,87.28571428571429,0
d_501,53,2012-06-12,Tuesday,6,2012,FOODS_3_090,FOODS,CA_1,,,,0,None,0,26.1,35.1,14.9,0.0,0.0,0,0,88,48,91.28571428571429,1
d_502,65,2012-06-13,Wednesday,6,2012,FOODS_3_090,FOODS,CA_1,,,,0,None,0,25.0,32.2,16.3,0.0,0.0,0,0,53,80,92.0,2
d_503,63,2012-06-14,Thursday,6,2012,FOODS_3_090,FOODS,CA_1,,,,0,None,0,26.3,33.1,17.7,0.0,0.0,0,0,65,63,89.85714285714286,3
d_504,138,2012-06-15,Friday,6,2012,FOODS_3_090,FOODS,CA_1,,,,0,None,0,26.1,32.6,18.7,0.0,0.0,0,0,63,108,89.85714285714286,4
d_505,104,2012-06-16,Saturday,6,2012,FOODS_3_090,FOODS,CA_1,,,,0,None,0,28.7,36.2,19.0,0.0,0.0,0,0,138,120,94.14285714285714,5
d_506,87,2012-06-17,Sunday,6,2012,FOODS_3_090,FOODS,CA_1,,,,0,None,0,30.6,38.9,21.2,0.0,0.0,0,0,104,132,91.85714285714286,6
d_507,45,2012-06-18,Monday,6,2012,FOODS_3_090,FOODS,CA_1,,,,0,None,0,29.0,36.4,19.9,0.0,0.0,0,0,87,88,85.42857142857143,0
d_508,27,2012-06-19,Tuesday,6,2012,FOODS_3_090,FOODS,CA_1,,,,0,None,0,27.0,33.6,19.3,0.0,0.0,0,0,45,53,79.28571428571429,1
d_509,19,2012-06-20,Wednesday,6,2012,FOODS_3_090,FOODS,CA_1,,,,0,None,0,27.6,34.6,17.5,0.0,0.0,0,0,27,65,75.57142857142857,2
d_510,0,2012-06-21,Thursday,6,2012,FOODS_3_090,FOODS,CA_1,,,,0,None,0,26.8,34.1,18.4,0.0,0.0,0,0,19,63,69.0,3
d_511,0,2012-06-22,Friday,6,2012,FOODS_3_090,FOODS,CA_1,,,,0,None,0,23.3,29.0,17.1,0.0,0.0,0,0,0,138,60.0,4
d_512,89,2012-06-23,Saturday,6,2012,FOODS_3_090,FOODS,CA_1,,,,0,None,0,22.2,27.9,15.8,0.0,0.0,0,0,0,104,40.285714285714285,5
d_513,131,2012-06-24,Sunday,6,2012,FOODS_3_090,FOODS,CA_1,,,,0,None,0,21.4,27.7,14.9,0.0,0.0,0,0,89,87,38.142857142857146,6
d_514,72,2012-06-25,Monday,6,2012,FOODS_3_090,FOODS,CA_1,,,,0,None,0,21.7,27.5,15.2,0.0,0.0,0,0,131,45,44.42857142857143,0
d_515,106,2012-06-26,Tuesday,6,2012,FOODS_3_090,FOODS,CA_1,,,,0,None,0,21.9,28.6,14.5,0.0,0.0,0,0,72,27,48.285714285714285,1
d_516,72,2012-06-27,Wednesday,6,2012,FOODS_3_090,FOODS,CA_1,,,,0,None,0,24.4,31.9,14.1,0.0,0.0,0,0,106,19,59.57142857142857,2
d_517,68,2012-06-28,Thursday,6,2012,FOODS_3_090,FOODS,CA_1,,,,0,None,0,25.7,33.9,15.4,0.0,0.0,0,0,72,0,67.14285714285714,3
d_518,130,2012-06-29,Friday,6,2012,FOODS_3_090,FOODS,CA_1,,,,0,None,0,24.9,32.1,15.8,0.0,0.0,0,0,68,0,76.85714285714286,4
d_519,141,2012-06-30,Saturday,6,2012,FOODS_3_090,FOODS,CA_1,,,,0,None,0,25.4,31.8,18.4,0.0,0.0,0,0,130,89,95.42857142857143,5
d_520,119,2012-07-01,Sunday,7,2012,FOODS_3_090,FOODS,CA_1,,,,0,None,0,25.3,31.2,18.7,0.0,0.0,0,0,141,131,102.85714285714286,6
d_521,38,2012-07-02,Monday,7,2012,FOODS_3_090,FOODS,CA_1,,,,0,None,0,26.2,32.7,19.9,0.0,0.0,0,0,119,72,101.14285714285714,0
d_522,104,2012-07-03,Tuesday,7,2012,FOODS_3_090,FOODS,CA_1,,,,0,None,0,27.2,33.6,19.0,0.0,0.0,0,0,38,106,96.28571428571429,1
d_523,116,2012-07-04,Wednesday,7,2012,FOODS_3_090,FOODS,CA_1,,,,0,None,0,27.9,35.0,18.3,0.0,0.0,0,0,104,72,96.0,2
d_524,75,2012-07-05,Thursday,7,2012,FOODS_3_090,FOODS,CA_1,,,,0,None,0,27.6,33.9,19.9,0.0,0.0,0,0,116,68,102.28571428571429,3
d_525,123,2012-07-06,Friday,7,2012,FOODS_3_090,FOODS,CA_1,,,,0,None,0,27.2,34.8,18.2,0.0,0.0,0,0,75,130,103.28571428571429,4
d_526,110,2012-07-07,Saturday,7,2012,FOODS_3_090,FOODS,CA_1,,,,0,None,0,28.7,36.7,19.5,0.0,0.0,0,0,123,141,102.28571428571429,5
d_527,89,2012-07-08,Sunday,7,2012,FOODS_3_090,FOODS,CA_1,,,,0,None,0,29.1,36.8,20.3,0.0,0.0,0,0,110,119,97.85714285714286,6
d_528,67,2012-07-09,Monday,7,2012,FOODS_3_090,FOODS,CA_1,,,,0,None,0,29.4,37.7,19.4,0.0,0.0,0,0,89,38,93.57142857142857,0
d_529,62,2012-07-10,Tuesday,7,2012,FOODS_3_090,FOODS,CA_1,,,,0,None,0,30.8,39.0,21.1,0.0,0.0,0,0,67,104,97.71428571428571,1
d_530,59,2012-07-11,Wednesday,7,2012,FOODS_3_090,FOODS,CA_1,,,,0,None,0,32.2,40.7,21.8,0.0,0.0,0,0,62,116,91.71428571428571,2
d_531,69,2012-07-12,Thursday,7,2012,FOODS_3_090,FOODS,CA_1,,,,0,None,0,32.3,39.6,22.7,0.0,0.0,0,0,59,75,83.57142857142857,3
d_532,94,2012-07-13,Friday,7,2012,FOODS_3_090,FOODS,CA_1,,,,0,None,0,32.3,38.5,24.7,0.0,0.0,0,0,69,123,82.71428571428571,4
d_533,115,2012-07-14,Saturday,7,2012,FOODS_3_090,FOODS,CA_1,,,,0,None,0,28.8,35.6,20.0,0.0,0.0,0,0,94,110,78.57142857142857,5
d_534,122,2012-07-15,Sunday,7,2012,FOODS_3_090,FOODS,CA_1,,,,0,None,0,28.3,35.3,20.4,0.0,0.0,0,0,115,89,79.28571428571429,6
d_535,61,2012-07-16,Monday,7,2012,FOODS_3_090,FOODS,CA_1,,,,0,None,0,27.5,33.3,21.4,0.0,0.0,0,0,122,67,84.0,0
d_536,83,2012-07-17,Tuesday,7,2012,FOODS_3_090,FOODS,CA_1,,,,0,None,0,23.9,29.8,16.8,0.0,0.0,0,0,61,62,83.14285714285714,1
d_537,61,2012-07-18,Wednesday,7,2012,FOODS_3_090,FOODS,CA_1,,,,0,None,0,25.2,31.5,17.8,0.0,0.0,0,0,83,59,86.14285714285714,2
d_538,82,2012-07-19,Thursday,7,2012,FOODS_3_090,FOODS,CA_1,,,,0,None,0,27.4,34.4,20.1,0.0,0.0,0,0,61,69,86.42857142857143,3
d_539,115,2012-07-20,Friday,7,2012,FOODS_3_090,FOODS,CA_1,,,,0,None,0,28.5,36.4,19.2,0.0,0.0,0,0,82,94,88.28571428571429,4
d_540,103,2012-07-21,Saturday,7,2012,FOODS_3_090,FOODS,CA_1,,,,0,None,0,30.6,38.8,20.2,0.0,0.0,0,0,115,115,91.28571428571429,5
d_541,137,2012-07-22,Sunday,7,2012,FOODS_3_090,FOODS,CA_1,,,,0,None,0,31.8,38.6,23.9,0.0,0.0,0,0,103,122,89.57142857142857,6
d_542,71,2012-07-23,Monday,7,2012,FOODS_3_090,FOODS,CA_1,,,,0,None,0,30.6,37.0,23.0,0.0,0.0,0,0,137,61,91.71428571428571,0
d_543,54,2012-07-24,Tuesday,7,2012,FOODS_3_090,FOODS,CA_1,,,,0,None,0,29.1,35.5,20.8,0.0,0.0,0,0,71,83,93.14285714285714,1
d_544,134,2012-07-25,Wednesday,7,2012,FOODS_3_090,FOODS,CA_1,,,,0,None,0,28.3,35.2,20.3,0.0,0.0,0,0,54,61,89.0,2
d_545,52,2012-07-26,Thursday,7,2012,FOODS_3_090,FOODS,CA_1,,,,0,None,0,28.1,34.2,20.7,0.0,0.0,0,0,134,82,99.42857142857143,3
d_546,92,2012-07-27,Friday,7,2012,FOODS_3_090,FOODS,CA_1,,,,0,None,0,27.1,33.1,20.4,0.0,0.0,0,0,52,115,95.14285714285714,4
d_547,109,2012-07-28,Saturday,7,2012,FOODS_3_090,FOODS,CA_1,,,,0,None,0,26.8,33.9,18.3,0.0,0.0,0,0,92,103,91.85714285714286,5
d_548,131,2012-07-29,Sunday,7,2012,FOODS_3_090,FOODS,CA_1,,,,0,None,0,27.0,34.8,17.9,0.0,0.0,0,0,109,137,92.71428571428571,6
d_549,72,2012-07-30,Monday,7,2012,FOODS_3_090,FOODS,CA_1,,,,0,None,0,28.6,36.9,18.3,0.0,0.0,0,0,131,71,91.85714285714286,0
d_550,61,2012-07-31,Tuesday,7,2012,FOODS_3_090,FOODS,CA_1,,,,0,None,0,29.6,38.1,19.3,0.0,0.0,0,0,72,54,92.0,1
d_551,41,2012-08-01,Wednesday,8,2012,FOODS_3_090,FOODS,CA_1,,,,0,None,0,29.9,38.2,20.0,0.0,0.0,0,0,61,134,93.0,2
d_552,99,2012-08-02,Thursday,8,2012,FOODS_3_090,FOODS,CA_1,,,,0,None,0,29.8,38.4,19.6,0.0,0.0,0,0,41,52,79.71428571428571,3
d_553,133,2012-08-03,Friday,8,2012,FOODS_3_090,FOODS,CA_1,,,,0,None,0,29.2,36.4,20.0,0.0,0.0,0,0,99,92,86.42857142857143,4
d_554,103,2012-08-04,Saturday,8,2012,FOODS_3_090,FOODS,CA_1,,,,0,None,0,29.7,35.5,22.3,0.0,0.0,0,0,133,109,92.28571428571429,5
d_555,191,2012-08-05,Sunday,8,2012,FOODS_3_090,FOODS,CA_1,,,,0,None,0,28.9,36.7,20.4,0.0,0.0,0,0,103,131,91.42857142857143,6
d_556,106,2012-08-06,Monday,8,2012,FOODS_3_090,FOODS,CA_1,,,,0,None,0,28.9,37.0,20.1,0.0,0.0,0,0,191,72,100.0,0
d_557,65,2012-08-07,Tuesday,8,2012,FOODS_3_090,FOODS,CA_1,,,,0,None,0,29.6,37.8,20.5,0.0,0.0,0,0,106,61,104.85714285714286,1
d_558,93,2012-08-08,Wednesday,8,2012,FOODS_3_090,FOODS,CA_1,,,,0,None,0,30.7,38.7,22.1,0.0,0.0,0,0,65,41,105.42857142857143,2
d_559,124,2012-08-09,Thursday,8,2012,FOODS_3_090,FOODS,CA_1,,,,0,None,0,32.1,40.2,23.1,0.0,0.0,0,0,93,99,112.85714285714286,3
d_560,143,2012-08-10,Friday,8,2012,FOODS_3_090,FOODS,CA_1,,,,0,None,0,33.2,41.6,23.3,0.0,0.0,0,0,124,133,116.42857142857143,4
d_561,190,2012-08-11,Saturday,8,2012,FOODS_3_090,FOODS,CA_1,,,,0,None,0,33.8,42.5,23.9,0.0,0.0,0,0,143,103,117.85714285714286,5
d_562,131,2012-08-12,Sunday,8,2012,FOODS_3_090,FOODS,CA_1,,,,0,None,0,33.6,40.7,25.5,0.0,0.0,0,0,190,191,130.28571428571428,6
d_563,93,2012-08-13,Monday,8,2012,FOODS_3_090,FOODS,CA_1,,,,0,None,0,34.2,41.8,26.2,0.0,0.0,0,0,131,106,121.71428571428571,0
d_564,91,2012-08-14,Tuesday,8,2012,FOODS_3_090,FOODS,CA_1,,,,0,None,0,33.2,39.6,27.1,0.0,0.0,0,0,93,65,119.85714285714286,1
d_565,101,2012-08-15,Wednesday,8,2012,FOODS_3_090,FOODS,CA_1,,,,0,None,0,32.0,38.6,24.2,0.0,0.0,0,0,91,93,123.57142857142857,2
d_566,104,2012-08-16,Thursday,8,2012,FOODS_3_090,FOODS,CA_1,,,,0,None,0,30.3,37.2,23.2,0.0,0.0,0,0,101,124,124.71428571428571,3
d_567,152,2012-08-17,Friday,8,2012,FOODS_3_090,FOODS,CA_1,,,,0,None,0,30.0,36.5,23.0,0.0,0.0,0,0,104,143,121.85714285714286,4
d_568,214,2012-08-18,Saturday,8,2012,FOODS_3_090,FOODS,CA_1,,,,0,None,0,30.5,37.0,23.6,0.1,0.1,1,0,152,190,123.14285714285714,5
d_569,112,2012-08-19,Sunday,8,2012,FOODS_3_090,FOODS,CA_1,,,,0,None,0,30.1,36.6,24.0,0.0,0.0,0,0,214,131,126.57142857142857,6
d_570,85,2012-08-20,Monday,8,2012,FOODS_3_090,FOODS,CA_1,,,,0,None,0,29.6,37.1,21.2,0.0,0.0,0,0,112,93,123.85714285714286,0
d_571,48,2012-08-21,Tuesday,8,2012,FOODS_3_090,FOODS,CA_1,,,,0,None,0,28.9,35.2,21.7,0.0,0.0,0,0,85,91,122.71428571428571,1
d_572,78,2012-08-22,Wednesday,8,2012,FOODS_3_090,FOODS,CA_1,,,,0,None,0,28.5,34.8,22.3,0.1,0.1,1,0,48,101,116.57142857142857,2
d_573,85,2012-08-23,Thursday,8,2012,FOODS_3_090,FOODS,CA_1,,,,0,None,0,28.3,35.5,19.9,0.0,0.0,0,0,78,104,113.28571428571429,3
d_574,141,2012-08-24,Friday,8,2012,FOODS_3_090,FOODS,CA_1,,,,0,None,0,28.7,36.3,20.3,0.0,0.0,0,0,85,152,110.57142857142857,4
d_575,225,2012-08-25,Saturday,8,2012,FOODS_3_090,FOODS,CA_1,,,,0,None,0,28.6,35.0,21.9,0.0,0.0,0,0,141,214,109.0,5
d_576,105,2012-08-26,Sunday,8,2012,FOODS_3_090,FOODS,CA_1,,,,0,None,0,26.6,32.1,21.1,0.0,0.0,0,0,225,112,110.57142857142857,6
d_577,73,2012-08-27,Monday,8,2012,FOODS_3_090,FOODS,CA_1,,,,0,None,0,26.4,35.6,16.8,0.0,0.0,0,0,105,85,109.57142857142857,0
d_578,89,2012-08-28,Tuesday,8,2012,FOODS_3_090,FOODS,CA_1,,,,0,None,0,27.8,36.9,17.4,0.0,0.0,0,0,73,48,107.85714285714286,1
d_579,89,2012-08-29,Wednesday,8,2012,FOODS_3_090,FOODS,CA_1,,,,0,None,0,28.5,36.9,18.5,0.0,0.0,0,0,89,78,113.71428571428571,2
d_580,122,2012-08-30,Thursday,8,2012,FOODS_3_090,FOODS,CA_1,,,,0,None,0,29.8,37.5,20.3,0.0,0.0,0,0,89,85,115.28571428571429,3
d_581,125,2012-08-31,Friday,8,2012,FOODS_3_090,FOODS,CA_1,,,,0,None,0,27.1,32.6,20.7,0.0,0.0,0,0,122,141,120.57142857142857,4
d_582,159,2012-09-01,Saturday,9,2012,FOODS_3_090,FOODS,CA_1,,,,0,None,0,24.4,30.6,18.7,0.0,0.0,0,0,125,225,118.28571428571429,5
d_583,150,2012-09-02,Sunday,9,2012,FOODS_3_090,FOODS,CA_1,,,,0,None,0,25.3,33.3,16.7,0.0,0.0,0,0,159,105,108.85714285714286,6
d_584,127,2012-09-03,Monday,9,2012,FOODS_3_090,FOODS,CA_1,,,,0,None,0,27.0,36.0,16.8,0.0,0.0,0,0,150,73,115.28571428571429,0
d_585,111,2012-09-04,Tuesday,9,2012,FOODS_3_090,FOODS,CA_1,,,,0,None,0,28.1,35.9,18.7,0.0,0.0,0,0,127,89,123.0,1
d_586,98,2012-09-05,Wednesday,9,2012,FOODS_3_090,FOODS,CA_1,,,,0,None,0,28.1,34.9,20.4,0.0,0.0,0,0,111,89,126.14285714285714,2
d_587,71,2012-09-06,Thursday,9,2012,FOODS_3_090,FOODS,CA_1,,,,0,None,0,27.6,33.0,22.1,0.5,0.5,1,0,98,122,127.42857142857143,3
d_588,130,2012-09-07,Friday,9,2012,FOODS_3_090,FOODS,CA_1,,,,0,None,0,27.4,34.3,19.7,0.0,0.0,0,0,71,125,120.14285714285714,4
d_589,109,2012-09-08,Saturday,9,2012,FOODS_3_090,FOODS,CA_1,,,,0,None,0,28.2,35.5,21.9,0.0,0.0,0,0,130,159,120.85714285714286,5
d_590,160,2012-09-09,Sunday,9,2012,FOODS_3_090,FOODS,CA_1,,,,0,None,0,28.0,35.4,20.6,0.0,0.0,0,0,109,150,113.71428571428571,6
d_591,67,2012-09-10,Monday,9,2012,FOODS_3_090,FOODS,CA_1,,,,0,None,0,28.0,35.3,20.2,0.0,0.0,0,0,160,127,115.14285714285714,0
d_592,51,2012-09-11,Tuesday,9,2012,FOODS_3_090,FOODS,CA_1,,,,0,None,0,27.0,33.4,20.2,0.0,0.0,0,0,67,111,106.57142857142857,1
d_593,89,2012-09-12,Wednesday,9,2012,FOODS_3_090,FOODS,CA_1,,,,0,None,0,26.8,34.1,19.0,0.0,0.0,0,0,51,98,98.0,2
d_594,87,2012-09-13,Thursday,9,2012,FOODS_3_090,FOODS,CA_1,,,,0,None,0,27.9,36.2,19.0,0.0,0.0,0,0,89,71,96.71428571428571,3
d_595,107,2012-09-14,Friday,9,2012,FOODS_3_090,FOODS,CA_1,,,,0,None,0,29.0,37.7,19.2,0.0,0.0,0,0,87,130,99.0,4
d_596,99,2012-09-15,Saturday,9,2012,FOODS_3_090,FOODS,CA_1,,,,0,None,0,28.6,37.2,19.1,0.0,0.0,0,0,107,109,95.71428571428571,5
d_597,118,2012-09-16,Sunday,9,2012,FOODS_3_090,FOODS,CA_1,,,,0,None,0,27.9,35.8,19.1,0.0,0.0,0,0,99,160,94.28571428571429,6
d_598,65,2012-09-17,Monday,9,2012,FOODS_3_090,FOODS,CA_1,,,,0,None,0,26.7,33.2,19.0,0.0,0.0,0,0,118,67,88.28571428571429,0
d_599,73,2012-09-18,Tuesday,9,2012,FOODS_3_090,FOODS,CA_1,,,,0,None,0,25.8,33.0,18.9,0.0,0.0,0,0,65,51,88.0,1
d_600,59,2012-09-19,Wednesday,9,2012,FOODS_3_090,FOODS,CA_1,Ganesh Chaturthi,Hindu,High,1,High,3,25.7,33.7,17.9,0.0,0.0,0,0,73,89,91.14285714285714,2
d_601,84,2012-09-20,Thursday,9,2012,FOODS_3_090,FOODS,CA_1,,,,0,None,0,25.7,33.4,17.7,0.0,0.0,0,0,59,87,86.85714285714286,3
d_602,108,2012-09-21,Friday,9,2012,FOODS_3_090,FOODS,CA_1,,,,0,None,0,26.4,34.1,18.2,0.0,0.0,0,0,84,107,86.42857142857143,4
d_603,109,2012-09-22,Saturday,9,2012,FOODS_3_090,FOODS,CA_1,,,,0,None,0,27.3,35.1,19.5,0.0,0.0,0,0,108,99,86.57142857142857,5
d_604,160,2012-09-23,Sunday,9,2012,FOODS_3_090,FOODS,CA_1,,,,0,None,0,27.8,35.4,19.3,0.0,0.0,0,0,109,118,88.0,6
d_605,68,2012-09-24,Monday,9,2012,FOODS_3_090,FOODS,CA_1,,,,0,None,0,26.6,33.2,19.7,0.0,0.0,0,0,160,65,94.0,0
d_606,91,2012-09-25,Tuesday,9,2012,FOODS_3_090,FOODS,CA_1,,,,0,None,0,24.4,30.9,17.3,0.0,0.0,0,0,68,73,94.42857142857143,1
d_607,70,2012-09-26,Wednesday,9,2012,FOODS_3_090,FOODS,CA_1,,,,0,None,0,25.3,33.0,17.2,0.0,0.0,0,0,91,59,97.0,2
d_608,77,2012-09-27,Thursday,9,2012,FOODS_3_090,FOODS,CA_1,,,,0,None,0,26.2,34.9,17.3,0.0,0.0,0,0,70,84,98.57142857142857,3
d_609,63,2012-09-28,Friday,9,2012,FOODS_3_090,FOODS,CA_1,,,,0,None,0,26.3,34.0,18.3,0.0,0.0,0,0,77,108,97.57142857142857,4
d_610,134,2012-09-29,Saturday,9,2012,FOODS_3_090,FOODS,CA_1,,,,0,None,0,25.5,33.1,17.6,0.0,0.0,0,0,63,109,91.14285714285714,5
d_611,116,2012-09-30,Sunday,9,2012,FOODS_3_090,FOODS,CA_1,,,,0,None,0,26.1,34.5,18.3,0.0,0.0,0,0,134,160,94.71428571428571,6
d_612,109,2012-10-01,Monday,10,2012,FOODS_3_090,FOODS,CA_1,,,,0,None,0,27.1,36.5,18.5,0.0,0.0,0,0,116,68,88.42857142857143,0
d_613,81,2012-10-02,Tuesday,10,2012,FOODS_3_090,FOODS,CA_1,,,,0,None,0,27.3,36.0,18.7,0.0,0.0,0,0,109,91,94.28571428571429,1
d_614,108,2012-10-03,Wednesday,10,2012,FOODS_3_090,FOODS,CA_1,,,,0,None,0,27.1,35.7,18.5,0.0,0.0,0,0,81,70,92.85714285714286,2
d_615,74,2012-10-04,Thursday,10,2012,FOODS_3_090,FOODS,CA_1,,,,0,None,0,24.4,30.7,17.7,0.0,0.0,0,0,108,77,98.28571428571429,3
d_616,0,2012-10-05,Friday,10,2012,FOODS_3_090,FOODS,CA_1,,,,0,None,0,21.9,27.2,17.3,0.0,0.0,0,0,74,63,97.85714285714286,4
d_617,114,2012-10-06,Saturday,10,2012,FOODS_3_090,FOODS,CA_1,,,,0,None,0,20.9,26.4,16.1,0.0,0.0,0,0,0,134,88.85714285714286,5
d_618,137,2012-10-07,Sunday,10,2012,FOODS_3_090,FOODS,CA_1,,,,0,None,0,21.1,26.8,15.1,0.0,0.0,0,0,114,116,86.0,6
d_619,53,2012-10-08,Monday,10,2012,FOODS_3_090,FOODS,CA_1,,,,0,None,0,20.1,25.3,15.9,0.0,0.0,0,0,137,109,89.0,0
d_620,86,2012-10-09,Tuesday,10,2012,FOODS_3_090,FOODS,CA_1,,,,0,None,0,19.2,24.4,14.9,0.0,0.0,0,0,53,81,81.0,1
d_621,50,2012-10-10,Wednesday,10,2012,FOODS_3_090,FOODS,CA_1,,,,0,None,0,18.6,22.7,14.3,0.0,0.0,0,0,86,108,81.71428571428571,2
d_622,75,2012-10-11,Thursday,10,2012,FOODS_3_090,FOODS,CA_1,,,,0,None,0,15.1,17.7,12.5,3.1,3.1,1,0,50,74,73.42857142857143,3
d_623,161,2012-10-12,Friday,10,2012,FOODS_3_090,FOODS,CA_1,,,,0,None,0,14.5,16.9,12.8,2.4,2.4,1,0,75,0,73.57142857142857,4
d_624,105,2012-10-13,Saturday,10,2012,FOODS_3_090,FOODS,CA_1,,,,0,None,0,16.4,21.5,11.8,0.0,0.0,0,0,161,114,96.57142857142857,5
d_625,100,2012-10-14,Sunday,10,2012,FOODS_3_090,FOODS,CA_1,,,,0,None,0,18.8,27.0,11.1,0.0,0.0,0,0,105,137,95.28571428571429,6
d_626,43,2012-10-15,Monday,10,2012,FOODS_3_090,FOODS,CA_1,,,,0,None,0,19.8,27.4,12.4,0.0,0.0,0,0,100,53,90.0,0
d_627,64,2012-10-16,Tuesday,10,2012,FOODS_3_090,FOODS,CA_1,,,,0,None,0,20.8,27.6,13.4,0.0,0.0,0,0,43,86,88.57142857142857,1
d_628,44,2012-10-17,Wednesday,10,2012,FOODS_3_090,FOODS,CA_1,,,,0,None,0,21.8,28.8,15.3,0.0,0.0,0,0,64,50,85.42857142857143,2
d_629,37,2012-10-18,Thursday,10,2012,FOODS_3_090,FOODS,CA_1,,,,0,None,0,23.0,32.2,14.9,0.0,0.0,0,0,44,75,84.57142857142857,3
d_630,139,2012-10-19,Friday,10,2012,FOODS_3_090,FOODS,CA_1,,,,0,None,0,21.4,27.9,15.7,0.0,0.0,0,0,37,161,79.14285714285714,4
d_631,0,2012-10-20,Saturday,10,2012,FOODS_3_090,FOODS,CA_1,,,,0,None,0,19.9,26.0,13.6,0.0,0.0,0,0,139,105,76.0,5
d_632,0,2012-10-21,Sunday,10,2012,FOODS_3_090,FOODS,CA_1,,,,0,None,0,18.5,23.9,14.3,0.0,0.0,0,0,0,100,61.0,6
d_633,0,2012-10-22,Monday,10,2012,FOODS_3_090,FOODS,CA_1,,,,0,None,0,14.0,17.8,11.2,10.9,10.9,1,1,0,43,46.714285714285715,0
d_634,46,2012-10-23,Tuesday,10,2012,FOODS_3_090,FOODS,CA_1,,,,0,None,0,12.8,16.1,9.3,0.4,0.4,1,0,0,64,40.57142857142857,1
d_635,69,2012-10-24,Wednesday,10,2012,FOODS_3_090,FOODS,CA_1,Dussehra,Hindu,High,1,High,3,13.3,18.4,9.4,0.0,0.0,0,0,46,44,38.0,2
d_636,100,2012-10-25,Thursday,10,2012,FOODS_3_090,FOODS,CA_1,,,,0,None,0,14.5,19.5,10.0,0.0,0.0,0,0,69,37,41.57142857142857,3
d_637,142,2012-10-26,Friday,10,2012,FOODS_3_090,FOODS,CA_1,,,,0,None,0,14.7,20.5,10.0,0.0,0.0,0,0,100,139,50.57142857142857,4
d_638,135,2012-10-27,Saturday,10,2012,FOODS_3_090,FOODS,CA_1,,,,0,None,0,16.4,23.8,9.8,0.0,0.0,0,0,142,0,51.0,5
d_639,205,2012-10-28,Sunday,10,2012,FOODS_3_090,FOODS,CA_1,,,,0,None,0,18.0,27.3,10.0,0.0,0.0,0,0,135,0,70.28571428571429,6
d_640,167,2012-10-29,Monday,10,2012,FOODS_3_090,FOODS,CA_1,,,,0,None,0,18.6,27.2,11.2,0.0,0.0,0,0,205,0,99.57142857142857,0
d_641,102,2012-10-30,Tuesday,10,2012,FOODS_3_090,FOODS,CA_1,,,,0,None,0,18.7,27.3,11.5,0.0,0.0,0,0,167,46,123.42857142857143,1
d_642,77,2012-10-31,Wednesday,10,2012,FOODS_3_090,FOODS,CA_1,,,,0,None,0,17.9,25.5,10.9,0.0,0.0,0,0,102,69,131.42857142857142,2
d_643,113,2012-11-01,Thursday,11,2012,FOODS_3_090,FOODS,CA_1,,,,0,None,0,16.0,19.3,12.8,0.0,0.0,0,0,77,100,132.57142857142858,3
d_644,142,2012-11-02,Friday,11,2012,FOODS_3_090,FOODS,CA_1,,,,0,None,0,15.7,21.1,10.0,0.0,0.0,0,0,113,142,134.42857142857142,4
d_645,140,2012-11-03,Saturday,11,2012,FOODS_3_090,FOODS,CA_1,,,,0,None,0,16.0,23.0,9.9,0.0,0.0,0,0,142,135,134.42857142857142,5
d_646,144,2012-11-04,Sunday,11,2012,FOODS_3_090,FOODS,CA_1,,,,0,None,0,17.3,25.0,10.2,0.0,0.0,0,0,140,205,135.14285714285714,6
d_647,74,2012-11-05,Monday,11,2012,FOODS_3_090,FOODS,CA_1,,,,0,None,0,18.7,27.0,11.5,0.0,0.0,0,0,144,167,126.42857142857143,0
d_648,76,2012-11-06,Tuesday,11,2012,FOODS_3_090,FOODS,CA_1,,,,0,None,0,19.3,28.6,12.1,0.0,0.0,0,0,74,102,113.14285714285714,1
d_649,67,2012-11-07,Wednesday,11,2012,FOODS_3_090,FOODS,CA_1,,,,0,None,0,18.5,26.5,11.3,0.0,0.0,0,0,76,77,109.42857142857143,2
d_650,81,2012-11-08,Thursday,11,2012,FOODS_3_090,FOODS,CA_1,,,,0,None,0,13.9,17.0,10.4,1.1,1.1,1,0,67,113,108.0,3
d_651,141,2012-11-09,Friday,11,2012,FOODS_3_090,FOODS,CA_1,,,,0,None,0,8.7,10.7,5.0,3.0,3.0,1,0,81,142,103.42857142857143,4
d_652,137,2012-11-10,Saturday,11,2012,FOODS_3_090,FOODS,CA_1,,,,0,None,0,7.3,11.5,3.7,0.5,0.5,1,0,141,140,103.28571428571429,5
d_653,183,2012-11-11,Sunday,11,2012,FOODS_3_090,FOODS,CA_1,,,,0,None,0,7.4,13.3,2.5,0.0,0.0,0,0,137,144,102.85714285714286,6
d_654,114,2012-11-12,Monday,11,2012,FOODS_3_090,FOODS,CA_1,,,,0,None,0,9.3,17.3,3.5,0.0,0.0,0,0,183,74,108.42857142857143,0
d_655,86,2012-11-13,Tuesday,11,2012,FOODS_3_090,FOODS,CA_1,Diwali,Hindu,High,1,High,3,10.6,19.3,3.9,0.0,0.0,0,0,114,76,114.14285714285714,1
d_656,64,2012-11-14,Wednesday,11,2012,FOODS_3_090,FOODS,CA_1,,,,0,None,0,12.7,22.3,5.1,0.0,0.0,0,0,86,67,115.57142857142857,2
d_657,77,2012-11-15,Thursday,11,2012,FOODS_3_090,FOODS,CA_1,,,,0,None,0,13.7,22.5,6.0,0.0,0.0,0,0,64,81,115.14285714285714,3
d_658,137,2012-11-16,Friday,11,2012,FOODS_3_090,FOODS,CA_1,,,,0,None,0,13.9,18.5,8.9,2.4,2.4,1,0,77,141,114.57142857142857,4
d_659,161,2012-11-17,Saturday,11,2012,FOODS_3_090,FOODS,CA_1,,,,0,None,0,13.1,14.9,11.5,22.2,22.2,1,1,137,137,114.0,5
d_660,170,2012-11-18,Sunday,11,2012,FOODS_3_090,FOODS,CA_1,,,,0,None,0,13.2,16.7,10.3,3.9,3.9,1,0,161,183,117.42857142857143,6
d_661,143,2012-11-19,Monday,11,2012,FOODS_3_090,FOODS,CA_1,,,,0,None,0,14.3,17.3,11.1,0.0,0.0,0,0,170,114,115.57142857142857,0
d_662,144,2012-11-20,Tuesday,11,2012,FOODS_3_090,FOODS,CA_1,,,,0,None,0,13.1,19.1,7.6,0.0,0.0,0,0,143,86,119.71428571428571,1
d_663,313,2012-11-21,Wednesday,11,2012,FOODS_3_090,FOODS,CA_1,,,,0,None,0,12.4,17.9,8.4,0.0,0.0,0,0,144,64,128.0,2
d_664,183,2012-11-22,Thursday,11,2012,FOODS_3_090,FOODS,CA_1,,,,0,None,0,11.6,16.7,8.2,0.0,0.0,0,0,313,77,163.57142857142858,3
d_665,45,2012-11-23,Friday,11,2012,FOODS_3_090,FOODS,CA_1,,,,0,None,0,12.0,20.2,6.2,0.0,0.0,0,0,183,137,178.71428571428572,4
d_666,125,2012-11-24,Saturday,11,2012,FOODS_3_090,FOODS,CA_1,,,,0,None,0,12.4,21.1,6.3,0.0,0.0,0,0,45,161,165.57142857142858,5
d_667,132,2012-11-25,Sunday,11,2012,FOODS_3_090,FOODS,CA_1,,,,0,None,0,11.5,19.5,5.7,0.0,0.0,0,0,125,170,160.42857142857142,6
d_668,53,2012-11-26,Monday,11,2012,FOODS_3_090,FOODS,CA_1,,,,0,None,0,11.8,20.5,5.1,0.0,0.0,0,0,132,143,155.0,0
d_669,69,2012-11-27,Tuesday,11,2012,FOODS_3_090,FOODS,CA_1,,,,0,None,0,12.3,20.9,5.6,0.0,0.0,0,0,53,144,142.14285714285714,1
d_670,100,2012-11-28,Wednesday,11,2012,FOODS_3_090,FOODS,CA_1,,,,0,None,0,11.5,15.8,7.4,7.6,7.6,1,0,69,313,131.42857142857142,2
d_671,71,2012-11-29,Thursday,11,2012,FOODS_3_090,FOODS,CA_1,,,,0,None,0,13.8,17.9,10.5,2.9,2.9,1,0,100,183,101.0,3
d_672,127,2012-11-30,Friday,11,2012,FOODS_3_090,FOODS,CA_1,,,,0,None,0,13.4,14.1,12.4,37.6,37.6,1,1,71,45,85.0,4
d_673,172,2012-12-01,Saturday,12,2012,FOODS_3_090,FOODS,CA_1,,,,0,None,0,13.6,15.6,11.3,9.7,9.7,1,0,127,125,96.71428571428571,5
d_674,114,2012-12-02,Sunday,12,2012,FOODS_3_090,FOODS,CA_1,,,,0,None,0,13.2,14.2,12.5,38.2,38.2,1,1,172,132,103.42857142857143,6
d_675,75,2012-12-03,Monday,12,2012,FOODS_3_090,FOODS,CA_1,,,,0,None,0,13.5,16.3,9.8,5.3,5.3,1,0,114,53,100.85714285714286,0
d_676,80,2012-12-04,Tuesday,12,2012,FOODS_3_090,FOODS,CA_1,,,,0,None,0,12.9,17.5,7.9,0.0,0.0,0,0,75,69,104.0,1
d_677,94,2012-12-05,Wednesday,12,2012,FOODS_3_090,FOODS,CA_1,,,,0,None,0,13.2,17.3,9.9,2.3,2.3,1,0,80,100,105.57142857142857,2
d_678,113,2012-12-06,Thursday,12,2012,FOODS_3_090,FOODS,CA_1,,,,0,None,0,12.6,15.2,9.8,0.0,0.0,0,0,94,71,104.71428571428571,3
d_679,142,2012-12-07,Friday,12,2012,FOODS_3_090,FOODS,CA_1,,,,0,None,0,10.7,13.3,7.7,0.0,0.0,0,0,113,127,110.71428571428571,4
d_680,153,2012-12-08,Saturday,12,2012,FOODS_3_090,FOODS,CA_1,,,,0,None,0,8.8,13.6,4.8,0.0,0.0,0,0,142,172,112.85714285714286,5
d_681,128,2012-12-09,Sunday,12,2012,FOODS_3_090,FOODS,CA_1,,,,0,None,0,8.8,13.3,4.4,0.0,0.0,0,0,153,114,110.14285714285714,6
d_682,147,2012-12-10,Monday,12,2012,FOODS_3_090,FOODS,CA_1,,,,0,None,0,10.2,16.6,5.0,0.0,0.0,0,0,128,75,112.14285714285714,0
d_683,76,2012-12-11,Tuesday,12,2012,FOODS_3_090,FOODS,CA_1,,,,0,None,0,10.2,17.2,3.9,0.0,0.0,0,0,147,80,122.42857142857143,1
d_684,91,2012-12-12,Wednesday,12,2012,FOODS_3_090,FOODS,CA_1,,,,0,None,0,9.0,12.9,5.6,12.6,12.6,1,1,76,94,121.85714285714286,2
d_685,89,2012-12-13,Thursday,12,2012,FOODS_3_090,FOODS,CA_1,,,,0,None,0,7.2,10.2,5.3,5.4,5.4,1,0,91,113,121.42857142857143,3
d_686,138,2012-12-14,Friday,12,2012,FOODS_3_090,FOODS,CA_1,,,,0,None,0,5.9,8.3,3.2,0.0,0.0,0,0,89,142,118.0,4
d_687,152,2012-12-15,Saturday,12,2012,FOODS_3_090,FOODS,CA_1,,,,0,None,0,6.1,9.7,2.3,0.5,0.5,1,0,138,153,117.42857142857143,5
d_688,190,2012-12-16,Sunday,12,2012,FOODS_3_090,FOODS,CA_1,,,,0,None,0,6.7,12.2,0.7,0.0,0.0,0,0,152,128,117.28571428571429,6
d_689,109,2012-12-17,Monday,12,2012,FOODS_3_090,FOODS,CA_1,,,,0,None,0,10.5,13.5,8.4,8.3,8.3,1,0,190,147,126.14285714285714,0
d_690,99,2012-12-18,Tuesday,12,2012,FOODS_3_090,FOODS,CA_1,,,,0,None,0,7.5,9.9,3.2,5.1,5.1,1,0,109,76,120.71428571428571,1
d_691,98,2012-12-19,Wednesday,12,2012,FOODS_3_090,FOODS,CA_1,,,,0,None,0,4.4,8.1,1.5,0.0,0.0,0,0,99,91,124.0,2
d_692,125,2012-12-20,Thursday,12,2012,FOODS_3_090,FOODS,CA_1,,,,0,None,0,5.7,13.4,0.2,0.0,0.0,0,0,98,89,125.0,3
d_693,117,2012-12-21,Friday,12,2012,FOODS_3_090,FOODS,CA_1,,,,0,None,0,7.3,14.6,1.6,0.9,0.9,1,0,125,138,130.14285714285714,4
d_694,282,2012-12-22,Saturday,12,2012,FOODS_3_090,FOODS,CA_1,,,,0,None,0,7.3,9.4,4.6,22.1,22.1,1,1,117,152,127.14285714285714,5
d_695,293,2012-12-23,Sunday,12,2012,FOODS_3_090,FOODS,CA_1,,,,0,None,0,7.7,10.4,4.5,19.6,19.6,1,1,282,190,145.71428571428572,6
d_696,286,2012-12-24,Monday,12,2012,FOODS_3_090,FOODS,CA_1,,,,0,None,0,9.6,13.2,6.1,3.6,3.6,1,0,293,109,160.42857142857142,0
d_697,0,2012-12-25,Tuesday,12,2012,FOODS_3_090,FOODS,CA_1,Christmas,Christian,High,1,High,3,7.4,11.7,3.2,4.5,4.5,1,0,286,99,185.71428571428572,1
d_698,70,2012-12-26,Wednesday,12,2012,FOODS_3_090,FOODS,CA_1,,,,0,None,0,7.1,9.4,4.8,17.8,17.8,1,1,0,98,171.57142857142858,2
d_699,88,2012-12-27,Thursday,12,2012,FOODS_3_090,FOODS,CA_1,,,,0,None,0,5.1,9.5,-0.3,0.7,0.7,1,0,70,125,167.57142857142858,3
d_700,91,2012-12-28,Friday,12,2012,FOODS_3_090,FOODS,CA_1,,,,0,None,0,5.8,10.7,-0.1,0.0,0.0,0,0,88,117,162.28571428571428,4
d_701,101,2012-12-29,Saturday,12,2012,FOODS_3_090,FOODS,CA_1,,,,0,None,0,6.1,10.0,2.8,1.4,1.4,1,0,91,282,158.57142857142858,5
d_702,172,2012-12-30,Sunday,12,2012,FOODS_3_090,FOODS,CA_1,,,,0,None,0,5.1,9.4,2.0,0.0,0.0,0,0,101,293,132.71428571428572,6
d_703,215,2012-12-31,Monday,12,2012,FOODS_3_090,FOODS,CA_1,,,,0,None,0,5.5,8.4,2.2,0.0,0.0,0,0,172,286,115.42857142857143,0
d_704,45,2013-01-01,Tuesday,1,2013,FOODS_3_090,FOODS,CA_1,,,,0,None,0,5.7,10.4,2.2,0.0,0.0,0,0,215,0,105.28571428571429,1
d_705,47,2013-01-02,Wednesday,1,2013,FOODS_3_090,FOODS,CA_1,,,,0,None,0,5.2,11.5,0.2,0.0,0.0,0,0,45,70,111.71428571428571,2
d_706,118,2013-01-03,Thursday,1,2013,FOODS_3_090,FOODS,CA_1,,,,0,None,0,5.4,12.9,-0.3,0.0,0.0,0,0,47,88,108.42857142857143,3
d_707,119,2013-01-04,Friday,1,2013,FOODS_3_090,FOODS,CA_1,,,,0,None,0,6.1,13.3,-0.3,0.0,0.0,0,0,118,91,112.71428571428571,4
d_708,100,2013-01-05,Saturday,1,2013,FOODS_3_090,FOODS,CA_1,,,,0,None,0,7.7,15.2,1.0,0.0,0.0,0,0,119,101,116.71428571428571,5
d_709,104,2013-01-06,Sunday,1,2013,FOODS_3_090,FOODS,CA_1,,,,0,None,0,7.2,10.3,4.8,8.6,8.6,1,0,100,172,116.57142857142857,6
d_710,40,2013-01-07,Monday,1,2013,FOODS_3_090,FOODS,CA_1,,,,0,None,0,5.5,9.3,2.6,0.0,0.0,0,0,104,215,106.85714285714286,0
d_711,54,2013-01-08,Tuesday,1,2013,FOODS_3_090,FOODS,CA_1,,,,0,None,0,7.1,13.5,2.3,0.0,0.0,0,0,40,45,81.85714285714286,1
d_712,50,2013-01-09,Wednesday,1,2013,FOODS_3_090,FOODS,CA_1,,,,0,None,0,9.4,17.6,3.1,0.0,0.0,0,0,54,47,83.14285714285714,2
d_713,51,2013-01-10,Thursday,1,2013,FOODS_3_090,FOODS,CA_1,,,,0,None,0,5.3,7.9,2.2,5.1,5.1,1,0,50,118,83.57142857142857,3
d_714,97,2013-01-11,Friday,1,2013,FOODS_3_090,FOODS,CA_1,,,,0,None,0,3.8,6.5,1.9,0.0,0.0,0,0,51,119,74.0,4
d_715,93,2013-01-12,Saturday,1,2013,FOODS_3_090,FOODS,CA_1,,,,0,None,0,3.7,6.7,1.8,0.0,0.0,0,0,97,100,70.85714285714286,5
d_716,97,2013-01-13,Sunday,1,2013,FOODS_3_090,FOODS,CA_1,,,,0,None,0,3.5,6.8,1.1,0.0,0.0,0,0,93,104,69.85714285714286,6
d_717,38,2013-01-14,Monday,1,2013,FOODS_3_090,FOODS,CA_1,,,,0,None,0,3.3,6.5,1.1,0.0,0.0,0,0,97,40,68.85714285714286,0
d_718,46,2013-01-15,Tuesday,1,2013,FOODS_3_090,FOODS,CA_1,,,,0,None,0,4.2,8.6,0.8,0.0,0.0,0,0,38,54,68.57142857142857,1
d_719,38,2013-01-16,Wednesday,1,2013,FOODS_3_090,FOODS,CA_1,,,,0,None,0,5.9,12.7,0.6,0.0,0.0,0,0,46,50,67.42857142857143,2
d_720,63,2013-01-17,Thursday,1,2013,FOODS_3_090,FOODS,CA_1,,,,0,None,0,7.7,16.3,1.4,0.0,0.0,0,0,38,51,65.71428571428571,3
d_721,72,2013-01-18,Friday,1,2013,FOODS_3_090,FOODS,CA_1,,,,0,None,0,8.2,17.4,0.8,0.0,0.0,0,0,63,97,67.42857142857143,4
d_722,109,2013-01-19,Saturday,1,2013,FOODS_3_090,FOODS,CA_1,,,,0,None,0,8.5,17.3,1.7,0.0,0.0,0,0,72,93,63.857142857142854,5
d_723,100,2013-01-20,Sunday,1,2013,FOODS_3_090,FOODS,CA_1,,,,0,None,0,8.3,17.1,0.9,0.0,0.0,0,0,109,97,66.14285714285714,6
d_724,61,2013-01-21,Monday,1,2013,FOODS_3_090,FOODS,CA_1,,,,0,None,0,9.1,17.6,2.1,0.0,0.0,0,0,100,38,66.57142857142857,0
d_725,0,2013-01-22,Tuesday,1,2013,FOODS_3_090,FOODS,CA_1,,,,0,None,0,10.4,19.7,3.0,0.0,0.0,0,0,61,46,69.85714285714286,1
d_726,0,2013-01-23,Wednesday,1,2013,FOODS_3_090,FOODS,CA_1,,,,0,None,0,12.4,21.2,6.6,0.0,0.0,0,0,0,38,63.285714285714285,2
d_727,0,2013-01-24,Thursday,1,2013,FOODS_3_090,FOODS,CA_1,,,,0,None,0,12.2,14.9,10.2,10.9,10.9,1,1,0,63,57.857142857142854,3
d_728,0,2013-01-25,Friday,1,2013,FOODS_3_090,FOODS,CA_1,,,,0,None,0,11.8,17.1,6.7,0.8,0.8,1,0,0,72,48.857142857142854,4
d_729,86,2013-01-26,Saturday,1,2013,FOODS_3_090,FOODS,CA_1,Republic Day,National,High,1,None,0,11.9,15.5,8.8,4.4,4.4,1,0,0,109,38.57142857142857,5
d_730,62,2013-01-27,Sunday,1,2013,FOODS_3_090,FOODS,CA_1,,,,0,None,0,7.8,10.5,5.5,4.5,4.5,1,0,86,100,35.285714285714285,6
d_731,63,2013-01-28,Monday,1,2013,FOODS_3_090,FOODS,CA_1,,,,0,None,0,6.2,9.5,3.4,0.0,0.0,0,0,62,61,29.857142857142858,0
d_732,44,2013-01-29,Tuesday,1,2013,FOODS_3_090,FOODS,CA_1,,,,0,None,0,5.6,10.2,1.9,0.0,0.0,0,0,63,0,30.142857142857142,1
d_733,57,2013-01-30,Wednesday,1,2013,FOODS_3_090,FOODS,CA_1,,,,0,None,0,8.4,15.5,1.9,0.0,0.0,0,0,44,0,36.42857142857143,2
d_734,101,2013-01-31,Thursday,1,2013,FOODS_3_090,FOODS,CA_1,,,,0,None,0,9.7,18.2,2.4,0.0,0.0,0,0,57,0,44.57142857142857,3
d_735,123,2013-02-01,Friday,2,2013,FOODS_3_090,FOODS,CA_1,,,,0,None,0,10.4,19.3,2.7,0.0,0.0,0,0,101,0,59.0,4
d_736,152,2013-02-02,Saturday,2,2013,FOODS_3_090,FOODS,CA_1,,,,0,None,0,11.4,18.1,6.8,0.0,0.0,0,0,123,86,76.57142857142857,5
d_737,110,2013-02-03,Sunday,2,2013,FOODS_3_090,FOODS,CA_1,,,,0,None,0,11.2,17.4,5.2,0.0,0.0,0,0,152,62,86.0,6
d_738,27,2013-02-04,Monday,2,2013,FOODS_3_090,FOODS,CA_1,,,,0,None,0,10.5,18.2,4.5,0.0,0.0,0,0,110,63,92.85714285714286,0
d_739,40,2013-02-05,Tuesday,2,2013,FOODS_3_090,FOODS,CA_1,,,,0,None,0,10.3,17.2,4.7,0.0,0.0,0,0,27,44,87.71428571428571,1
d_740,66,2013-02-06,Wednesday,2,2013,FOODS_3_090,FOODS,CA_1,,,,0,None,0,8.9,13.8,5.0,0.0,0.0,0,0,40,57,87.14285714285714,2
d_741,48,2013-02-07,Thursday,2,2013,FOODS_3_090,FOODS,CA_1,,,,0,None,0,7.6,12.9,2.7,1.6,1.6,1,0,66,101,88.42857142857143,3
d_742,88,2013-02-08,Friday,2,2013,FOODS_3_090,FOODS,CA_1,,,,0,None,0,5.6,8.1,2.0,5.7,5.7,1,0,48,123,80.85714285714286,4
d_743,109,2013-02-09,Saturday,2,2013,FOODS_3_090,FOODS,CA_1,,,,0,None,0,5.2,9.1,1.2,0.0,0.0,0,0,88,152,75.85714285714286,5
d_744,110,2013-02-10,Sunday,2,2013,FOODS_3_090,FOODS,CA_1,,,,0,None,0,6.1,10.2,1.7,0.0,0.0,0,0,109,110,69.71428571428571,6
d_745,62,2013-02-11,Monday,2,2013,FOODS_3_090,FOODS,CA_1,,,,0,None,0,6.6,12.0,2.0,0.0,0.0,0,0,110,27,69.71428571428571,0
d_746,36,2013-02-12,Tuesday,2,2013,FOODS_3_090,FOODS,CA_1,,,,0,None,0,7.5,14.3,1.5,0.0,0.0,0,0,62,40,74.71428571428571,1
d_747,60,2013-02-13,Wednesday,2,2013,FOODS_3_090,FOODS,CA_1,,,,0,None,0,8.3,15.5,2.1,0.0,0.0,0,0,36,66,74.14285714285714,2
d_748,41,2013-02-14,Thursday,2,2013,FOODS_3_090,FOODS,CA_1,,,,0,None,0,10.0,18.4,3.4,0.0,0.0,0,0,60,48,73.28571428571429,3
d_749,90,2013-02-15,Friday,2,2013,FOODS_3_090,FOODS,CA_1,,,,0,None,0,11.9,19.6,6.0,0.0,0.0,0,0,41,88,72.28571428571429,4
d_750,106,2013-02-16,Saturday,2,2013,FOODS_3_090,FOODS,CA_1,,,,0,None,0,11.7,20.2,4.4,0.0,0.0,0,0,90,109,72.57142857142857,5
d_751,86,2013-02-17,Sunday,2,2013,FOODS_3_090,FOODS,CA_1,,,,0,None,0,10.3,18.3,2.8,0.0,0.0,0,0,106,110,72.14285714285714,6
d_752,53,2013-02-18,Monday,2,2013,FOODS_3_090,FOODS,CA_1,,,,0,None,0,10.6,17.9,3.4,0.0,0.0,0,0,86,62,68.71428571428571,0
d_753,55,2013-02-19,Tuesday,2,2013,FOODS_3_090,FOODS,CA_1,,,,0,None,0,6.7,9.2,2.7,13.6,10.7,1,1,53,36,67.42857142857143,1
d_754,61,2013-02-20,Wednesday,2,2013,FOODS_3_090,FOODS,CA_1,,,,0,None,0,4.3,8.8,1.5,2.1,1.5,1,0,55,60,70.14285714285714,2
d_755,62,2013-02-21,Thursday,2,2013,FOODS_3_090,FOODS,CA_1,,,,0,None,0,5.4,11.0,0.9,0.0,0.0,0,0,61,41,70.28571428571429,3
d_756,108,2013-02-22,Friday,2,2013,FOODS_3_090,FOODS,CA_1,,,,0,None,0,6.9,13.1,0.7,0.0,0.0,0,0,62,90,73.28571428571429,4
d_757,96,2013-02-23,Saturday,2,2013,FOODS_3_090,FOODS,CA_1,,,,0,None,0,7.6,12.7,2.8,0.0,0.0,0,0,108,106,75.85714285714286,5
d_758,96,2013-02-24,Sunday,2,2013,FOODS_3_090,FOODS,CA_1,,,,0,None,0,7.7,13.4,2.6,0.0,0.0,0,0,96,86,74.42857142857143,6
d_759,42,2013-02-25,Monday,2,2013,FOODS_3_090,FOODS,CA_1,,,,0,None,0,8.5,15.8,2.1,0.0,0.0,0,0,96,53,75.85714285714286,0
d_760,49,2013-02-26,Tuesday,2,2013,FOODS_3_090,FOODS,CA_1,,,,0,None,0,8.6,14.9,3.0,0.0,0.0,0,0,42,55,74.28571428571429,1
d_761,44,2013-02-27,Wednesday,2,2013,FOODS_3_090,FOODS,CA_1,,,,0,None,0,10.1,17.4,2.7,0.0,0.0,0,0,49,61,73.42857142857143,2
d_762,85,2013-02-28,Thursday,2,2013,FOODS_3_090,FOODS,CA_1,,,,0,None,0,11.3,18.9,4.0,0.0,0.0,0,0,44,62,71.0,3
d_763,76,2013-03-01,Friday,3,2013,FOODS_3_090,FOODS,CA_1,,,,0,None,0,13.0,21.7,5.5,0.0,0.0,0,0,85,108,74.28571428571429,4
d_764,176,2013-03-02,Saturday,3,2013,FOODS_3_090,FOODS,CA_1,,,,0,None,0,16.0,24.9,7.1,0.0,0.0,0,0,76,96,69.71428571428571,5
d_765,96,2013-03-03,Sunday,3,2013,FOODS_3_090,FOODS,CA_1,,,,0,None,0,13.9,17.9,9.0,1.3,1.3,1,0,176,96,81.14285714285714,6
d_766,74,2013-03-04,Monday,3,2013,FOODS_3_090,FOODS,CA_1,,,,0,None,0,11.9,18.3,5.4,0.0,0.0,0,0,96,42,81.14285714285714,0
d_767,38,2013-03-05,Tuesday,3,2013,FOODS_3_090,FOODS,CA_1,,,,0,None,0,13.1,20.2,6.3,0.0,0.0,0,0,74,49,85.71428571428571,1
d_768,78,2013-03-06,Wednesday,3,2013,FOODS_3_090,FOODS,CA_1,,,,0,None,0,10.3,12.6,6.6,10.0,10.0,1,1,38,44,84.14285714285714,2
d_769,64,2013-03-07,Thursday,3,2013,FOODS_3_090,FOODS,CA_1,,,,0,None,0,9.6,12.4,6.9,1.6,1.6,1,0,78,85,89.0,3
d_770,70,2013-03-08,Friday,3,2013,FOODS_3_090,FOODS,CA_1,,,,0,None,0,7.7,10.3,4.8,2.9,2.9,1,0,64,76,86.0,4
d_771,86,2013-03-09,Saturday,3,2013,FOODS_3_090,FOODS,CA_1,,,,0,None,0,9.5,14.6,6.3,0.0,0.0,0,0,70,176,85.14285714285714,5
d_772,118,2013-03-10,Sunday,3,2013,FOODS_3_090,FOODS,CA_1,Holi,Hindu,High,1,High,3,10.6,18.2,3.7,0.0,0.0,0,0,86,96,72.28571428571429,6
d_773,32,2013-03-11,Monday,3,2013,FOODS_3_090,FOODS,CA_1,,,,0,None,0,12.7,20.5,5.6,0.0,0.0,0,0,118,74,75.42857142857143,0
d_774,46,2013-03-12,Tuesday,3,2013,FOODS_3_090,FOODS,CA_1,,,,0,None,0,14.9,23.9,6.7,0.0,0.0,0,0,32,38,69.42857142857143,1
d_775,75,2013-03-13,Wednesday,3,2013,FOODS_3_090,FOODS,CA_1,,,,0,None,0,16.7,26.8,7.6,0.0,0.0,0,0,46,78,70.57142857142857,2
d_776,57,2013-03-14,Thursday,3,2013,FOODS_3_090,FOODS,CA_1,,,,0,None,0,17.9,27.7,9.1,0.0,0.0,0,0,75,64,70.14285714285714,3
d_777,76,2013-03-15,Friday,3,2013,FOODS_3_090,FOODS,CA_1,,,,0,None,0,17.0,24.7,9.7,0.0,0.0,0,0,57,70,69.14285714285714,4
d_778,125,2013-03-16,Saturday,3,2013,FOODS_3_090,FOODS,CA_1,,,,0,None,0,15.7,23.4,8.5,0.0,0.0,0,0,76,86,70.0,5
d_779,52,2013-03-17,Sunday,3,2013,FOODS_3_090,FOODS,CA_1,,,,0,None,0,14.3,21.3,7.2,0.0,0.0,0,0,125,118,75.57142857142857,6
d_780,69,2013-03-18,Monday,3,2013,FOODS_3_090,FOODS,CA_1,,,,0,None,0,14.0,20.6,6.7,0.0,0.0,0,0,52,32,66.14285714285714,0
d_781,44,2013-03-19,Tuesday,3,2013,FOODS_3_090,FOODS,CA_1,,,,0,None,0,16.0,22.7,8.6,0.0,0.0,0,0,69,46,71.42857142857143,1
d_782,66,2013-03-20,Wednesday,3,2013,FOODS_3_090,FOODS,CA_1,,,,0,None,0,16.9,20.5,13.7,0.5,0.5,1,0,44,75,71.14285714285714,2
d_783,71,2013-03-21,Thursday,3,2013,FOODS_3_090,FOODS,CA_1,,,,0,None,0,13.8,19.7,7.8,0.0,0.0,0,0,66,57,69.85714285714286,3
d_784,78,2013-03-22,Friday,3,2013,FOODS_3_090,FOODS,CA_1,,,,0,None,0,12.7,18.9,7.3,0.0,0.0,0,0,71,76,71.85714285714286,4
d_785,133,2013-03-23,Saturday,3,2013,FOODS_3_090,FOODS,CA_1,,,,0,None,0,12.1,18.6,5.4,0.0,0.0,0,0,78,125,72.14285714285714,5
d_786,123,2013-03-24,Sunday,3,2013,FOODS_3_090,FOODS,CA_1,,,,0,None,0,14.0,21.4,6.2,0.0,0.0,0,0,133,52,73.28571428571429,6
d_787,70,2013-03-25,Monday,3,2013,FOODS_3_090,FOODS,CA_1,,,,0,None,0,14.9,22.3,7.0,0.0,0.0,0,0,123,69,83.42857142857143,0
d_788,74,2013-03-26,Tuesday,3,2013,FOODS_3_090,FOODS,CA_1,,,,0,None,0,15.2,22.7,7.4,0.0,0.0,0,0,70,44,83.57142857142857,1
d_789,56,2013-03-27,Wednesday,3,2013,FOODS_3_090,FOODS,CA_1,,,,0,None,0,15.2,21.9,7.8,0.0,0.0,0,0,74,66,87.85714285714286,2
d_790,85,2013-03-28,Thursday,3,2013,FOODS_3_090,FOODS,CA_1,,,,0,None,0,15.7,21.7,9.3,0.0,0.0,0,0,56,71,86.42857142857143,3
d_791,112,2013-03-29,Friday,3,2013,FOODS_3_090,FOODS,CA_1,,,,0,None,0,17.3,25.7,8.3,0.0,0.0,0,0,85,78,88.42857142857143,4
d_792,196,2013-03-30,Saturday,3,2013,FOODS_3_090,FOODS,CA_1,,,,0,None,0,18.4,25.9,11.1,0.0,0.0,0,0,112,133,93.28571428571429,5
d_793,229,2013-03-31,Sunday,3,2013,FOODS_3_090,FOODS,CA_1,,,,0,None,0,15.6,21.0,11.3,12.1,12.1,1,1,196,123,102.28571428571429,6
d_794,87,2013-04-01,Monday,4,2013,FOODS_3_090,FOODS,CA_1,,,,0,None,0,13.5,17.8,8.3,2.4,2.4,1,0,229,70,117.42857142857143,0
d_795,59,2013-04-02,Tuesday,4,2013,FOODS_3_090,FOODS,CA_1,,,,0,None,0,15.2,20.5,8.7,0.0,0.0,0,0,87,74,119.85714285714286,1
d_796,56,2013-04-03,Wednesday,4,2013,FOODS_3_090,FOODS,CA_1,,,,0,None,0,17.2,25.1,8.5,0.0,0.0,0,0,59,56,117.71428571428571,2
d_797,72,2013-04-04,Thursday,4,2013,FOODS_3_090,FOODS,CA_1,,,,0,None,0,15.9,20.4,11.9,1.0,1.0,1,0,56,85,117.71428571428571,3
d_798,118,2013-04-05,Friday,4,2013,FOODS_3_090,FOODS,CA_1,,,,0,None,0,15.2,20.5,8.9,0.0,0.0,0,0,72,112,115.85714285714286,4
d_799,144,2013-04-06,Saturday,4,2013,FOODS_3_090,FOODS,CA_1,,,,0,None,0,14.9,21.5,8.3,0.0,0.0,0,0,118,196,116.71428571428571,5
d_800,136,2013-04-07,Sunday,4,2013,FOODS_3_090,FOODS,CA_1,,,,0,None,0,15.7,22.5,8.3,0.0,0.0,0,0,144,229,109.28571428571429,6
d_801,87,2013-04-08,Monday,4,2013,FOODS_3_090,FOODS,CA_1,,,,0,None,0,12.0,17.0,7.0,4.1,4.1,1,0,136,87,96.0,0
d_802,88,2013-04-09,Tuesday,4,2013,FOODS_3_090,FOODS,CA_1,,,,0,None,0,13.0,20.8,5.1,0.0,0.0,0,0,87,59,96.0,1
d_803,86,2013-04-10,Wednesday,4,2013,FOODS_3_090,FOODS,CA_1,,,,0,None,0,16.0,23.6,8.2,0.0,0.0,0,0,88,56,100.14285714285714,2
d_804,80,2013-04-11,Thursday,4,2013,FOODS_3_090,FOODS,CA_1,Gudi Padwa,Hindu,High,1,None,0,16.9,23.3,9.6,0.0,0.0,0,0,86,72,104.42857142857143,3
d_805,80,2013-04-12,Friday,4,2013,FOODS_3_090,FOODS,CA_1,,,,0,None,0,18.4,26.2,9.8,0.0,0.0,0,0,80,118,105.57142857142857,4
d_806,134,2013-04-13,Saturday,4,2013,FOODS_3_090,FOODS,CA_1,,,,0,None,0,18.8,26.5,10.1,0.0,0.0,0,0,80,144,100.14285714285714,5
d_807,106,2013-04-14,Sunday,4,2013,FOODS_3_090,FOODS,CA_1,,,,0,None,0,17.3,24.1,9.8,0.0,0.0,0,0,134,136,98.71428571428571,6
d_808,78,2013-04-15,Monday,4,2013,FOODS_3_090,FOODS,CA_1,,,,0,None,0,14.1,19.6,9.5,0.0,0.0,0,0,106,87,94.42857142857143,0
d_809,53,2013-04-16,Tuesday,4,2013,FOODS_3_090,FOODS,CA_1,,,,0,None,0,11.7,17.1,6.8,0.2,0.2,1,0,78,88,93.14285714285714,1
d_810,48,2013-04-17,Wednesday,4,2013,FOODS_3_090,FOODS,CA_1,,,,0,None,0,12.5,19.6,4.4,0.0,0.0,0,0,53,86,88.14285714285714,2
d_811,47,2013-04-18,Thursday,4,2013,FOODS_3_090,FOODS,CA_1,,,,0,None,0,14.4,22.0,5.7,0.0,0.0,0,0,48,80,82.71428571428571,3
d_812,75,2013-04-19,Friday,4,2013,FOODS_3_090,FOODS,CA_1,,,,0,None,0,17.4,26.0,7.6,0.0,0.0,0,0,47,80,78.0,4
d_813,117,2013-04-20,Saturday,4,2013,FOODS_3_090,FOODS,CA_1,,,,0,None,0,18.9,27.3,9.1,0.0,0.0,0,0,75,134,77.28571428571429,5
d_814,95,2013-04-21,Sunday,4,2013,FOODS_3_090,FOODS,CA_1,,,,0,None,0,20.4,29.3,10.6,0.0,0.0,0,0,117,106,74.85714285714286,6
d_815,57,2013-04-22,Monday,4,2013,FOODS_3_090,FOODS,CA_1,,,,0,None,0,21.4,30.4,11.3,0.0,0.0,0,0,95,78,73.28571428571429,0
d_816,61,2013-04-23,Tuesday,4,2013,FOODS_3_090,FOODS,CA_1,,,,0,None,0,21.3,29.3,12.7,0.0,0.0,0,0,57,53,70.28571428571429,1
d_817,42,2013-04-24,Wednesday,4,2013,FOODS_3_090,FOODS,CA_1,,,,0,None,0,21.4,30.0,11.2,0.0,0.0,0,0,61,48,71.42857142857143,2
d_818,45,2013-04-25,Thursday,4,2013,FOODS_3_090,FOODS,CA_1,,,,0,None,0,20.5,26.4,15.0,0.0,0.0,0,0,42,47,70.57142857142857,3
d_819,62,2013-04-26,Friday,4,2013,FOODS_3_090,FOODS,CA_1,,,,0,None,0,20.8,28.6,12.2,0.0,0.0,0,0,45,75,70.28571428571429,4
d_820,101,2013-04-27,Saturday,4,2013,FOODS_3_090,FOODS,CA_1,,,,0,None,0,22.5,31.3,12.7,0.0,0.0,0,0,62,117,68.42857142857143,5
d_821,87,2013-04-28,Sunday,4,2013,FOODS_3_090,FOODS,CA_1,,,,0,None,0,23.7,32.6,13.7,0.0,0.0,0,0,101,95,66.14285714285714,6
d_822,50,2013-04-29,Monday,4,2013,FOODS_3_090,FOODS,CA_1,,,,0,None,0,24.4,33.1,14.4,0.0,0.0,0,0,87,57,65.0,0
d_823,82,2013-04-30,Tuesday,4,2013,FOODS_3_090,FOODS,CA_1,,,,0,None,0,23.7,31.0,14.7,0.0,0.0,0,0,50,61,64.0,1
d_824,74,2013-05-01,Wednesday,5,2013,FOODS_3_090,FOODS,CA_1,,,,0,None,0,24.2,31.2,15.6,0.0,0.0,0,0,82,42,67.0,2
d_825,62,2013-05-02,Thursday,5,2013,FOODS_3_090,FOODS,CA_1,,,,0,None,0,24.7,33.0,15.4,0.0,0.0,0,0,74,45,71.57142857142857,3
d_826,85,2013-05-03,Friday,5,2013,FOODS_3_090,FOODS,CA_1,,,,0,None,0,24.6,33.2,14.0,0.0,0.0,0,0,62,62,74.0,4
d_827,125,2013-05-04,Saturday,5,2013,FOODS_3_090,FOODS,CA_1,,,,0,None,0,24.1,31.8,14.5,0.0,0.0,0,0,85,101,77.28571428571429,5
d_828,95,2013-05-05,Sunday,5,2013,FOODS_3_090,FOODS,CA_1,,,,0,None,0,19.7,25.0,14.8,0.0,0.0,0,0,125,87,80.71428571428571,6
d_829,82,2013-05-06,Monday,5,2013,FOODS_3_090,FOODS,CA_1,,,,0,None,0,18.3,23.7,15.1,2.3,2.3,1,0,95,50,81.85714285714286,0
d_830,85,2013-05-07,Tuesday,5,2013,FOODS_3_090,FOODS,CA_1,,,,0,None,0,16.6,20.3,12.3,0.3,0.3,1,0,82,82,86.42857142857143,1
d_831,73,2013-05-08,Wednesday,5,2013,FOODS_3_090,FOODS,CA_1,,,,0,None,0,18.2,22.1,14.1,0.0,0.0,0,0,85,74,86.85714285714286,2
d_832,64,2013-05-09,Thursday,5,2013,FOODS_3_090,FOODS,CA_1,,,,0,None,0,19.6,25.1,12.3,0.0,0.0,0,0,73,62,86.71428571428571,3
d_833,86,2013-05-10,Friday,5,2013,FOODS_3_090,FOODS,CA_1,,,,0,None,0,22.1,29.2,14.6,0.0,0.0,0,0,64,85,87.0,4
d_834,145,2013-05-11,Saturday,5,2013,FOODS_3_090,FOODS,CA_1,,,,0,None,0,25.2,34.1,14.9,0.0,0.0,0,0,86,125,87.14285714285714,5
d_835,126,2013-05-12,Sunday,5,2013,FOODS_3_090,FOODS,CA_1,,,,0,None,0,27.2,36.1,16.7,0.0,0.0,0,0,145,95,90.0,6
d_836,77,2013-05-13,Monday,5,2013,FOODS_3_090,FOODS,CA_1,,,,0,None,0,27.5,36.6,17.1,0.0,0.0,0,0,126,82,94.42857142857143,0
d_837,93,2013-05-14,Tuesday,5,2013,FOODS_3_090,FOODS,CA_1,,,,0,None,0,25.2,31.5,17.4,0.0,0.0,0,0,77,85,93.71428571428571,1
d_838,64,2013-05-15,Wednesday,5,2013,FOODS_3_090,FOODS,CA_1,,,,0,None,0,23.9,31.4,15.4,0.0,0.0,0,0,93,73,94.85714285714286,2
d_839,55,2013-05-16,Thursday,5,2013,FOODS_3_090,FOODS,CA_1,,,,0,None,0,19.7,22.8,15.6,0.0,0.0,0,0,64,64,93.57142857142857,3
d_840,113,2013-05-17,Friday,5,2013,FOODS_3_090,FOODS,CA_1,,,,0,None,0,20.1,25.7,14.7,0.0,0.0,0,0,55,86,92.28571428571429,4
d_841,95,2013-05-18,Saturday,5,2013,FOODS_3_090,FOODS,CA_1,,,,0,None,0,20.6,27.9,11.3,0.0,0.0,0,0,113,145,96.14285714285714,5
d_842,82,2013-05-19,Sunday,5,2013,FOODS_3_090,FOODS,CA_1,,,,0,None,0,22.0,29.8,12.5,0.0,0.0,0,0,95,126,89.0,6
d_843,41,2013-05-20,Monday,5,2013,FOODS_3_090,FOODS,CA_1,,,,0,None,0,24.8,32.4,14.5,0.0,0.0,0,0,82,77,82.71428571428571,0
d_844,40,2013-05-21,Tuesday,5,2013,FOODS_3_090,FOODS,CA_1,,,,0,None,0,24.5,32.8,15.2,0.0,0.0,0,0,41,93,77.57142857142857,1
d_845,57,2013-05-22,Wednesday,5,2013,FOODS_3_090,FOODS,CA_1,,,,0,None,0,19.1,23.9,13.9,0.0,0.0,0,0,40,64,70.0,2
d_846,43,2013-05-23,Thursday,5,2013,FOODS_3_090,FOODS,CA_1,,,,0,None,0,17.7,24.1,10.5,0.0,0.0,0,0,57,55,69.0,3
d_847,112,2013-05-24,Friday,5,2013,FOODS_3_090,FOODS,CA_1,,,,0,None,0,20.0,27.2,11.9,0.0,0.0,0,0,43,113,67.28571428571429,4
d_848,65,2013-05-25,Saturday,5,2013,FOODS_3_090,FOODS,CA_1,,,,0,None,0,20.9,27.9,11.9,0.0,0.0,0,0,112,95,67.14285714285714,5
d_849,116,2013-05-26,Sunday,5,2013,FOODS_3_090,FOODS,CA_1,,,,0,None,0,20.5,26.9,13.5,0.0,0.0,0,0,65,82,62.857142857142854,6
d_850,127,2013-05-27,Monday,5,2013,FOODS_3_090,FOODS,CA_1,,,,0,None,0,19.7,26.7,12.4,0.0,0.0,0,0,116,41,67.71428571428571,0
d_851,68,2013-05-28,Tuesday,5,2013,FOODS_3_090,FOODS,CA_1,,,,0,None,0,20.7,27.1,15.3,0.0,0.0,0,0,127,40,80.0,1
d_852,34,2013-05-29,Wednesday,5,2013,FOODS_3_090,FOODS,CA_1,,,,0,None,0,21.7,28.5,13.9,0.0,0.0,0,0,68,57,84.0,2
d_853,64,2013-05-30,Thursday,5,2013,FOODS_3_090,FOODS,CA_1,,,,0,None,0,22.9,31.0,13.3,0.0,0.0,0,0,34,43,80.71428571428571,3
d_854,119,2013-05-31,Friday,5,2013,FOODS_3_090,FOODS,CA_1,,,,0,None,0,24.3,32.6,14.3,0.0,0.0,0,0,64,112,83.71428571428571,4
d_855,91,2013-06-01,Saturday,6,2013,FOODS_3_090,FOODS,CA_1,,,,0,None,0,28.1,37.6,16.9,0.0,0.0,0,0,119,65,84.71428571428571,5
d_856,103,2013-06-02,Sunday,6,2013,FOODS_3_090,FOODS,CA_1,,,,0,None,0,29.2,38.2,17.9,0.0,0.0,0,0,91,116,88.42857142857143,6
d_857,73,2013-06-03,Monday,6,2013,FOODS_3_090,FOODS,CA_1,,,,0,None,0,27.4,34.5,19.7,0.0,0.0,0,0,103,127,86.57142857142857,0
d_858,80,2013-06-04,Tuesday,6,2013,FOODS_3_090,FOODS,CA_1,,,,0,None,0,27.4,33.5,21.2,0.0,0.0,0,0,73,68,78.85714285714286,1
d_859,53,2013-06-05,Wednesday,6,2013,FOODS_3_090,FOODS,CA_1,,,,0,None,0,27.0,34.6,19.6,0.0,0.0,0,0,80,34,80.57142857142857,2
d_860,49,2013-06-06,Thursday,6,2013,FOODS_3_090,FOODS,CA_1,,,,0,None,0,27.7,34.8,19.6,0.0,0.0,0,0,53,64,83.28571428571429,3
d_861,54,2013-06-07,Friday,6,2013,FOODS_3_090,FOODS,CA_1,,,,0,None,0,29.5,37.9,19.7,0.0,0.0,0,0,49,119,81.14285714285714,4
d_862,134,2013-06-08,Saturday,6,2013,FOODS_3_090,FOODS,CA_1,,,,0,None,0,32.3,41.2,21.7,0.0,0.0,0,0,54,91,71.85714285714286,5
d_863,120,2013-06-09,Sunday,6,2013,FOODS_3_090,FOODS,CA_1,,,,0,None,0,30.0,35.9,23.5,0.0,0.0,0,0,134,103,78.0,6
d_864,112,2013-06-10,Monday,6,2013,FOODS_3_090,FOODS,CA_1,,,,0,None,0,25.6,30.5,20.0,0.0,0.0,0,0,120,73,80.42857142857143,0
d_865,44,2013-06-11,Tuesday,6,2013,FOODS_3_090,FOODS,CA_1,,,,0,None,0,27.1,35.2,18.0,0.0,0.0,0,0,112,80,86.0,1
d_866,52,2013-06-12,Wednesday,6,2013,FOODS_3_090,FOODS,CA_1,,,,0,None,0,28.4,35.9,19.2,0.0,0.0,0,0,44,53,80.85714285714286,2
d_867,138,2013-06-13,Thursday,6,2013,FOODS_3_090,FOODS,CA_1,,,,0,None,0,25.7,32.6,19.1,0.0,0.0,0,0,52,49,80.71428571428571,3
d_868,117,2013-06-14,Friday,6,2013,FOODS_3_090,FOODS,CA_1,,,,0,None,0,25.7,33.2,17.4,0.0,0.0,0,0,138,54,93.42857142857143,4
d_869,146,2013-06-15,Saturday,6,2013,FOODS_3_090,FOODS,CA_1,,,,0,None,0,26.5,34.4,15.9,0.0,0.0,0,0,117,134,102.42857142857143,5
d_870,123,2013-06-16,Sunday,6,2013,FOODS_3_090,FOODS,CA_1,,,,0,None,0,26.2,33.8,17.3,0.0,0.0,0,0,146,120,104.14285714285714,6
d_871,57,2013-06-17,Monday,6,2013,FOODS_3_090,FOODS,CA_1,,,,0,None,0,26.1,33.8,17.3,0.0,0.0,0,0,123,112,104.57142857142857,0
d_872,84,2013-06-18,Tuesday,6,2013,FOODS_3_090,FOODS,CA_1,,,,0,None,0,23.2,29.4,16.3,0.0,0.0,0,0,57,44,96.71428571428571,1
d_873,44,2013-06-19,Wednesday,6,2013,FOODS_3_090,FOODS,CA_1,,,,0,None,0,21.4,28.6,14.3,0.0,0.0,0,0,84,52,102.42857142857143,2
d_874,59,2013-06-20,Thursday,6,2013,FOODS_3_090,FOODS,CA_1,,,,0,None,0,23.2,30.9,14.0,0.0,0.0,0,0,44,138,101.28571428571429,3
d_875,110,2013-06-21,Friday,6,2013,FOODS_3_090,FOODS,CA_1,,,,0,None,0,24.3,31.9,14.8,0.0,0.0,0,0,59,117,90.0,4
d_876,127,2013-06-22,Saturday,6,2013,FOODS_3_090,FOODS,CA_1,,,,0,None,0,26.3,34.2,16.2,0.0,0.0,0,0,110,146,89.0,5
d_877,65,2013-06-23,Sunday,6,2013,FOODS_3_090,FOODS,CA_1,,,,0,None,0,24.3,29.6,16.8,0.0,0.0,0,0,127,123,86.28571428571429,6
d_878,39,2013-06-24,Monday,6,2013,FOODS_3_090,FOODS,CA_1,,,,0,None,0,22.7,26.0,18.9,0.2,0.2,1,0,65,57,78.0,0
d_879,66,2013-06-25,Tuesday,6,2013,FOODS_3_090,FOODS,CA_1,,,,0,None,0,26.1,32.7,19.3,0.0,0.0,0,0,39,84,75.42857142857143,1
d_880,63,2013-06-26,Wednesday,6,2013,FOODS_3_090,FOODS,CA_1,,,,0,None,0,27.9,34.9,19.4,0.0,0.0,0,0,66,44,72.85714285714286,2
d_881,47,2013-06-27,Thursday,6,2013,FOODS_3_090,FOODS,CA_1,,,,0,None,0,30.1,37.9,21.1,0.0,0.0,0,0,63,59,75.57142857142857,3
d_882,134,2013-06-28,Friday,6,2013,FOODS_3_090,FOODS,CA_1,,,,0,None,0,32.1,40.1,22.5,0.0,0.0,0,0,47,110,73.85714285714286,4
d_883,88,2013-06-29,Saturday,6,2013,FOODS_3_090,FOODS,CA_1,,,,0,None,0,33.7,42.2,23.0,0.0,0.0,0,0,134,127,77.28571428571429,5
d_884,86,2013-06-30,Sunday,6,2013,FOODS_3_090,FOODS,CA_1,,,,0,None,0,34.2,42.9,23.0,0.0,0.0,0,0,88,65,71.71428571428571,6
d_885,86,2013-07-01,Monday,7,2013,FOODS_3_090,FOODS,CA_1,,,,0,None,0,34.7,42.6,24.6,0.0,0.0,0,0,86,39,74.71428571428571,0
d_886,100,2013-07-02,Tuesday,7,2013,FOODS_3_090,FOODS,CA_1,,,,0,None,0,34.5,41.2,26.1,0.0,0.0,0,0,86,66,81.42857142857143,1
d_887,148,2013-07-03,Wednesday,7,2013,FOODS_3_090,FOODS,CA_1,,,,0,None,0,34.5,41.6,26.8,0.0,0.0,0,0,100,63,86.28571428571429,2
d_888,150,2013-07-04,Thursday,7,2013,FOODS_3_090,FOODS,CA_1,,,,0,None,0,35.0,42.4,26.3,0.0,0.0,0,0,148,47,98.42857142857143,3
d_889,131,2013-07-05,Friday,7,2013,FOODS_3_090,FOODS,CA_1,,,,0,None,0,33.8,40.5,26.6,0.0,0.0,0,0,150,134,113.14285714285714,4
d_890,118,2013-07-06,Saturday,7,2013,FOODS_3_090,FOODS,CA_1,,,,0,None,0,31.5,38.2,23.6,0.0,0.0,0,0,131,88,112.71428571428571,5
d_891,94,2013-07-07,Sunday,7,2013,FOODS_3_090,FOODS,CA_1,,,,0,None,0,31.9,39.1,22.5,0.0,0.0,0,0,118,86,117.0,6
d_892,61,2013-07-08,Monday,7,2013,FOODS_3_090,FOODS,CA_1,,,,0,None,0,32.3,40.0,21.5,0.0,0.0,0,0,94,86,118.14285714285714,0
d_893,42,2013-07-09,Tuesday,7,2013,FOODS_3_090,FOODS,CA_1,,,,0,None,0,32.5,40.8,21.3,0.0,0.0,0,0,61,100,114.57142857142857,1
d_894,66,2013-07-10,Wednesday,7,2013,FOODS_3_090,FOODS,CA_1,,,,0,None,0,32.5,40.3,21.8,0.0,0.0,0,0,42,148,106.28571428571429,2
d_895,72,2013-07-11,Thursday,7,2013,FOODS_3_090,FOODS,CA_1,,,,0,None,0,31.7,37.1,26.2,0.0,0.0,0,0,66,150,94.57142857142857,3
d_896,109,2013-07-12,Friday,7,2013,FOODS_3_090,FOODS,CA_1,,,,0,None,0,29.9,36.8,22.1,0.0,0.0,0,0,72,131,83.42857142857143,4
d_897,79,2013-07-13,Saturday,7,2013,FOODS_3_090,FOODS,CA_1,,,,0,None,0,30.1,38.1,19.7,0.0,0.0,0,0,109,118,80.28571428571429,5
d_898,106,2013-07-14,Sunday,7,2013,FOODS_3_090,FOODS,CA_1,,,,0,None,0,30.4,38.1,21.1,0.0,0.0,0,0,79,94,74.71428571428571,6
d_899,57,2013-07-15,Monday,7,2013,FOODS_3_090,FOODS,CA_1,,,,0,None,0,30.4,36.7,23.3,0.0,0.0,0,0,106,61,76.42857142857143,0
d_900,85,2013-07-16,Tuesday,7,2013,FOODS_3_090,FOODS,CA_1,,,,0,None,0,28.9,35.2,22.2,0.0,0.0,0,0,57,42,75.85714285714286,1
d_901,63,2013-07-17,Wednesday,7,2013,FOODS_3_090,FOODS,CA_1,,,,0,None,0,27.8,35.0,19.7,0.0,0.0,0,0,85,66,82.0,2
d_902,61,2013-07-18,Thursday,7,2013,FOODS_3_090,FOODS,CA_1,,,,0,None,0,29.4,36.8,21.1,0.0,0.0,0,0,63,72,81.57142857142857,3
d_903,136,2013-07-19,Friday,7,2013,FOODS_3_090,FOODS,CA_1,,,,0,None,0,30.7,38.5,21.3,0.0,0.0,0,0,61,109,80.0,4
d_904,160,2013-07-20,Saturday,7,2013,FOODS_3_090,FOODS,CA_1,,,,0,None,0,31.8,39.4,22.1,0.0,0.0,0,0,136,79,83.85714285714286,5
d_905,111,2013-07-21,Sunday,7,2013,FOODS_3_090,FOODS,CA_1,,,,0,None,0,32.7,39.6,25.0,0.0,0.0,0,0,160,106,95.42857142857143,6
d_906,77,2013-07-22,Monday,7,2013,FOODS_3_090,FOODS,CA_1,,,,0,None,0,31.1,35.5,26.4,0.0,0.0,0,0,111,57,96.14285714285714,0
d_907,88,2013-07-23,Tuesday,7,2013,FOODS_3_090,FOODS,CA_1,,,,0,None,0,30.7,35.5,25.5,0.0,0.0,0,0,77,85,99.0,1
d_908,53,2013-07-24,Wednesday,7,2013,FOODS_3_090,FOODS,CA_1,,,,0,None,0,31.7,38.6,23.6,0.0,0.0,0,0,88,63,99.42857142857143,2
d_909,58,2013-07-25,Thursday,7,2013,FOODS_3_090,FOODS,CA_1,,,,0,None,0,32.4,39.1,25.7,0.0,0.0,0,0,53,61,98.0,3
d_910,97,2013-07-26,Friday,7,2013,FOODS_3_090,FOODS,CA_1,,,,0,None,0,32.6,38.4,25.4,0.0,0.0,0,0,58,136,97.57142857142857,4
d_911,84,2013-07-27,Saturday,7,2013,FOODS_3_090,FOODS,CA_1,,,,0,None,0,32.5,37.8,26.8,0.0,0.0,0,0,97,160,92.0,5
d_912,80,2013-07-28,Sunday,7,2013,FOODS_3_090,FOODS,CA_1,,,,0,None,0,31.4,38.4,23.5,0.0,0.0,0,0,84,111,81.14285714285714,6
d_913,58,2013-07-29,Monday,7,2013,FOODS_3_090,FOODS,CA_1,,,,0,None,0,30.4,37.0,23.2,0.0,0.0,0,0,80,77,76.71428571428571,0
d_914,100,2013-07-30,Tuesday,7,2013,FOODS_3_090,FOODS,CA_1,,,,0,None,0,29.9,36.7,22.7,0.0,0.0,0,0,58,88,74.0,1
d_915,66,2013-07-31,Wednesday,7,2013,FOODS_3_090,FOODS,CA_1,,,,0,None,0,29.6,36.3,22.9,0.0,0.0,0,0,100,53,75.71428571428571,2
d_916,93,2013-08-01,Thursday,8,2013,FOODS_3_090,FOODS,CA_1,,,,0,None,0,27.8,34.2,21.4,0.0,0.0,0,0,66,58,77.57142857142857,3
d_917,138,2013-08-02,Friday,8,2013,FOODS_3_090,FOODS,CA_1,,,,0,None,0,27.1,34.4,18.4,0.0,0.0,0,0,93,97,82.57142857142857,4
d_918,101,2013-08-03,Saturday,8,2013,FOODS_3_090,FOODS,CA_1,,,,0,None,0,27.8,35.1,18.7,0.0,0.0,0,0,138,84,88.42857142857143,5
d_919,127,2013-08-04,Sunday,8,2013,FOODS_3_090,FOODS,CA_1,,,,0,None,0,28.1,36.1,18.7,0.0,0.0,0,0,101,80,90.85714285714286,6
d_920,69,2013-08-05,Monday,8,2013,FOODS_3_090,FOODS,CA_1,,,,0,None,0,28.3,35.9,20.3,0.0,0.0,0,0,127,58,97.57142857142857,0
d_921,81,2013-08-06,Tuesday,8,2013,FOODS_3_090,FOODS,CA_1,,,,0,None,0,27.8,35.0,20.3,0.0,0.0,0,0,69,100,99.14285714285714,1
d_922,97,2013-08-07,Wednesday,8,2013,FOODS_3_090,FOODS,CA_1,,,,0,None,0,26.2,32.0,19.7,0.0,0.0,0,0,81,66,96.42857142857143,2
d_923,75,2013-08-08,Thursday,8,2013,FOODS_3_090,FOODS,CA_1,,,,0,None,0,25.5,31.6,18.5,0.0,0.0,0,0,97,93,100.85714285714286,3
d_924,95,2013-08-09,Friday,8,2013,FOODS_3_090,FOODS,CA_1,,,,0,None,0,25.7,32.8,18.3,0.0,0.0,0,0,75,138,98.28571428571429,4
d_925,109,2013-08-10,Saturday,8,2013,FOODS_3_090,FOODS,CA_1,,,,0,None,0,25.7,32.8,17.1,0.0,0.0,0,0,95,101,92.14285714285714,5
d_926,116,2013-08-11,Sunday,8,2013,FOODS_3_090,FOODS,CA_1,,,,0,None,0,26.4,34.0,17.7,0.0,0.0,0,0,109,127,93.28571428571429,6
d_927,46,2013-08-12,Monday,8,2013,FOODS_3_090,FOODS,CA_1,,,,0,None,0,27.3,35.7,17.9,0.0,0.0,0,0,116,69,91.71428571428571,0
d_928,62,2013-08-13,Tuesday,8,2013,FOODS_3_090,FOODS,CA_1,,,,0,None,0,28.7,37.5,18.5,0.0,0.0,0,0,46,81,88.42857142857143,1
d_929,67,2013-08-14,Wednesday,8,2013,FOODS_3_090,FOODS,CA_1,,,,0,None,0,29.3,37.8,19.2,0.0,0.0,0,0,62,97,85.71428571428571,2
d_930,144,2013-08-15,Thursday,8,2013,FOODS_3_090,FOODS,CA_1,,,,0,None,0,29.8,38.7,19.1,0.0,0.0,0,0,67,75,81.42857142857143,3
d_931,116,2013-08-16,Friday,8,2013,FOODS_3_090,FOODS,CA_1,,,,0,None,0,30.4,39.0,20.8,0.0,0.0,0,0,144,95,91.28571428571429,4
d_932,0,2013-08-17,Saturday,8,2013,FOODS_3_090,FOODS,CA_1,,,,0,None,0,30.3,37.9,21.7,0.0,0.0,0,0,116,109,94.28571428571429,5
d_933,0,2013-08-18,Sunday,8,2013,FOODS_3_090,FOODS,CA_1,,,,0,None,0,30.4,38.5,21.5,0.0,0.0,0,0,0,116,78.71428571428571,6
d_934,93,2013-08-19,Monday,8,2013,FOODS_3_090,FOODS,CA_1,,,,0,None,0,32.3,40.0,24.0,0.7,0.7,1,0,0,46,62.142857142857146,0
d_935,52,2013-08-20,Tuesday,8,2013,FOODS_3_090,FOODS,CA_1,,,,0,None,0,31.6,37.6,23.7,1.0,1.0,1,0,93,62,68.85714285714286,1
d_936,159,2013-08-21,Wednesday,8,2013,FOODS_3_090,FOODS,CA_1,,,,0,None,0,30.9,37.8,23.4,0.0,0.0,0,0,52,67,67.42857142857143,2
d_937,185,2013-08-22,Thursday,8,2013,FOODS_3_090,FOODS,CA_1,,,,0,None,0,29.9,37.4,21.3,0.0,0.0,0,0,159,144,80.57142857142857,3
d_938,179,2013-08-23,Friday,8,2013,FOODS_3_090,FOODS,CA_1,,,,0,None,0,27.5,34.6,20.4,0.0,0.0,0,0,185,116,86.42857142857143,4
d_939,266,2013-08-24,Saturday,8,2013,FOODS_3_090,FOODS,CA_1,,,,0,None,0,27.2,35.0,18.4,0.0,0.0,0,0,179,0,95.42857142857143,5
d_940,310,2013-08-25,Sunday,8,2013,FOODS_3_090,FOODS,CA_1,,,,0,None,0,27.3,34.8,19.0,0.0,0.0,0,0,266,0,133.42857142857142,6
d_941,23,2013-08-26,Monday,8,2013,FOODS_3_090,FOODS,CA_1,,,,0,None,0,27.5,35.3,18.7,0.0,0.0,0,0,310,93,177.71428571428572,0
d_942,142,2013-08-27,Tuesday,8,2013,FOODS_3_090,FOODS,CA_1,,,,0,None,0,28.5,35.6,20.0,0.0,0.0,0,0,23,52,167.71428571428572,1
d_943,104,2013-08-28,Wednesday,8,2013,FOODS_3_090,FOODS,CA_1,,,,0,None,0,29.8,36.7,21.7,0.0,0.0,0,0,142,159,180.57142857142858,2
d_944,181,2013-08-29,Thursday,8,2013,FOODS_3_090,FOODS,CA_1,,,,0,None,0,29.4,37.5,21.0,0.0,0.0,0,0,104,185,172.71428571428572,3
d_945,216,2013-08-30,Friday,8,2013,FOODS_3_090,FOODS,CA_1,,,,0,None,0,29.5,37.4,21.1,0.0,0.0,0,0,181,179,172.14285714285714,4
d_946,432,2013-08-31,Saturday,8,2013,FOODS_3_090,FOODS,CA_1,,,,0,None,0,30.2,37.3,22.4,0.0,0.0,0,0,216,266,177.42857142857142,5
d_947,599,2013-09-01,Sunday,9,2013,FOODS_3_090,FOODS,CA_1,,,,0,None,0,29.5,35.5,22.5,0.0,0.0,0,0,432,310,201.14285714285714,6
d_948,184,2013-09-02,Monday,9,2013,FOODS_3_090,FOODS,CA_1,,,,0,None,0,29.1,35.5,22.2,0.0,0.0,0,0,599,23,242.42857142857142,0
d_949,229,2013-09-03,Tuesday,9,2013,FOODS_3_090,FOODS,CA_1,,,,0,None,0,28.9,34.6,22.4,0.0,0.0,0,0,184,142,265.42857142857144,1
d_950,150,2013-09-04,Wednesday,9,2013,FOODS_3_090,FOODS,CA_1,,,,0,None,0,28.3,35.8,20.4,0.0,0.0,0,0,229,104,277.85714285714283,2
d_951,278,2013-09-05,Thursday,9,2013,FOODS_3_090,FOODS,CA_1,,,,0,None,0,27.8,35.1,20.1,0.0,0.0,0,0,150,181,284.42857142857144,3
d_952,262,2013-09-06,Friday,9,2013,FOODS_3_090,FOODS,CA_1,,,,0,None,0,28.1,36.7,19.3,0.0,0.0,0,0,278,216,298.2857142857143,4
d_953,273,2013-09-07,Saturday,9,2013,FOODS_3_090,FOODS,CA_1,,,,0,None,0,29.8,39.1,19.5,0.0,0.0,0,0,262,432,304.85714285714283,5
d_954,247,2013-09-08,Sunday,9,2013,FOODS_3_090,FOODS,CA_1,,,,0,None,0,29.4,37.9,20.2,0.0,0.0,0,0,273,599,282.14285714285717,6
d_955,129,2013-09-09,Monday,9,2013,FOODS_3_090,FOODS,CA_1,Ganesh Chaturthi,Hindu,High,1,High,3,29.3,37.0,20.5,0.0,0.0,0,0,247,184,231.85714285714286,0
d_956,128,2013-09-10,Tuesday,9,2013,FOODS_3_090,FOODS,CA_1,,,,0,None,0,29.0,36.0,20.6,0.0,0.0,0,0,129,229,224.0,1
d_957,195,2013-09-11,Wednesday,9,2013,FOODS_3_090,FOODS,CA_1,,,,0,None,0,27.3,33.1,21.4,0.0,0.0,0,0,128,150,209.57142857142858,2
d_958,182,2013-09-12,Thursday,9,2013,FOODS_3_090,FOODS,CA_1,,,,0,None,0,26.4,33.1,19.6,0.0,0.0,0,0,195,278,216.0,3
d_959,212,2013-09-13,Friday,9,2013,FOODS_3_090,FOODS,CA_1,,,,0,None,0,27.0,33.7,19.4,0.0,0.0,0,0,182,262,202.28571428571428,4
d_960,272,2013-09-14,Saturday,9,2013,FOODS_3_090,FOODS,CA_1,,,,0,None,0,27.9,35.4,19.5,0.0,0.0,0,0,212,273,195.14285714285714,5
d_961,266,2013-09-15,Sunday,9,2013,FOODS_3_090,FOODS,CA_1,,,,0,None,0,27.1,35.2,18.8,0.0,0.0,0,0,272,247,195.0,6
d_962,158,2013-09-16,Monday,9,2013,FOODS_3_090,FOODS,CA_1,,,,0,None,0,26.6,34.5,18.4,0.0,0.0,0,0,266,129,197.71428571428572,0
d_963,159,2013-09-17,Tuesday,9,2013,FOODS_3_090,FOODS,CA_1,,,,0,None,0,23.9,29.7,18.5,0.0,0.0,0,0,158,128,201.85714285714286,1
d_964,107,2013-09-18,Wednesday,9,2013,FOODS_3_090,FOODS,CA_1,,,,0,None,0,22.6,29.1,16.2,0.0,0.0,0,0,159,195,206.28571428571428,2
d_965,123,2013-09-19,Thursday,9,2013,FOODS_3_090,FOODS,CA_1,,,,0,None,0,25.1,34.2,15.6,0.0,0.0,0,0,107,182,193.71428571428572,3
d_966,147,2013-09-20,Friday,9,2013,FOODS_3_090,FOODS,CA_1,,,,0,None,0,24.9,33.0,16.0,0.0,0.0,0,0,123,212,185.28571428571428,4
d_967,309,2013-09-21,Saturday,9,2013,FOODS_3_090,FOODS,CA_1,,,,0,None,0,20.4,25.8,15.6,2.7,2.7,1,0,147,272,176.0,5
d_968,369,2013-09-22,Sunday,9,2013,FOODS_3_090,FOODS,CA_1,,,,0,None,0,17.3,22.7,12.2,0.0,0.0,0,0,309,266,181.28571428571428,6
d_969,180,2013-09-23,Monday,9,2013,FOODS_3_090,FOODS,CA_1,,,,0,None,0,20.5,28.3,14.0,0.0,0.0,0,0,369,158,196.0,0
d_970,146,2013-09-24,Tuesday,9,2013,FOODS_3_090,FOODS,CA_1,,,,0,None,0,22.1,29.6,14.4,0.0,0.0,0,0,180,159,199.14285714285714,1
d_971,166,2013-09-25,Wednesday,9,2013,FOODS_3_090,FOODS,CA_1,,,,0,None,0,18.2,22.3,13.6,0.0,0.0,0,0,146,107,197.28571428571428,2
d_972,157,2013-09-26,Thursday,9,2013,FOODS_3_090,FOODS,CA_1,,,,0,None,0,16.9,21.9,12.6,0.0,0.0,0,0,166,123,205.71428571428572,3
d_973,243,2013-09-27,Friday,9,2013,FOODS_3_090,FOODS,CA_1,,,,0,None,0,17.4,24.3,9.2,0.0,0.0,0,0,157,147,210.57142857142858,4
d_974,312,2013-09-28,Saturday,9,2013,FOODS_3_090,FOODS,CA_1,,,,0,None,0,19.9,29.1,10.3,0.0,0.0,0,0,243,309,224.28571428571428,5
d_975,342,2013-09-29,Sunday,9,2013,FOODS_3_090,FOODS,CA_1,,,,0,None,0,21.5,30.8,12.1,0.0,0.0,0,0,312,369,224.71428571428572,6
d_976,290,2013-09-30,Monday,9,2013,FOODS_3_090,FOODS,CA_1,,,,0,None,0,21.1,28.7,13.0,0.0,0.0,0,0,342,180,220.85714285714286,0
d_977,211,2013-10-01,Tuesday,10,2013,FOODS_3_090,FOODS,CA_1,,,,0,None,0,21.0,27.5,15.0,0.0,0.0,0,0,290,146,236.57142857142858,1
d_978,25,2013-10-02,Wednesday,10,2013,FOODS_3_090,FOODS,CA_1,,,,0,None,0,21.2,27.3,16.3,0.0,0.0,0,0,211,166,245.85714285714286,2
d_979,0,2013-10-03,Thursday,10,2013,FOODS_3_090,FOODS,CA_1,,,,0,None,0,18.4,24.5,12.0,0.0,0.0,0,0,25,157,225.71428571428572,3
d_980,0,2013-10-04,Friday,10,2013,FOODS_3_090,FOODS,CA_1,,,,0,None,0,18.5,26.8,10.4,0.0,0.0,0,0,0,243,203.28571428571428,4
d_981,133,2013-10-05,Saturday,10,2013,FOODS_3_090,FOODS,CA_1,,,,0,None,0,20.0,28.7,12.2,0.0,0.0,0,0,0,312,168.57142857142858,5
d_982,130,2013-10-06,Sunday,10,2013,FOODS_3_090,FOODS,CA_1,,,,0,None,0,21.0,30.3,11.4,0.0,0.0,0,0,133,342,143.0,6
d_983,70,2013-10-07,Monday,10,2013,FOODS_3_090,FOODS,CA_1,,,,0,None,0,21.2,29.8,13.5,0.0,0.0,0,0,130,290,112.71428571428571,0
d_984,78,2013-10-08,Tuesday,10,2013,FOODS_3_090,FOODS,CA_1,,,,0,None,0,19.7,27.4,11.8,0.0,0.0,0,0,70,211,81.28571428571429,1
d_985,77,2013-10-09,Wednesday,10,2013,FOODS_3_090,FOODS,CA_1,,,,0,None,0,14.4,17.5,10.1,3.1,3.1,1,0,78,25,62.285714285714285,2
d_986,95,2013-10-10,Thursday,10,2013,FOODS_3_090,FOODS,CA_1,,,,0,None,0,14.4,20.5,7.9,0.0,0.0,0,0,77,0,69.71428571428571,3
d_987,107,2013-10-11,Friday,10,2013,FOODS_3_090,FOODS,CA_1,,,,0,None,0,16.4,24.0,9.4,0.0,0.0,0,0,95,0,83.28571428571429,4
d_988,112,2013-10-12,Saturday,10,2013,FOODS_3_090,FOODS,CA_1,,,,0,None,0,17.2,24.6,9.1,0.0,0.0,0,0,107,133,98.57142857142857,5
d_989,129,2013-10-13,Sunday,10,2013,FOODS_3_090,FOODS,CA_1,Dussehra,Hindu,High,1,High,3,16.4,22.5,9.7,0.0,0.0,0,0,112,130,95.57142857142857,6
d_990,65,2013-10-14,Monday,10,2013,FOODS_3_090,FOODS,CA_1,,,,0,None,0,17.0,25.2,9.3,0.0,0.0,0,0,129,70,95.42857142857143,0
d_991,48,2013-10-15,Tuesday,10,2013,FOODS_3_090,FOODS,CA_1,,,,0,None,0,17.5,25.7,9.3,0.0,0.0,0,0,65,78,94.71428571428571,1
d_992,53,2013-10-16,Wednesday,10,2013,FOODS_3_090,FOODS,CA_1,,,,0,None,0,18.9,27.3,10.4,0.0,0.0,0,0,48,77,90.42857142857143,2
d_993,74,2013-10-17,Thursday,10,2013,FOODS_3_090,FOODS,CA_1,,,,0,None,0,18.4,26.1,10.2,0.0,0.0,0,0,53,95,87.0,3
d_994,97,2013-10-18,Friday,10,2013,FOODS_3_090,FOODS,CA_1,,,,0,None,0,19.1,28.5,10.5,0.0,0.0,0,0,74,107,84.0,4
d_995,108,2013-10-19,Saturday,10,2013,FOODS_3_090,FOODS,CA_1,,,,0,None,0,19.3,29.1,10.3,0.0,0.0,0,0,97,112,82.57142857142857,5
d_996,121,2013-10-20,Sunday,10,2013,FOODS_3_090,FOODS,CA_1,,,,0,None,0,18.8,27.3,10.1,0.0,0.0,0,0,108,129,82.0,6
d_997,61,2013-10-21,Monday,10,2013,FOODS_3_090,FOODS,CA_1,,,,0,None,0,19.6,29.2,11.1,0.0,0.0,0,0,121,65,80.85714285714286,0
d_998,55,2013-10-22,Tuesday,10,2013,FOODS_3_090,FOODS,CA_1,,,,0,None,0,20.0,29.9,11.0,0.0,0.0,0,0,61,48,80.28571428571429,1
d_999,51,2013-10-23,Wednesday,10,2013,FOODS_3_090,FOODS,CA_1,,,,0,None,0,20.0,28.5,12.6,0.0,0.0,0,0,55,53,81.28571428571429,2
d_1000,73,2013-10-24,Thursday,10,2013,FOODS_3_090,FOODS,CA_1,,,,0,None,0,18.6,26.9,10.8,0.0,0.0,0,0,51,74,81.0,3
d_1001,137,2013-10-25,Friday,10,2013,FOODS_3_090,FOODS,CA_1,,,,0,None,0,18.3,26.4,10.3,0.0,0.0,0,0,73,97,80.85714285714286,4
d_1002,134,2013-10-26,Saturday,10,2013,FOODS_3_090,FOODS,CA_1,,,,0,None,0,18.8,28.6,10.2,0.0,0.0,0,0,137,108,86.57142857142857,5
d_1003,99,2013-10-27,Sunday,10,2013,FOODS_3_090,FOODS,CA_1,,,,0,None,0,18.2,26.4,10.4,0.0,0.0,0,0,134,121,90.28571428571429,6
d_1004,77,2013-10-28,Monday,10,2013,FOODS_3_090,FOODS,CA_1,,,,0,None,0,10.3,12.5,7.4,5.8,5.8,1,0,99,61,87.14285714285714,0
d_1005,57,2013-10-29,Tuesday,10,2013,FOODS_3_090,FOODS,CA_1,,,,0,None,0,11.5,16.5,6.0,0.0,0.0,0,0,77,55,89.42857142857143,1
d_1006,83,2013-10-30,Wednesday,10,2013,FOODS_3_090,FOODS,CA_1,,,,0,None,0,12.4,17.8,6.1,0.0,0.0,0,0,57,51,89.71428571428571,2
d_1007,58,2013-10-31,Thursday,10,2013,FOODS_3_090,FOODS,CA_1,,,,0,None,0,13.2,20.6,6.6,0.0,0.0,0,0,83,73,94.28571428571429,3
d_1008,77,2013-11-01,Friday,11,2013,FOODS_3_090,FOODS,CA_1,,,,0,None,0,15.4,25.2,7.2,0.0,0.0,0,0,58,137,92.14285714285714,4
d_1009,94,2013-11-02,Saturday,11,2013,FOODS_3_090,FOODS,CA_1,,,,0,None,0,15.7,24.3,8.2,0.0,0.0,0,0,77,134,83.57142857142857,5
d_1010,96,2013-11-03,Sunday,11,2013,FOODS_3_090,FOODS,CA_1,Diwali,Hindu,High,1,High,3,14.0,20.2,8.1,0.0,0.0,0,0,94,99,77.85714285714286,6
d_1011,44,2013-11-04,Monday,11,2013,FOODS_3_090,FOODS,CA_1,,,,0,None,0,12.9,17.5,9.3,0.0,0.0,0,0,96,77,77.42857142857143,0
d_1012,82,2013-11-05,Tuesday,11,2013,FOODS_3_090,FOODS,CA_1,,,,0,None,0,11.8,18.9,4.9,0.0,0.0,0,0,44,57,72.71428571428571,1
d_1013,72,2013-11-06,Wednesday,11,2013,FOODS_3_090,FOODS,CA_1,,,,0,None,0,14.0,23.4,6.5,0.0,0.0,0,0,82,83,76.28571428571429,2
d_1014,88,2013-11-07,Thursday,11,2013,FOODS_3_090,FOODS,CA_1,,,,0,None,0,15.7,25.0,9.0,0.0,0.0,0,0,72,58,74.71428571428571,3
d_1015,94,2013-11-08,Friday,11,2013,FOODS_3_090,FOODS,CA_1,,,,0,None,0,15.1,23.7,7.8,0.0,0.0,0,0,88,77,79.0,4
d_1016,126,2013-11-09,Saturday,11,2013,FOODS_3_090,FOODS,CA_1,,,,0,None,0,15.8,24.8,8.2,0.0,0.0,0,0,94,94,81.42857142857143,5
d_1017,105,2013-11-10,Sunday,11,2013,FOODS_3_090,FOODS,CA_1,,,,0,None,0,15.9,25.6,7.9,0.0,0.0,0,0,126,96,86.0,6
d_1018,89,2013-11-11,Monday,11,2013,FOODS_3_090,FOODS,CA_1,,,,0,None,0,16.3,25.5,8.2,0.0,0.0,0,0,105,44,87.28571428571429,0
d_1019,61,2013-11-12,Tuesday,11,2013,FOODS_3_090,FOODS,CA_1,,,,0,None,0,16.6,24.4,12.0,0.0,0.0,0,0,89,82,93.71428571428571,1
d_1020,1,2013-11-13,Wednesday,11,2013,FOODS_3_090,FOODS,CA_1,,,,0,None,0,15.7,23.5,8.6,0.0,0.0,0,0,61,72,90.71428571428571,2
d_1021,0,2013-11-14,Thursday,11,2013,FOODS_3_090,FOODS,CA_1,,,,0,None,0,15.8,23.9,9.0,0.0,0.0,0,0,1,88,80.57142857142857,3
d_1022,0,2013-11-15,Friday,11,2013,FOODS_3_090,FOODS,CA_1,,,,0,None,0,14.2,18.3,10.8,0.0,0.0,0,0,0,94,68.0,4
d_1023,0,2013-11-16,Saturday,11,2013,FOODS_3_090,FOODS,CA_1,,,,0,None,0,13.6,18.5,9.3,0.0,0.0,0,0,0,126,54.57142857142857,5
d_1024,0,2013-11-17,Sunday,11,2013,FOODS_3_090,FOODS,CA_1,,,,0,None,0,12.7,18.5,5.9,0.0,0.0,0,0,0,105,36.57142857142857,6
d_1025,0,2013-11-18,Monday,11,2013,FOODS_3_090,FOODS,CA_1,,,,0,None,0,13.2,19.8,6.7,0.0,0.0,0,0,0,89,21.571428571428573,0
d_1026,0,2013-11-19,Tuesday,11,2013,FOODS_3_090,FOODS,CA_1,,,,0,None,0,13.8,18.1,10.3,0.0,0.0,0,0,0,61,8.857142857142858,1
d_1027,0,2013-11-20,Wednesday,11,2013,FOODS_3_090,FOODS,CA_1,,,,0,None,0,13.7,18.1,10.8,8.2,8.2,1,0,0,1,0.14285714285714285,2
d_1028,0,2013-11-21,Thursday,11,2013,FOODS_3_090,FOODS,CA_1,,,,0,None,0,12.5,15.3,10.1,10.3,10.3,1,1,0,0,0.0,3
d_1029,0,2013-11-22,Friday,11,2013,FOODS_3_090,FOODS,CA_1,,,,0,None,0,11.3,15.5,8.2,0.0,0.0,0,0,0,0,0.0,4
d_1030,0,2013-11-23,Saturday,11,2013,FOODS_3_090,FOODS,CA_1,,,,0,None,0,10.6,14.6,6.7,0.0,0.0,0,0,0,0,0.0,5
d_1031,0,2013-11-24,Sunday,11,2013,FOODS_3_090,FOODS,CA_1,,,,0,None,0,11.6,16.2,7.1,0.0,0.0,0,0,0,0,0.0,6
d_1032,0,2013-11-25,Monday,11,2013,FOODS_3_090,FOODS,CA_1,,,,0,None,0,11.3,17.3,5.1,0.0,0.0,0,0,0,0,0.0,0
d_1033,0,2013-11-26,Tuesday,11,2013,FOODS_3_090,FOODS,CA_1,,,,0,None,0,12.2,18.6,6.5,0.0,0.0,0,0,0,0,0.0,1
d_1034,0,2013-11-27,Wednesday,11,2013,FOODS_3_090,FOODS,CA_1,,,,0,None,0,13.7,21.1,8.6,0.0,0.0,0,0,0,0,0.0,2
d_1035,0,2013-11-28,Thursday,11,2013,FOODS_3_090,FOODS,CA_1,,,,0,None,0,12.9,19.8,7.8,0.0,0.0,0,0,0,0,0.0,3
d_1036,0,2013-11-29,Friday,11,2013,FOODS_3_090,FOODS,CA_1,,,,0,None,0,12.6,19.8,6.3,0.0,0.0,0,0,0,0,0.0,4
d_1037,0,2013-11-30,Saturday,11,2013,FOODS_3_090,FOODS,CA_1,,,,0,None,0,12.1,19.5,5.8,0.0,0.0,0,0,0,0,0.0,5
d_1038,0,2013-12-01,Sunday,12,2013,FOODS_3_090,FOODS,CA_1,,,,0,None,0,11.9,19.4,5.5,0.0,0.0,0,0,0,0,0.0,6
d_1039,273,2013-12-02,Monday,12,2013,FOODS_3_090,FOODS,CA_1,,,,0,None,0,12.2,19.8,5.9,0.0,0.0,0,0,0,0,0.0,0
d_1040,155,2013-12-03,Tuesday,12,2013,FOODS_3_090,FOODS,CA_1,,,,0,None,0,9.3,11.8,5.5,3.8,3.8,1,0,273,0,39.0,1
d_1041,121,2013-12-04,Wednesday,12,2013,FOODS_3_090,FOODS,CA_1,,,,0,None,0,4.5,8.7,0.2,0.0,0.0,0,0,155,0,61.142857142857146,2
d_1042,171,2013-12-05,Thursday,12,2013,FOODS_3_090,FOODS,CA_1,,,,0,None,0,3.4,8.5,-0.9,0.0,0.0,0,0,121,0,78.42857142857143,3
d_1043,162,2013-12-06,Friday,12,2013,FOODS_3_090,FOODS,CA_1,,,,0,None,0,4.1,8.4,1.3,0.0,0.0,0,0,171,0,102.85714285714286,4
d_1044,240,2013-12-07,Saturday,12,2013,FOODS_3_090,FOODS,CA_1,,,,0,None,0,4.3,7.8,1.0,10.0,9.1,1,0,162,0,126.0,5
d_1045,0,2013-12-08,Sunday,12,2013,FOODS_3_090,FOODS,CA_1,,,,0,None,0,1.8,6.6,-1.5,0.0,0.0,0,0,240,0,160.28571428571428,6
d_1046,0,2013-12-09,Monday,12,2013,FOODS_3_090,FOODS,CA_1,,,,0,None,0,3.5,8.6,-0.1,0.0,0.0,0,0,0,273,160.28571428571428,0
d_1047,0,2013-12-10,Tuesday,12,2013,FOODS_3_090,FOODS,CA_1,,,,0,None,0,4.5,10.2,0.1,0.0,0.0,0,0,0,155,121.28571428571429,1
d_1048,0,2013-12-11,Wednesday,12,2013,FOODS_3_090,FOODS,CA_1,,,,0,None,0,5.3,14.4,-0.5,0.0,0.0,0,0,0,121,99.14285714285714,2
d_1049,0,2013-12-12,Thursday,12,2013,FOODS_3_090,FOODS,CA_1,,,,0,None,0,6.4,15.8,0.5,0.0,0.0,0,0,0,171,81.85714285714286,3
d_1050,0,2013-12-13,Friday,12,2013,FOODS_3_090,FOODS,CA_1,,,,0,None,0,6.0,12.9,0.3,0.0,0.0,0,0,0,162,57.42857142857143,4
d_1051,0,2013-12-14,Saturday,12,2013,FOODS_3_090,FOODS,CA_1,,,,0,None,0,7.4,15.8,1.4,0.0,0.0,0,0,0,240,34.285714285714285,5
d_1052,0,2013-12-15,Sunday,12,2013,FOODS_3_090,FOODS,CA_1,,,,0,None,0,8.8,18.2,3.0,0.0,0.0,0,0,0,0,0.0,6
d_1053,0,2013-12-16,Monday,12,2013,FOODS_3_090,FOODS,CA_1,,,,0,None,0,10.6,21.2,4.2,0.0,0.0,0,0,0,0,0.0,0
d_1054,0,2013-12-17,Tuesday,12,2013,FOODS_3_090,FOODS,CA_1,,,,0,None,0,12.3,22.6,5.6,0.0,0.0,0,0,0,0,0.0,1
d_1055,0,2013-12-18,Wednesday,12,2013,FOODS_3_090,FOODS,CA_1,,,,0,None,0,13.5,21.0,9.2,0.0,0.0,0,0,0,0,0.0,2
d_1056,0,2013-12-19,Thursday,12,2013,FOODS_3_090,FOODS,CA_1,,,,0,None,0,9.6,12.3,6.7,0.3,0.3,1,0,0,0,0.0,3
d_1057,0,2013-12-20,Friday,12,2013,FOODS_3_090,FOODS,CA_1,,,,0,None,0,7.9,10.9,5.6,0.0,0.0,0,0,0,0,0.0,4
d_1058,0,2013-12-21,Saturday,12,2013,FOODS_3_090,FOODS,CA_1,,,,0,None,0,8.0,12.2,4.6,0.0,0.0,0,0,0,0,0.0,5
d_1059,0,2013-12-22,Sunday,12,2013,FOODS_3_090,FOODS,CA_1,,,,0,None,0,8.4,15.9,1.5,0.0,0.0,0,0,0,0,0.0,6
d_1060,0,2013-12-23,Monday,12,2013,FOODS_3_090,FOODS,CA_1,,,,0,None,0,9.9,18.9,3.7,0.0,0.0,0,0,0,0,0.0,0
d_1061,0,2013-12-24,Tuesday,12,2013,FOODS_3_090,FOODS,CA_1,,,,0,None,0,9.7,17.7,3.7,0.0,0.0,0,0,0,0,0.0,1
d_1062,0,2013-12-25,Wednesday,12,2013,FOODS_3_090,FOODS,CA_1,Christmas,Christian,High,1,High,3,10.9,20.6,4.0,0.0,0.0,0,0,0,0,0.0,2
d_1063,148,2013-12-26,Thursday,12,2013,FOODS_3_090,FOODS,CA_1,,,,0,None,0,10.6,19.9,4.4,0.0,0.0,0,0,0,0,0.0,3
d_1064,74,2013-12-27,Friday,12,2013,FOODS_3_090,FOODS,CA_1,,,,0,None,0,10.7,20.8,3.7,0.0,0.0,0,0,148,0,21.142857142857142,4
d_1065,110,2013-12-28,Saturday,12,2013,FOODS_3_090,FOODS,CA_1,,,,0,None,0,10.1,17.4,3.7,0.0,0.0,0,0,74,0,31.714285714285715,5
d_1066,85,2013-12-29,Sunday,12,2013,FOODS_3_090,FOODS,CA_1,,,,0,None,0,9.7,18.4,2.9,0.0,0.0,0,0,110,0,47.42857142857143,6
d_1067,142,2013-12-30,Monday,12,2013,FOODS_3_090,FOODS,CA_1,,,,0,None,0,10.9,20.5,4.0,0.0,0.0,0,0,85,0,59.57142857142857,0
d_1068,278,2013-12-31,Tuesday,12,2013,FOODS_3_090,FOODS,CA_1,,,,0,None,0,10.5,18.6,4.4,0.0,0.0,0,0,142,0,79.85714285714286,1
d_1069,58,2014-01-01,Wednesday,1,2014,FOODS_3_090,FOODS,CA_1,,,,0,None,0,10.3,19.3,3.7,0.0,0.0,0,0,278,0,119.57142857142857,2
d_1070,66,2014-01-02,Thursday,1,2014,FOODS_3_090,FOODS,CA_1,,,,0,None,0,11.2,20.8,4.4,0.0,0.0,0,0,58,148,127.85714285714286,3
d_1071,83,2014-01-03,Friday,1,2014,FOODS_3_090,FOODS,CA_1,,,,0,None,0,11.0,19.4,4.9,0.0,0.0,0,0,66,74,116.14285714285714,4
d_1072,101,2014-01-04,Saturday,1,2014,FOODS_3_090,FOODS,CA_1,,,,0,None,0,10.5,17.4,5.1,0.0,0.0,0,0,83,110,117.42857142857143,5
d_1073,101,2014-01-05,Sunday,1,2014,FOODS_3_090,FOODS,CA_1,,,,0,None,0,11.1,19.6,4.6,0.0,0.0,0,0,101,85,116.14285714285714,6
d_1074,85,2014-01-06,Monday,1,2014,FOODS_3_090,FOODS,CA_1,,,,0,None,0,11.2,19.9,4.2,0.0,0.0,0,0,101,142,118.42857142857143,0
d_1075,56,2014-01-07,Tuesday,1,2014,FOODS_3_090,FOODS,CA_1,,,,0,None,0,11.0,17.2,5.5,0.0,0.0,0,0,85,278,110.28571428571429,1
d_1076,6,2014-01-08,Wednesday,1,2014,FOODS_3_090,FOODS,CA_1,,,,0,None,0,9.3,15.3,4.0,0.0,0.0,0,0,56,58,78.57142857142857,2
d_1077,0,2014-01-09,Thursday,1,2014,FOODS_3_090,FOODS,CA_1,,,,0,None,0,8.9,14.3,4.3,0.0,0.0,0,0,6,66,71.14285714285714,3
d_1078,0,2014-01-10,Friday,1,2014,FOODS_3_090,FOODS,CA_1,,,,0,None,0,8.4,13.8,3.3,0.0,0.0,0,0,0,83,61.714285714285715,4
d_1079,90,2014-01-11,Saturday,1,2014,FOODS_3_090,FOODS,CA_1,,,,0,None,0,10.2,17.2,4.2,0.0,0.0,0,0,0,101,49.857142857142854,5
d_1080,83,2014-01-12,Sunday,1,2014,FOODS_3_090,FOODS,CA_1,,,,0,None,0,9.2,13.8,3.8,0.0,0.0,0,0,90,101,48.285714285714285,6
d_1081,35,2014-01-13,Monday,1,2014,FOODS_3_090,FOODS,CA_1,,,,0,None,0,9.7,17.8,2.7,0.0,0.0,0,0,83,85,45.714285714285715,0
d_1082,62,2014-01-14,Tuesday,1,2014,FOODS_3_090,FOODS,CA_1,,,,0,None,0,11.0,20.2,4.1,0.0,0.0,0,0,35,56,38.57142857142857,1
d_1083,48,2014-01-15,Wednesday,1,2014,FOODS_3_090,FOODS,CA_1,,,,0,None,0,12.9,22.8,5.9,0.0,0.0,0,0,62,6,39.42857142857143,2
d_1084,59,2014-01-16,Thursday,1,2014,FOODS_3_090,FOODS,CA_1,,,,0,None,0,13.0,22.5,5.9,0.0,0.0,0,0,48,0,45.42857142857143,3
d_1085,187,2014-01-17,Friday,1,2014,FOODS_3_090,FOODS,CA_1,,,,0,None,0,13.0,23.8,5.1,0.0,0.0,0,0,59,0,53.857142857142854,4
d_1086,119,2014-01-18,Saturday,1,2014,FOODS_3_090,FOODS,CA_1,,,,0,None,0,12.4,22.5,4.9,0.0,0.0,0,0,187,90,80.57142857142857,5
d_1087,117,2014-01-19,Sunday,1,2014,FOODS_3_090,FOODS,CA_1,,,,0,None,0,12.7,23.8,4.6,0.0,0.0,0,0,119,83,84.71428571428571,6
d_1088,48,2014-01-20,Monday,1,2014,FOODS_3_090,FOODS,CA_1,,,,0,None,0,11.8,21.9,4.0,0.0,0.0,0,0,117,35,89.57142857142857,0
d_1089,32,2014-01-21,Tuesday,1,2014,FOODS_3_090,FOODS,CA_1,,,,0,None,0,12.0,21.9,4.7,0.0,0.0,0,0,48,62,91.42857142857143,1
d_1090,58,2014-01-22,Wednesday,1,2014,FOODS_3_090,FOODS,CA_1,,,,0,None,0,11.7,19.6,5.1,0.0,0.0,0,0,32,48,87.14285714285714,2
d_1091,60,2014-01-23,Thursday,1,2014,FOODS_3_090,FOODS,CA_1,,,,0,None,0,12.1,20.3,4.4,0.2,0.2,1,0,58,59,88.57142857142857,3
d_1092,81,2014-01-24,Friday,1,2014,FOODS_3_090,FOODS,CA_1,,,,0,None,0,16.3,23.5,11.3,0.0,0.0,0,0,60,187,88.71428571428571,4
d_1093,79,2014-01-25,Saturday,1,2014,FOODS_3_090,FOODS,CA_1,,,,0,None,0,14.1,22.0,7.1,0.0,0.0,0,0,81,119,73.57142857142857,5
d_1094,79,2014-01-26,Sunday,1,2014,FOODS_3_090,FOODS,CA_1,Republic Day,National,High,1,None,0,12.7,19.7,6.2,0.0,0.0,0,0,79,117,67.85714285714286,6
d_1095,34,2014-01-27,Monday,1,2014,FOODS_3_090,FOODS,CA_1,,,,0,None,0,12.0,19.0,5.0,0.0,0.0,0,0,79,48,62.42857142857143,0
d_1096,52,2014-01-28,Tuesday,1,2014,FOODS_3_090,FOODS,CA_1,,,,0,None,0,12.5,18.8,6.5,0.0,0.0,0,0,34,32,60.42857142857143,1
d_1097,45,2014-01-29,Wednesday,1,2014,FOODS_3_090,FOODS,CA_1,,,,0,None,0,13.3,19.6,7.1,0.0,0.0,0,0,52,58,63.285714285714285,2
d_1098,48,2014-01-30,Thursday,1,2014,FOODS_3_090,FOODS,CA_1,,,,0,None,0,11.8,13.9,8.1,16.8,16.8,1,1,45,60,61.42857142857143,3
d_1099,80,2014-01-31,Friday,1,2014,FOODS_3_090,FOODS,CA_1,,,,0,None,0,8.8,12.4,4.1,6.6,6.6,1,0,48,81,59.714285714285715,4
d_1100,151,2014-02-01,Saturday,2,2014,FOODS_3_090,FOODS,CA_1,,,,0,None,0,7.0,12.9,1.6,0.0,0.0,0,0,80,79,59.57142857142857,5
d_1101,127,2014-02-02,Sunday,2,2014,FOODS_3_090,FOODS,CA_1,,,,0,None,0,6.4,11.2,3.1,5.6,5.6,1,0,151,79,69.85714285714286,6
d_1102,99,2014-02-03,Monday,2,2014,FOODS_3_090,FOODS,CA_1,,,,0,None,0,6.6,12.1,1.3,0.3,0.3,1,0,127,34,76.71428571428571,0
d_1103,43,2014-02-04,Tuesday,2,2014,FOODS_3_090,FOODS,CA_1,,,,0,None,0,7.3,11.5,3.3,0.0,0.0,0,0,99,52,86.0,1
d_1104,62,2014-02-05,Wednesday,2,2014,FOODS_3_090,FOODS,CA_1,,,,0,None,0,7.3,12.8,1.4,0.0,0.0,0,0,43,45,84.71428571428571,2
d_1105,53,2014-02-06,Thursday,2,2014,FOODS_3_090,FOODS,CA_1,,,,0,None,0,7.8,9.9,5.6,13.5,13.5,1,1,62,48,87.14285714285714,3
d_1106,2,2014-02-07,Friday,2,2014,FOODS_3_090,FOODS,CA_1,,,,0,None,0,8.5,13.0,4.1,4.5,4.5,1,0,53,80,87.85714285714286,4
d_1107,0,2014-02-08,Saturday,2,2014,FOODS_3_090,FOODS,CA_1,,,,0,None,0,11.4,14.3,9.3,3.3,3.3,1,0,2,151,76.71428571428571,5
d_1108,0,2014-02-09,Sunday,2,2014,FOODS_3_090,FOODS,CA_1,,,,0,None,0,13.1,16.9,9.3,1.3,1.3,1,0,0,127,55.142857142857146,6
d_1109,0,2014-02-10,Monday,2,2014,FOODS_3_090,FOODS,CA_1,,,,0,None,0,13.0,17.7,8.3,2.7,2.7,1,0,0,99,37.0,0
d_1110,0,2014-02-11,Tuesday,2,2014,FOODS_3_090,FOODS,CA_1,,,,0,None,0,12.0,17.3,6.7,0.0,0.0,0,0,0,43,22.857142857142858,1
d_1111,0,2014-02-12,Wednesday,2,2014,FOODS_3_090,FOODS,CA_1,,,,0,None,0,12.1,19.4,5.9,0.0,0.0,0,0,0,62,16.714285714285715,2
d_1112,0,2014-02-13,Thursday,2,2014,FOODS_3_090,FOODS,CA_1,,,,0,None,0,13.1,21.5,6.3,0.0,0.0,0,0,0,53,7.857142857142857,3
d_1113,0,2014-02-14,Friday,2,2014,FOODS_3_090,FOODS,CA_1,,,,0,None,0,14.4,22.2,7.6,0.0,0.0,0,0,0,2,0.2857142857142857,4
d_1114,0,2014-02-15,Saturday,2,2014,FOODS_3_090,FOODS,CA_1,,,,0,None,0,15.2,22.9,7.9,0.0,0.0,0,0,0,0,0.0,5
d_1115,0,2014-02-16,Sunday,2,2014,FOODS_3_090,FOODS,CA_1,,,,0,None,0,15.6,21.5,9.9,1.5,1.5,1,0,0,0,0.0,6
d_1116,0,2014-02-17,Monday,2,2014,FOODS_3_090,FOODS,CA_1,,,,0,None,0,12.8,20.0,6.4,0.0,0.0,0,0,0,0,0.0,0
d_1117,0,2014-02-18,Tuesday,2,2014,FOODS_3_090,FOODS,CA_1,,,,0,None,0,11.5,16.4,6.7,0.0,0.0,0,0,0,0,0.0,1
d_1118,0,2014-02-19,Wednesday,2,2014,FOODS_3_090,FOODS,CA_1,,,,0,None,0,13.1,18.8,8.7,0.0,0.0,0,0,0,0,0.0,2
d_1119,0,2014-02-20,Thursday,2,2014,FOODS_3_090,FOODS,CA_1,,,,0,None,0,11.9,18.5,6.5,0.0,0.0,0,0,0,0,0.0,3
d_1120,0,2014-02-21,Friday,2,2014,FOODS_3_090,FOODS,CA_1,,,,0,None,0,12.2,20.0,4.8,0.0,0.0,0,0,0,0,0.0,4
d_1121,0,2014-02-22,Saturday,2,2014,FOODS_3_090,FOODS,CA_1,,,,0,None,0,12.9,20.9,5.5,0.0,0.0,0,0,0,0,0.0,5
d_1122,0,2014-02-23,Sunday,2,2014,FOODS_3_090,FOODS,CA_1,,,,0,None,0,13.7,22.3,5.8,0.0,0.0,0,0,0,0,0.0,6
d_1123,0,2014-02-24,Monday,2,2014,FOODS_3_090,FOODS,CA_1,,,,0,None,0,14.7,24.1,6.3,0.0,0.0,0,0,0,0,0.0,0
d_1124,0,2014-02-25,Tuesday,2,2014,FOODS_3_090,FOODS,CA_1,,,,0,None,0,15.7,24.1,7.3,0.0,0.0,0,0,0,0,0.0,1
d_1125,0,2014-02-26,Wednesday,2,2014,FOODS_3_090,FOODS,CA_1,,,,0,None,0,13.1,17.7,9.1,4.3,4.3,1,0,0,0,0.0,2
d_1126,0,2014-02-27,Thursday,2,2014,FOODS_3_090,FOODS,CA_1,,,,0,None,0,13.5,17.5,9.0,15.9,15.9,1,1,0,0,0.0,3
d_1127,0,2014-02-28,Friday,2,2014,FOODS_3_090,FOODS,CA_1,,,,0,None,0,12.2,15.8,9.4,34.0,34.0,1,1,0,0,0.0,4
d_1128,0,2014-03-01,Saturday,3,2014,FOODS_3_090,FOODS,CA_1,,,,0,None,0,13.0,18.7,9.0,2.8,2.8,1,0,0,0,0.0,5
d_1129,0,2014-03-02,Sunday,3,2014,FOODS_3_090,FOODS,CA_1,,,,0,None,0,11.1,14.8,7.0,3.7,3.7,1,0,0,0,0.0,6
d_1130,0,2014-03-03,Monday,3,2014,FOODS_3_090,FOODS,CA_1,,,,0,None,0,11.5,17.5,4.9,0.0,0.0,0,0,0,0,0.0,0
d_1131,0,2014-03-04,Tuesday,3,2014,FOODS_3_090,FOODS,CA_1,,,,0,None,0,14.4,19.5,10.6,0.0,0.0,0,0,0,0,0.0,1
d_1132,0,2014-03-05,Wednesday,3,2014,FOODS_3_090,FOODS,CA_1,,,,0,None,0,15.3,21.5,9.0,0.0,0.0,0,0,0,0,0.0,2
d_1133,0,2014-03-06,Thursday,3,2014,FOODS_3_090,FOODS,CA_1,,,,0,None,0,15.5,20.9,11.7,4.1,4.1,1,0,0,0,0.0,3
d_1134,0,2014-03-07,Friday,3,2014,FOODS_3_090,FOODS,CA_1,,,,0,None,0,13.0,18.3,8.3,0.0,0.0,0,0,0,0,0.0,4
d_1135,0,2014-03-08,Saturday,3,2014,FOODS_3_090,FOODS,CA_1,,,,0,None,0,14.3,23.0,6.8,0.0,0.0,0,0,0,0,0.0,5
d_1136,129,2014-03-09,Sunday,3,2014,FOODS_3_090,FOODS,CA_1,,,,0,None,0,16.5,24.1,8.5,0.0,0.0,0,0,0,0,0.0,6
d_1137,65,2014-03-10,Monday,3,2014,FOODS_3_090,FOODS,CA_1,,,,0,None,0,15.6,22.3,9.3,0.0,0.0,0,0,129,0,18.428571428571427,0
d_1138,52,2014-03-11,Tuesday,3,2014,FOODS_3_090,FOODS,CA_1,,,,0,None,0,13.5,20.0,7.3,0.0,0.0,0,0,65,0,27.714285714285715,1
d_1139,70,2014-03-12,Wednesday,3,2014,FOODS_3_090,FOODS,CA_1,,,,0,None,0,15.3,21.9,10.5,0.0,0.0,0,0,52,0,35.142857142857146,2
d_1140,51,2014-03-13,Thursday,3,2014,FOODS_3_090,FOODS,CA_1,,,,0,None,0,14.8,22.9,7.7,0.0,0.0,0,0,70,0,45.142857142857146,3
d_1141,63,2014-03-14,Friday,3,2014,FOODS_3_090,FOODS,CA_1,,,,0,None,0,14.8,23.1,6.9,0.0,0.0,0,0,51,0,52.42857142857143,4
d_1142,85,2014-03-15,Saturday,3,2014,FOODS_3_090,FOODS,CA_1,,,,0,None,0,16.0,24.6,8.2,0.0,0.0,0,0,63,0,61.42857142857143,5
d_1143,69,2014-03-16,Sunday,3,2014,FOODS_3_090,FOODS,CA_1,,,,0,None,0,18.0,27.8,8.7,0.0,0.0,0,0,85,129,73.57142857142857,6
d_1144,64,2014-03-17,Monday,3,2014,FOODS_3_090,FOODS,CA_1,Holi,Hindu,High,1,High,3,15.8,22.1,10.2,0.0,0.0,0,0,69,65,65.0,0
d_1145,30,2014-03-18,Tuesday,3,2014,FOODS_3_090,FOODS,CA_1,,,,0,None,0,15.1,21.9,10.0,0.0,0.0,0,0,64,52,64.85714285714286,1
d_1146,67,2014-03-19,Wednesday,3,2014,FOODS_3_090,FOODS,CA_1,,,,0,None,0,16.0,24.7,7.1,0.0,0.0,0,0,30,70,61.714285714285715,2
d_1147,49,2014-03-20,Thursday,3,2014,FOODS_3_090,FOODS,CA_1,,,,0,None,0,16.2,24.9,7.4,0.0,0.0,0,0,67,51,61.285714285714285,3
d_1148,82,2014-03-21,Friday,3,2014,FOODS_3_090,FOODS,CA_1,,,,0,None,0,16.4,24.5,8.0,0.0,0.0,0,0,49,63,61.0,4
d_1149,79,2014-03-22,Saturday,3,2014,FOODS_3_090,FOODS,CA_1,,,,0,None,0,15.6,23.7,7.4,0.0,0.0,0,0,82,85,63.714285714285715,5
d_1150,63,2014-03-23,Sunday,3,2014,FOODS_3_090,FOODS,CA_1,,,,0,None,0,16.2,24.9,7.1,0.0,0.0,0,0,79,69,62.857142857142854,6
d_1151,68,2014-03-24,Monday,3,2014,FOODS_3_090,FOODS,CA_1,,,,0,None,0,17.7,27.7,8.0,0.0,0.0,0,0,63,64,62.0,0
d_1152,44,2014-03-25,Tuesday,3,2014,FOODS_3_090,FOODS,CA_1,,,,0,None,0,16.9,24.3,8.4,0.0,0.0,0,0,68,30,62.57142857142857,1
d_1153,26,2014-03-26,Wednesday,3,2014,FOODS_3_090,FOODS,CA_1,,,,0,None,0,11.3,14.1,8.6,10.6,10.6,1,1,44,67,64.57142857142857,2
d_1154,42,2014-03-27,Thursday,3,2014,FOODS_3_090,FOODS,CA_1,,,,0,None,0,11.7,17.8,5.6,0.1,0.1,1,0,26,49,58.714285714285715,3
d_1155,43,2014-03-28,Friday,3,2014,FOODS_3_090,FOODS,CA_1,,,,0,None,0,14.3,21.5,7.0,0.0,0.0,0,0,42,82,57.714285714285715,4
d_1156,72,2014-03-29,Saturday,3,2014,FOODS_3_090,FOODS,CA_1,,,,0,None,0,15.8,23.0,9.6,3.6,3.6,1,0,43,79,52.142857142857146,5
d_1157,79,2014-03-30,Sunday,3,2014,FOODS_3_090,FOODS,CA_1,,,,0,None,0,12.0,17.1,7.4,14.6,14.6,1,1,72,63,51.142857142857146,6
d_1158,43,2014-03-31,Monday,3,2014,FOODS_3_090,FOODS,CA_1,Gudi Padwa,Hindu,High,1,None,0,11.1,15.9,7.8,7.6,7.6,1,0,79,68,53.42857142857143,0
d_1159,36,2014-04-01,Tuesday,4,2014,FOODS_3_090,FOODS,CA_1,,,,0,None,0,8.8,12.9,4.7,10.5,10.5,1,1,43,44,49.857142857142854,1
d_1160,37,2014-04-02,Wednesday,4,2014,FOODS_3_090,FOODS,CA_1,,,,0,None,0,9.7,14.7,5.2,10.3,10.3,1,1,36,26,48.714285714285715,2
d_1161,47,2014-04-03,Thursday,4,2014,FOODS_3_090,FOODS,CA_1,,,,0,None,0,11.4,18.0,4.0,0.0,0.0,0,0,37,42,50.285714285714285,3
d_1162,97,2014-04-04,Friday,4,2014,FOODS_3_090,FOODS,CA_1,,,,0,None,0,12.1,17.0,6.4,0.1,0.1,1,0,47,43,51.0,4
d_1163,108,2014-04-05,Saturday,4,2014,FOODS_3_090,FOODS,CA_1,,,,0,None,0,12.0,18.6,5.6,0.0,0.0,0,0,97,72,58.714285714285715,5
d_1164,87,2014-04-06,Sunday,4,2014,FOODS_3_090,FOODS,CA_1,,,,0,None,0,14.3,21.6,6.9,0.0,0.0,0,0,108,79,63.857142857142854,6
d_1165,55,2014-04-07,Monday,4,2014,FOODS_3_090,FOODS,CA_1,,,,0,None,0,18.3,28.3,8.8,0.0,0.0,0,0,87,43,65.0,0
d_1166,64,2014-04-08,Tuesday,4,2014,FOODS_3_090,FOODS,CA_1,,,,0,None,0,20.2,30.1,10.4,0.0,0.0,0,0,55,36,66.71428571428571,1
d_1167,36,2014-04-09,Wednesday,4,2014,FOODS_3_090,FOODS,CA_1,,,,0,None,0,20.1,28.8,10.7,0.0,0.0,0,0,64,37,70.71428571428571,2
d_1168,47,2014-04-10,Thursday,4,2014,FOODS_3_090,FOODS,CA_1,,,,0,None,0,20.2,29.3,10.3,0.0,0.0,0,0,36,47,70.57142857142857,3
d_1169,101,2014-04-11,Friday,4,2014,FOODS_3_090,FOODS,CA_1,,,,0,None,0,21.0,28.9,13.2,0.0,0.0,0,0,47,97,70.57142857142857,4
d_1170,104,2014-04-12,Saturday,4,2014,FOODS_3_090,FOODS,CA_1,,,,0,None,0,19.5,25.1,15.4,0.0,0.0,0,0,101,108,71.14285714285714,5
d_1171,65,2014-04-13,Sunday,4,2014,FOODS_3_090,FOODS,CA_1,,,,0,None,0,18.3,25.0,10.8,0.0,0.0,0,0,104,87,70.57142857142857,6
d_1172,70,2014-04-14,Monday,4,2014,FOODS_3_090,FOODS,CA_1,,,,0,None,0,20.2,28.4,11.8,0.0,0.0,0,0,65,55,67.42857142857143,0
d_1173,47,2014-04-15,Tuesday,4,2014,FOODS_3_090,FOODS,CA_1,,,,0,None,0,20.8,29.1,13.0,0.0,0.0,0,0,70,64,69.57142857142857,1
d_1174,87,2014-04-16,Wednesday,4,2014,FOODS_3_090,FOODS,CA_1,,,,0,None,0,20.2,28.3,11.1,0.0,0.0,0,0,47,36,67.14285714285714,2
d_1175,68,2014-04-17,Thursday,4,2014,FOODS_3_090,FOODS,CA_1,,,,0,None,0,21.6,29.4,12.4,0.0,0.0,0,0,87,47,74.42857142857143,3
d_1176,70,2014-04-18,Friday,4,2014,FOODS_3_090,FOODS,CA_1,,,,0,None,0,21.1,27.3,15.7,0.0,0.0,0,0,68,101,77.42857142857143,4
d_1177,131,2014-04-19,Saturday,4,2014,FOODS_3_090,FOODS,CA_1,,,,0,None,0,21.0,27.5,13.5,0.0,0.0,0,0,70,104,73.0,5
d_1178,165,2014-04-20,Sunday,4,2014,FOODS_3_090,FOODS,CA_1,,,,0,None,0,20.2,28.8,11.2,0.0,0.0,0,0,131,65,76.85714285714286,6
d_1179,30,2014-04-21,Monday,4,2014,FOODS_3_090,FOODS,CA_1,,,,0,None,0,20.7,28.2,11.5,0.0,0.0,0,0,165,70,91.14285714285714,0
d_1180,72,2014-04-22,Tuesday,4,2014,FOODS_3_090,FOODS,CA_1,,,,0,None,0,16.5,20.5,12.3,0.0,0.0,0,0,30,47,85.42857142857143,1
d_1181,24,2014-04-23,Wednesday,4,2014,FOODS_3_090,FOODS,CA_1,,,,0,None,0,15.8,22.2,9.0,0.0,0.0,0,0,72,87,89.0,2
d_1182,59,2014-04-24,Thursday,4,2014,FOODS_3_090,FOODS,CA_1,,,,0,None,0,18.1,25.7,9.7,0.0,0.0,0,0,24,68,80.0,3
d_1183,130,2014-04-25,Friday,4,2014,FOODS_3_090,FOODS,CA_1,,,,0,None,0,13.3,17.2,8.4,27.4,27.4,1,1,59,70,78.71428571428571,4
d_1184,93,2014-04-26,Saturday,4,2014,FOODS_3_090,FOODS,CA_1,,,,0,None,0,11.2,16.3,6.6,1.1,1.1,1,0,130,131,87.28571428571429,5
d_1185,85,2014-04-27,Sunday,4,2014,FOODS_3_090,FOODS,CA_1,,,,0,None,0,13.6,19.6,7.1,0.0,0.0,0,0,93,165,81.85714285714286,6
d_1186,49,2014-04-28,Monday,4,2014,FOODS_3_090,FOODS,CA_1,,,,0,None,0,15.7,22.5,7.5,0.0,0.0,0,0,85,30,70.42857142857143,0
d_1187,65,2014-04-29,Tuesday,4,2014,FOODS_3_090,FOODS,CA_1,,,,0,None,0,19.4,27.6,10.4,0.0,0.0,0,0,49,72,73.14285714285714,1
d_1188,59,2014-04-30,Wednesday,4,2014,FOODS_3_090,FOODS,CA_1,,,,0,None,0,22.8,31.9,13.9,0.0,0.0,0,0,65,24,72.14285714285714,2
d_1189,64,2014-05-01,Thursday,5,2014,FOODS_3_090,FOODS,CA_1,,,,0,None,0,23.3,32.1,13.9,0.0,0.0,0,0,59,59,77.14285714285714,3
d_1190,99,2014-05-02,Friday,5,2014,FOODS_3_090,FOODS,CA_1,,,,0,None,0,23.6,32.9,13.6,0.0,0.0,0,0,64,130,77.85714285714286,4
d_1191,88,2014-05-03,Saturday,5,2014,FOODS_3_090,FOODS,CA_1,,,,0,None,0,22.3,30.7,12.8,0.0,0.0,0,0,99,93,73.42857142857143,5
d_1192,99,2014-05-04,Sunday,5,2014,FOODS_3_090,FOODS,CA_1,,,,0,None,0,19.9,26.2,13.1,0.0,0.0,0,0,88,85,72.71428571428571,6
d_1193,60,2014-05-05,Monday,5,2014,FOODS_3_090,FOODS,CA_1,,,,0,None,0,18.0,23.6,12.8,0.8,0.8,1,0,99,49,74.71428571428571,0
d_1194,49,2014-05-06,Tuesday,5,2014,FOODS_3_090,FOODS,CA_1,,,,0,None,0,14.0,18.4,9.7,5.1,5.1,1,0,60,65,76.28571428571429,1
d_1195,33,2014-05-07,Wednesday,5,2014,FOODS_3_090,FOODS,CA_1,,,,0,None,0,16.2,22.3,9.4,0.0,0.0,0,0,49,59,74.0,2
d_1196,71,2014-05-08,Thursday,5,2014,FOODS_3_090,FOODS,CA_1,,,,0,None,0,17.9,24.1,10.6,0.0,0.0,0,0,33,64,70.28571428571429,3
d_1197,77,2014-05-09,Friday,5,2014,FOODS_3_090,FOODS,CA_1,,,,0,None,0,19.2,24.6,13.7,0.0,0.0,0,0,71,99,71.28571428571429,4
d_1198,78,2014-05-10,Saturday,5,2014,FOODS_3_090,FOODS,CA_1,,,,0,None,0,17.5,23.4,10.8,0.0,0.0,0,0,77,88,68.14285714285714,5
d_1199,118,2014-05-11,Sunday,5,2014,FOODS_3_090,FOODS,CA_1,,,,0,None,0,18.0,25.6,8.5,0.0,0.0,0,0,78,99,66.71428571428571,6
d_1200,54,2014-05-12,Monday,5,2014,FOODS_3_090,FOODS,CA_1,,,,0,None,0,20.3,28.7,11.0,0.0,0.0,0,0,118,60,69.42857142857143,0
d_1201,0,2014-05-13,Tuesday,5,2014,FOODS_3_090,FOODS,CA_1,,,,0,None,0,23.2,32.4,13.1,0.0,0.0,0,0,54,49,68.57142857142857,1
d_1202,0,2014-05-14,Wednesday,5,2014,FOODS_3_090,FOODS,CA_1,,,,0,None,0,25.3,34.7,14.3,0.0,0.0,0,0,0,33,61.57142857142857,2
d_1203,0,2014-05-15,Thursday,5,2014,FOODS_3_090,FOODS,CA_1,,,,0,None,0,26.9,36.7,15.7,0.0,0.0,0,0,0,71,56.857142857142854,3
d_1204,0,2014-05-16,Friday,5,2014,FOODS_3_090,FOODS,CA_1,,,,0,None,0,26.5,35.7,15.8,0.0,0.0,0,0,0,77,46.714285714285715,4
d_1205,0,2014-05-17,Saturday,5,2014,FOODS_3_090,FOODS,CA_1,,,,0,None,0,24.4,32.6,14.9,0.0,0.0,0,0,0,78,35.714285714285715,5
d_1206,0,2014-05-18,Sunday,5,2014,FOODS_3_090,FOODS,CA_1,,,,0,None,0,22.0,27.8,15.8,0.0,0.0,0,0,0,118,24.571428571428573,6
d_1207,0,2014-05-19,Monday,5,2014,FOODS_3_090,FOODS,CA_1,,,,0,None,0,19.9,26.3,12.8,0.0,0.0,0,0,0,54,7.714285714285714,0
d_1208,0,2014-05-20,Tuesday,5,2014,FOODS_3_090,FOODS,CA_1,,,,0,None,0,15.8,19.9,10.9,3.3,3.3,1,0,0,0,0.0,1
d_1209,0,2014-05-21,Wednesday,5,2014,FOODS_3_090,FOODS,CA_1,,,,0,None,0,18.7,23.4,14.6,0.0,0.0,0,0,0,0,0.0,2
d_1210,0,2014-05-22,Thursday,5,2014,FOODS_3_090,FOODS,CA_1,,,,0,None,0,20.3,26.4,13.0,0.0,0.0,0,0,0,0,0.0,3
d_1211,0,2014-05-23,Friday,5,2014,FOODS_3_090,FOODS,CA_1,,,,0,None,0,22.4,29.9,13.7,0.0,0.0,0,0,0,0,0.0,4
d_1212,0,2014-05-24,Saturday,5,2014,FOODS_3_090,FOODS,CA_1,,,,0,None,0,24.8,32.0,16.3,0.0,0.0,0,0,0,0,0.0,5
d_1213,0,2014-05-25,Sunday,5,2014,FOODS_3_090,FOODS,CA_1,,,,0,None,0,26.7,34.5,17.3,0.0,0.0,0,0,0,0,0.0,6
d_1214,0,2014-05-26,Monday,5,2014,FOODS_3_090,FOODS,CA_1,,,,0,None,0,27.7,36.6,17.1,0.0,0.0,0,0,0,0,0.0,0
d_1215,0,2014-05-27,Tuesday,5,2014,FOODS_3_090,FOODS,CA_1,,,,0,None,0,27.3,36.0,16.3,0.0,0.0,0,0,0,0,0.0,1
d_1216,0,2014-05-28,Wednesday,5,2014,FOODS_3_090,FOODS,CA_1,,,,0,None,0,24.5,31.4,16.2,0.0,0.0,0,0,0,0,0.0,2
d_1217,0,2014-05-29,Thursday,5,2014,FOODS_3_090,FOODS,CA_1,,,,0,None,0,23.2,31.0,13.2,0.0,0.0,0,0,0,0,0.0,3
d_1218,0,2014-05-30,Friday,5,2014,FOODS_3_090,FOODS,CA_1,,,,0,None,0,24.5,33.4,13.0,0.0,0.0,0,0,0,0,0.0,4
d_1219,0,2014-05-31,Saturday,5,2014,FOODS_3_090,FOODS,CA_1,,,,0,None,0,23.8,31.7,14.2,0.0,0.0,0,0,0,0,0.0,5
d_1220,0,2014-06-01,Sunday,6,2014,FOODS_3_090,FOODS,CA_1,,,,0,None,0,25.5,34.4,14.9,0.0,0.0,0,0,0,0,0.0,6
d_1221,0,2014-06-02,Monday,6,2014,FOODS_3_090,FOODS,CA_1,,,,0,None,0,25.9,34.0,15.8,0.0,0.0,0,0,0,0,0.0,0
d_1222,0,2014-06-03,Tuesday,6,2014,FOODS_3_090,FOODS,CA_1,,,,0,None,0,25.1,33.0,16.0,0.0,0.0,0,0,0,0,0.0,1
d_1223,0,2014-06-04,Wednesday,6,2014,FOODS_3_090,FOODS,CA_1,,,,0,None,0,26.1,34.4,15.5,0.0,0.0,0,0,0,0,0.0,2
d_1224,0,2014-06-05,Thursday,6,2014,FOODS_3_090,FOODS,CA_1,,,,0,None,0,27.9,36.2,17.5,0.0,0.0,0,0,0,0,0.0,3
d_1225,0,2014-06-06,Friday,6,2014,FOODS_3_090,FOODS,CA_1,,,,0,None,0,28.0,35.8,17.9,0.0,0.0,0,0,0,0,0.0,4
d_1226,0,2014-06-07,Saturday,6,2014,FOODS_3_090,FOODS,CA_1,,,,0,None,0,28.5,37.0,18.5,0.0,0.0,0,0,0,0,0.0,5
d_1227,0,2014-06-08,Sunday,6,2014,FOODS_3_090,FOODS,CA_1,,,,0,None,0,30.4,39.8,18.7,0.0,0.0,0,0,0,0,0.0,6
d_1228,0,2014-06-09,Monday,6,2014,FOODS_3_090,FOODS,CA_1,,,,0,None,0,32.2,41.8,20.3,0.0,0.0,0,0,0,0,0.0,0
d_1229,0,2014-06-10,Tuesday,6,2014,FOODS_3_090,FOODS,CA_1,,,,0,None,0,31.2,38.6,20.9,0.0,0.0,0,0,0,0,0.0,1
d_1230,60,2014-06-11,Wednesday,6,2014,FOODS_3_090,FOODS,CA_1,,,,0,None,0,29.5,36.1,22.5,0.0,0.0,0,0,0,0,0.0,2
d_1231,81,2014-06-12,Thursday,6,2014,FOODS_3_090,FOODS,CA_1,,,,0,None,0,27.9,34.7,20.7,0.0,0.0,0,0,60,0,8.571428571428571,3
d_1232,100,2014-06-13,Friday,6,2014,FOODS_3_090,FOODS,CA_1,,,,0,None,0,25.9,32.2,19.4,0.0,0.0,0,0,81,0,20.142857142857142,4
d_1233,94,2014-06-14,Saturday,6,2014,FOODS_3_090,FOODS,CA_1,,,,0,None,0,25.0,32.6,14.7,0.0,0.0,0,0,100,0,34.42857142857143,5
d_1234,114,2014-06-15,Sunday,6,2014,FOODS_3_090,FOODS,CA_1,,,,0,None,0,25.6,33.1,16.0,0.0,0.0,0,0,94,0,47.857142857142854,6
d_1235,49,2014-06-16,Monday,6,2014,FOODS_3_090,FOODS,CA_1,,,,0,None,0,23.7,29.7,17.4,0.0,0.0,0,0,114,0,64.14285714285714,0
d_1236,20,2014-06-17,Tuesday,6,2014,FOODS_3_090,FOODS,CA_1,,,,0,None,0,23.0,29.0,16.9,0.0,0.0,0,0,49,0,71.14285714285714,1
d_1237,59,2014-06-18,Wednesday,6,2014,FOODS_3_090,FOODS,CA_1,,,,0,None,0,24.6,31.7,14.6,0.0,0.0,0,0,20,60,74.0,2
d_1238,62,2014-06-19,Thursday,6,2014,FOODS_3_090,FOODS,CA_1,,,,0,None,0,27.5,36.3,16.3,0.0,0.0,0,0,59,81,73.85714285714286,3
d_1239,139,2014-06-20,Friday,6,2014,FOODS_3_090,FOODS,CA_1,,,,0,None,0,28.3,36.8,17.4,0.0,0.0,0,0,62,100,71.14285714285714,4
d_1240,101,2014-06-21,Saturday,6,2014,FOODS_3_090,FOODS,CA_1,,,,0,None,0,28.2,35.9,18.1,0.0,0.0,0,0,139,94,76.71428571428571,5
d_1241,115,2014-06-22,Sunday,6,2014,FOODS_3_090,FOODS,CA_1,,,,0,None,0,27.4,35.6,17.2,0.0,0.0,0,0,101,114,77.71428571428571,6
d_1242,34,2014-06-23,Monday,6,2014,FOODS_3_090,FOODS,CA_1,,,,0,None,0,27.2,35.3,16.9,0.0,0.0,0,0,115,49,77.85714285714286,0
d_1243,71,2014-06-24,Tuesday,6,2014,FOODS_3_090,FOODS,CA_1,,,,0,None,0,28.0,35.8,18.3,0.0,0.0,0,0,34,20,75.71428571428571,1
d_1244,96,2014-06-25,Wednesday,6,2014,FOODS_3_090,FOODS,CA_1,,,,0,None,0,27.3,34.6,18.1,0.0,0.0,0,0,71,59,83.0,2
d_1245,74,2014-06-26,Thursday,6,2014,FOODS_3_090,FOODS,CA_1,,,,0,None,0,24.2,28.4,20.2,0.0,0.0,0,0,96,62,88.28571428571429,3
d_1246,96,2014-06-27,Friday,6,2014,FOODS_3_090,FOODS,CA_1,,,,0,None,0,25.5,32.6,17.7,0.0,0.0,0,0,74,139,90.0,4
d_1247,86,2014-06-28,Saturday,6,2014,FOODS_3_090,FOODS,CA_1,,,,0,None,0,27.1,34.7,17.6,0.0,0.0,0,0,96,101,83.85714285714286,5
d_1248,124,2014-06-29,Sunday,6,2014,FOODS_3_090,FOODS,CA_1,,,,0,None,0,29.1,38.0,18.1,0.0,0.0,0,0,86,115,81.71428571428571,6
d_1249,55,2014-06-30,Monday,6,2014,FOODS_3_090,FOODS,CA_1,,,,0,None,0,31.3,40.2,20.3,0.0,0.0,0,0,124,34,83.0,0
d_1250,41,2014-07-01,Tuesday,7,2014,FOODS_3_090,FOODS,CA_1,,,,0,None,0,32.0,40.6,21.8,0.0,0.0,0,0,55,71,86.0,1
d_1251,76,2014-07-02,Wednesday,7,2014,FOODS_3_090,FOODS,CA_1,,,,0,None,0,31.4,39.0,22.6,0.0,0.0,0,0,41,96,81.71428571428571,2
d_1252,112,2014-07-03,Thursday,7,2014,FOODS_3_090,FOODS,CA_1,,,,0,None,0,31.1,38.9,21.8,0.0,0.0,0,0,76,74,78.85714285714286,3
d_1253,153,2014-07-04,Friday,7,2014,FOODS_3_090,FOODS,CA_1,,,,0,None,0,32.3,40.8,21.0,0.0,0.0,0,0,112,96,84.28571428571429,4
d_1254,74,2014-07-05,Saturday,7,2014,FOODS_3_090,FOODS,CA_1,,,,0,None,0,31.8,39.7,21.4,0.0,0.0,0,0,153,86,92.42857142857143,5
d_1255,96,2014-07-06,Sunday,7,2014,FOODS_3_090,FOODS,CA_1,,,,0,None,0,31.5,38.5,22.8,0.0,0.0,0,0,74,124,90.71428571428571,6
d_1256,108,2014-07-07,Monday,7,2014,FOODS_3_090,FOODS,CA_1,,,,0,None,0,31.5,38.3,23.1,0.0,0.0,0,0,96,55,86.71428571428571,0
d_1257,42,2014-07-08,Tuesday,7,2014,FOODS_3_090,FOODS,CA_1,,,,0,None,0,32.6,40.7,22.6,0.0,0.0,0,0,108,41,94.28571428571429,1
d_1258,65,2014-07-09,Wednesday,7,2014,FOODS_3_090,FOODS,CA_1,,,,0,None,0,32.1,39.0,24.6,0.0,0.0,0,0,42,76,94.42857142857143,2
d_1259,64,2014-07-10,Thursday,7,2014,FOODS_3_090,FOODS,CA_1,,,,0,None,0,30.7,36.6,24.7,0.0,0.0,0,0,65,112,92.85714285714286,3
d_1260,109,2014-07-11,Friday,7,2014,FOODS_3_090,FOODS,CA_1,,,,0,None,0,29.3,34.9,23.5,0.0,0.0,0,0,64,153,86.0,4
d_1261,101,2014-07-12,Saturday,7,2014,FOODS_3_090,FOODS,CA_1,,,,0,None,0,29.0,36.0,21.3,0.0,0.0,0,0,109,74,79.71428571428571,5
d_1262,96,2014-07-13,Sunday,7,2014,FOODS_3_090,FOODS,CA_1,,,,0,None,0,31.5,39.5,22.0,0.0,0.0,0,0,101,96,83.57142857142857,6
d_1263,73,2014-07-14,Monday,7,2014,FOODS_3_090,FOODS,CA_1,,,,0,None,0,32.9,39.7,24.3,0.0,0.0,0,0,96,108,83.57142857142857,0
d_1264,92,2014-07-15,Tuesday,7,2014,FOODS_3_090,FOODS,CA_1,,,,0,None,0,32.5,37.1,27.6,0.0,0.0,0,0,73,42,78.57142857142857,1
d_1265,61,2014-07-16,Wednesday,7,2014,FOODS_3_090,FOODS,CA_1,,,,0,None,0,30.5,35.5,25.1,0.0,0.0,0,0,92,65,85.71428571428571,2
d_1266,84,2014-07-17,Thursday,7,2014,FOODS_3_090,FOODS,CA_1,,,,0,None,0,28.1,32.6,23.2,0.0,0.0,0,0,61,64,85.14285714285714,3
d_1267,137,2014-07-18,Friday,7,2014,FOODS_3_090,FOODS,CA_1,,,,0,None,0,28.5,34.7,22.2,0.0,0.0,0,0,84,109,88.0,4
d_1268,89,2014-07-19,Saturday,7,2014,FOODS_3_090,FOODS,CA_1,,,,0,None,0,29.2,34.4,22.5,0.0,0.0,0,0,137,101,92.0,5
d_1269,95,2014-07-20,Sunday,7,2014,FOODS_3_090,FOODS,CA_1,,,,0,None,0,29.8,35.1,24.4,0.0,0.0,0,0,89,96,90.28571428571429,6
d_1270,31,2014-07-21,Monday,7,2014,FOODS_3_090,FOODS,CA_1,,,,0,None,0,28.7,34.8,22.5,0.0,0.0,0,0,95,73,90.14285714285714,0
d_1271,40,2014-07-22,Tuesday,7,2014,FOODS_3_090,FOODS,CA_1,,,,0,None,0,29.4,35.6,23.4,0.0,0.0,0,0,31,92,84.14285714285714,1
d_1272,57,2014-07-23,Wednesday,7,2014,FOODS_3_090,FOODS,CA_1,,,,0,None,0,27.8,34.3,21.0,0.0,0.0,0,0,40,61,76.71428571428571,2
d_1273,63,2014-07-24,Thursday,7,2014,FOODS_3_090,FOODS,CA_1,,,,0,None,0,28.9,36.9,20.0,0.0,0.0,0,0,57,84,76.14285714285714,3
d_1274,110,2014-07-25,Friday,7,2014,FOODS_3_090,FOODS,CA_1,,,,0,None,0,31.1,40.0,20.2,0.0,0.0,0,0,63,137,73.14285714285714,4
d_1275,57,2014-07-26,Saturday,7,2014,FOODS_3_090,FOODS,CA_1,,,,0,None,0,32.1,40.6,21.5,0.0,0.0,0,0,110,89,69.28571428571429,5
d_1276,97,2014-07-27,Sunday,7,2014,FOODS_3_090,FOODS,CA_1,,,,0,None,0,32.8,40.2,24.1,0.0,0.0,0,0,57,95,64.71428571428571,6
d_1277,37,2014-07-28,Monday,7,2014,FOODS_3_090,FOODS,CA_1,,,,0,None,0,32.0,37.2,26.7,0.0,0.0,0,0,97,31,65.0,0
d_1278,71,2014-07-29,Tuesday,7,2014,FOODS_3_090,FOODS,CA_1,,,,0,None,0,31.7,38.5,24.0,0.9,0.9,1,0,37,40,65.85714285714286,1
d_1279,42,2014-07-30,Wednesday,7,2014,FOODS_3_090,FOODS,CA_1,,,,0,None,0,31.9,38.2,25.2,0.0,0.0,0,0,71,57,70.28571428571429,2
d_1280,45,2014-07-31,Thursday,7,2014,FOODS_3_090,FOODS,CA_1,,,,0,None,0,32.6,40.3,23.9,0.0,0.0,0,0,42,63,68.14285714285714,3
d_1281,70,2014-08-01,Friday,8,2014,FOODS_3_090,FOODS,CA_1,,,,0,None,0,32.8,41.2,23.1,0.0,0.0,0,0,45,110,65.57142857142857,4
d_1282,82,2014-08-02,Saturday,8,2014,FOODS_3_090,FOODS,CA_1,,,,0,None,0,32.2,39.3,23.4,0.0,0.0,0,0,70,57,59.857142857142854,5
d_1283,100,2014-08-03,Sunday,8,2014,FOODS_3_090,FOODS,CA_1,,,,0,None,0,29.5,32.3,26.7,0.0,0.0,0,0,82,97,63.42857142857143,6
d_1284,65,2014-08-04,Monday,8,2014,FOODS_3_090,FOODS,CA_1,,,,0,None,0,29.4,34.5,24.0,0.0,0.0,0,0,100,37,63.857142857142854,0
d_1285,51,2014-08-05,Tuesday,8,2014,FOODS_3_090,FOODS,CA_1,,,,0,None,0,28.4,34.7,21.5,0.0,0.0,0,0,65,71,67.85714285714286,1
d_1286,52,2014-08-06,Wednesday,8,2014,FOODS_3_090,FOODS,CA_1,,,,0,None,0,28.1,34.1,21.1,0.0,0.0,0,0,51,42,65.0,2
d_1287,67,2014-08-07,Thursday,8,2014,FOODS_3_090,FOODS,CA_1,,,,0,None,0,29.3,36.0,21.5,0.0,0.0,0,0,52,45,66.42857142857143,3
d_1288,83,2014-08-08,Friday,8,2014,FOODS_3_090,FOODS,CA_1,,,,0,None,0,30.9,38.5,22.3,0.0,0.0,0,0,67,70,69.57142857142857,4
d_1289,104,2014-08-09,Saturday,8,2014,FOODS_3_090,FOODS,CA_1,,,,0,None,0,30.8,38.3,21.9,0.0,0.0,0,0,83,82,71.42857142857143,5
d_1290,77,2014-08-10,Sunday,8,2014,FOODS_3_090,FOODS,CA_1,,,,0,None,0,30.1,37.6,21.8,0.0,0.0,0,0,104,100,74.57142857142857,6
d_1291,25,2014-08-11,Monday,8,2014,FOODS_3_090,FOODS,CA_1,,,,0,None,0,30.9,38.1,23.3,0.0,0.0,0,0,77,65,71.28571428571429,0
d_1292,37,2014-08-12,Tuesday,8,2014,FOODS_3_090,FOODS,CA_1,,,,0,None,0,31.6,38.1,23.9,0.0,0.0,0,0,25,51,65.57142857142857,1
d_1293,61,2014-08-13,Wednesday,8,2014,FOODS_3_090,FOODS,CA_1,,,,0,None,0,29.5,35.4,23.1,0.0,0.0,0,0,37,52,63.57142857142857,2
d_1294,47,2014-08-14,Thursday,8,2014,FOODS_3_090,FOODS,CA_1,,,,0,None,0,28.9,36.3,21.1,0.0,0.0,0,0,61,67,64.85714285714286,3
d_1295,117,2014-08-15,Friday,8,2014,FOODS_3_090,FOODS,CA_1,,,,0,None,0,30.0,37.6,20.7,0.0,0.0,0,0,47,83,62.0,4
d_1296,75,2014-08-16,Saturday,8,2014,FOODS_3_090,FOODS,CA_1,,,,0,None,0,30.0,38.2,20.8,0.0,0.0,0,0,117,104,66.85714285714286,5
d_1297,77,2014-08-17,Sunday,8,2014,FOODS_3_090,FOODS,CA_1,,,,0,None,0,30.3,38.7,20.8,0.0,0.0,0,0,75,77,62.714285714285715,6
d_1298,66,2014-08-18,Monday,8,2014,FOODS_3_090,FOODS,CA_1,,,,0,None,0,29.3,37.0,20.3,0.0,0.0,0,0,77,25,62.714285714285715,0
d_1299,74,2014-08-19,Tuesday,8,2014,FOODS_3_090,FOODS,CA_1,,,,0,None,0,27.3,33.3,19.7,0.0,0.0,0,0,66,37,68.57142857142857,1
d_1300,50,2014-08-20,Wednesday,8,2014,FOODS_3_090,FOODS,CA_1,,,,0,None,0,27.4,32.5,21.5,0.0,0.0,0,0,74,61,73.85714285714286,2
d_1301,74,2014-08-21,Thursday,8,2014,FOODS_3_090,FOODS,CA_1,,,,0,None,0,28.0,35.2,20.2,0.0,0.0,0,0,50,47,72.28571428571429,3
d_1302,79,2014-08-22,Friday,8,2014,FOODS_3_090,FOODS,CA_1,,,,0,None,0,28.9,36.4,20.0,0.0,0.0,0,0,74,117,76.14285714285714,4
d_1303,93,2014-08-23,Saturday,8,2014,FOODS_3_090,FOODS,CA_1,,,,0,None,0,28.0,34.2,20.1,0.0,0.0,0,0,79,75,70.71428571428571,5
d_1304,112,2014-08-24,Sunday,8,2014,FOODS_3_090,FOODS,CA_1,,,,0,None,0,27.7,34.2,21.2,0.0,0.0,0,0,93,77,73.28571428571429,6
d_1305,70,2014-08-25,Monday,8,2014,FOODS_3_090,FOODS,CA_1,,,,0,None,0,26.7,32.3,20.5,0.0,0.0,0,0,112,66,78.28571428571429,0
d_1306,46,2014-08-26,Tuesday,8,2014,FOODS_3_090,FOODS,CA_1,,,,0,None,0,26.1,33.1,17.8,0.0,0.0,0,0,70,74,78.85714285714286,1
d_1307,47,2014-08-27,Wednesday,8,2014,FOODS_3_090,FOODS,CA_1,,,,0,None,0,27.8,35.7,18.4,0.0,0.0,0,0,46,50,74.85714285714286,2
d_1308,59,2014-08-28,Thursday,8,2014,FOODS_3_090,FOODS,CA_1,,,,0,None,0,28.7,37.4,19.2,0.0,0.0,0,0,47,74,74.42857142857143,3
d_1309,134,2014-08-29,Friday,8,2014,FOODS_3_090,FOODS,CA_1,Ganesh Chaturthi,Hindu,High,1,High,3,28.8,36.9,19.3,0.0,0.0,0,0,59,79,72.28571428571429,4
d_1310,98,2014-08-30,Saturday,8,2014,FOODS_3_090,FOODS,CA_1,,,,0,None,0,29.3,37.5,20.5,0.0,0.0,0,0,134,93,80.14285714285714,5
d_1311,91,2014-08-31,Sunday,8,2014,FOODS_3_090,FOODS,CA_1,,,,0,None,0,28.0,35.6,19.0,0.0,0.0,0,0,98,112,80.85714285714286,6
d_1312,84,2014-09-01,Monday,9,2014,FOODS_3_090,FOODS,CA_1,,,,0,None,0,28.5,36.8,19.2,0.0,0.0,0,0,91,70,77.85714285714286,0
d_1313,50,2014-09-02,Tuesday,9,2014,FOODS_3_090,FOODS,CA_1,,,,0,None,0,29.6,38.2,19.9,0.0,0.0,0,0,84,46,79.85714285714286,1
d_1314,52,2014-09-03,Wednesday,9,2014,FOODS_3_090,FOODS,CA_1,,,,0,None,0,28.4,35.6,20.5,0.0,0.0,0,0,50,47,80.42857142857143,2
d_1315,51,2014-09-04,Thursday,9,2014,FOODS_3_090,FOODS,CA_1,,,,0,None,0,27.9,35.5,19.9,0.0,0.0,0,0,52,59,81.14285714285714,3
d_1316,83,2014-09-05,Friday,9,2014,FOODS_3_090,FOODS,CA_1,,,,0,None,0,28.2,36.7,18.5,0.0,0.0,0,0,51,134,80.0,4
d_1317,99,2014-09-06,Saturday,9,2014,FOODS_3_090,FOODS,CA_1,,,,0,None,0,28.7,37.6,18.7,0.0,0.0,0,0,83,98,72.71428571428571,5
d_1318,88,2014-09-07,Sunday,9,2014,FOODS_3_090,FOODS,CA_1,,,,0,None,0,29.1,38.0,19.0,0.0,0.0,0,0,99,91,72.85714285714286,6
d_1319,102,2014-09-08,Monday,9,2014,FOODS_3_090,FOODS,CA_1,,,,0,None,0,28.4,33.7,22.6,0.0,0.0,0,0,88,84,72.42857142857143,0
d_1320,49,2014-09-09,Tuesday,9,2014,FOODS_3_090,FOODS,CA_1,,,,0,None,0,26.2,33.2,17.9,0.0,0.0,0,0,102,50,75.0,1
d_1321,52,2014-09-10,Wednesday,9,2014,FOODS_3_090,FOODS,CA_1,,,,0,None,0,27.3,36.6,17.2,0.0,0.0,0,0,49,52,74.85714285714286,2
d_1322,111,2014-09-11,Thursday,9,2014,FOODS_3_090,FOODS,CA_1,,,,0,None,0,28.4,37.6,18.2,0.0,0.0,0,0,52,51,74.85714285714286,3
d_1323,92,2014-09-12,Friday,9,2014,FOODS_3_090,FOODS,CA_1,,,,0,None,0,29.1,38.2,18.9,0.0,0.0,0,0,111,83,83.42857142857143,4
d_1324,112,2014-09-13,Saturday,9,2014,FOODS_3_090,FOODS,CA_1,,,,0,None,0,29.8,39.1,20.1,0.0,0.0,0,0,92,99,84.71428571428571,5
d_1325,95,2014-09-14,Sunday,9,2014,FOODS_3_090,FOODS,CA_1,,,,0,None,0,30.9,38.0,23.3,0.0,0.0,0,0,112,88,86.57142857142857,6
d_1326,52,2014-09-15,Monday,9,2014,FOODS_3_090,FOODS,CA_1,,,,0,None,0,30.4,39.0,21.3,0.0,0.0,0,0,95,102,87.57142857142857,0
d_1327,114,2014-09-16,Tuesday,9,2014,FOODS_3_090,FOODS,CA_1,,,,0,None,0,29.4,36.6,21.5,0.0,0.0,0,0,52,49,80.42857142857143,1
d_1328,80,2014-09-17,Wednesday,9,2014,FOODS_3_090,FOODS,CA_1,,,,0,None,0,29.2,36.9,20.3,0.0,0.0,0,0,114,52,89.71428571428571,2
d_1329,55,2014-09-18,Thursday,9,2014,FOODS_3_090,FOODS,CA_1,,,,0,None,0,26.8,31.8,22.5,0.0,0.0,0,0,80,111,93.71428571428571,3
d_1330,86,2014-09-19,Friday,9,2014,FOODS_3_090,FOODS,CA_1,,,,0,None,0,25.1,30.3,20.5,0.0,0.0,0,0,55,92,85.71428571428571,4
d_1331,138,2014-09-20,Saturday,9,2014,FOODS_3_090,FOODS,CA_1,,,,0,None,0,26.0,32.6,18.6,0.0,0.0,0,0,86,112,84.85714285714286,5
d_1332,108,2014-09-21,Sunday,9,2014,FOODS_3_090,FOODS,CA_1,,,,0,None,0,25.9,32.1,19.7,0.0,0.0,0,0,138,95,88.57142857142857,6
d_1333,92,2014-09-22,Monday,9,2014,FOODS_3_090,FOODS,CA_1,,,,0,None,0,25.7,33.7,17.7,0.0,0.0,0,0,108,52,90.42857142857143,0
d_1334,79,2014-09-23,Tuesday,9,2014,FOODS_3_090,FOODS,CA_1,,,,0,None,0,26.5,34.9,17.5,0.0,0.0,0,0,92,114,96.14285714285714,1
d_1335,87,2014-09-24,Wednesday,9,2014,FOODS_3_090,FOODS,CA_1,,,,0,None,0,26.2,34.5,17.8,0.0,0.0,0,0,79,80,91.14285714285714,2
d_1336,71,2014-09-25,Thursday,9,2014,FOODS_3_090,FOODS,CA_1,,,,0,None,0,23.5,29.2,19.6,0.0,0.0,0,0,87,55,92.14285714285714,3
d_1337,123,2014-09-26,Friday,9,2014,FOODS_3_090,FOODS,CA_1,,,,0,None,0,20.3,24.6,16.7,0.0,0.0,0,0,71,86,94.42857142857143,4
d_1338,114,2014-09-27,Saturday,9,2014,FOODS_3_090,FOODS,CA_1,,,,0,None,0,19.3,23.7,14.6,0.0,0.0,0,0,123,138,99.71428571428571,5
d_1339,97,2014-09-28,Sunday,9,2014,FOODS_3_090,FOODS,CA_1,,,,0,None,0,19.5,23.8,14.1,0.2,0.2,1,0,114,108,96.28571428571429,6
d_1340,62,2014-09-29,Monday,9,2014,FOODS_3_090,FOODS,CA_1,,,,0,None,0,20.4,26.6,13.0,0.0,0.0,0,0,97,92,94.71428571428571,0
d_1341,93,2014-09-30,Tuesday,9,2014,FOODS_3_090,FOODS,CA_1,,,,0,None,0,21.7,29.4,13.7,0.0,0.0,0,0,62,79,90.42857142857143,1
d_1342,57,2014-10-01,Wednesday,10,2014,FOODS_3_090,FOODS,CA_1,,,,0,None,0,22.2,30.0,14.8,0.0,0.0,0,0,93,87,92.42857142857143,2
d_1343,64,2014-10-02,Thursday,10,2014,FOODS_3_090,FOODS,CA_1,,,,0,None,0,23.8,32.7,14.7,0.0,0.0,0,0,57,71,88.14285714285714,3
d_1344,115,2014-10-03,Friday,10,2014,FOODS_3_090,FOODS,CA_1,Dussehra,Hindu,High,1,High,3,25.2,34.4,15.9,0.0,0.0,0,0,64,123,87.14285714285714,4
d_1345,126,2014-10-04,Saturday,10,2014,FOODS_3_090,FOODS,CA_1,,,,0,None,0,25.6,34.9,16.4,0.0,0.0,0,0,115,114,86.0,5
d_1346,115,2014-10-05,Sunday,10,2014,FOODS_3_090,FOODS,CA_1,,,,0,None,0,26.3,35.6,17.1,0.0,0.0,0,0,126,97,87.71428571428571,6
d_1347,171,2014-10-06,Monday,10,2014,FOODS_3_090,FOODS,CA_1,,,,0,None,0,26.3,35.6,16.9,0.0,0.0,0,0,115,62,90.28571428571429,0
d_1348,62,2014-10-07,Tuesday,10,2014,FOODS_3_090,FOODS,CA_1,,,,0,None,0,26.1,34.9,17.1,0.0,0.0,0,0,171,93,105.85714285714286,1
d_1349,56,2014-10-08,Wednesday,10,2014,FOODS_3_090,FOODS,CA_1,,,,0,None,0,24.9,32.8,16.3,0.0,0.0,0,0,62,57,101.42857142857143,2
d_1350,116,2014-10-09,Thursday,10,2014,FOODS_3_090,FOODS,CA_1,,,,0,None,0,23.7,32.0,15.4,0.0,0.0,0,0,56,64,101.28571428571429,3
d_1351,119,2014-10-10,Friday,10,2014,FOODS_3_090,FOODS,CA_1,,,,0,None,0,22.3,29.9,13.5,0.0,0.0,0,0,116,115,108.71428571428571,4
d_1352,179,2014-10-11,Saturday,10,2014,FOODS_3_090,FOODS,CA_1,,,,0,None,0,22.8,30.8,14.7,0.0,0.0,0,0,119,126,109.28571428571429,5
d_1353,118,2014-10-12,Sunday,10,2014,FOODS_3_090,FOODS,CA_1,,,,0,None,0,22.3,30.0,14.7,0.0,0.0,0,0,179,115,116.85714285714286,6
d_1354,88,2014-10-13,Monday,10,2014,FOODS_3_090,FOODS,CA_1,,,,0,None,0,24.6,34.7,14.6,0.0,0.0,0,0,118,171,117.28571428571429,0
d_1355,69,2014-10-14,Tuesday,10,2014,FOODS_3_090,FOODS,CA_1,,,,0,None,0,23.6,32.9,15.2,0.0,0.0,0,0,88,62,105.42857142857143,1
d_1356,65,2014-10-15,Wednesday,10,2014,FOODS_3_090,FOODS,CA_1,,,,0,None,0,20.4,25.3,16.2,0.0,0.0,0,0,69,56,106.42857142857143,2
d_1357,41,2014-10-16,Thursday,10,2014,FOODS_3_090,FOODS,CA_1,,,,0,None,0,20.2,25.5,15.7,0.0,0.0,0,0,65,116,107.71428571428571,3
d_1358,0,2014-10-17,Friday,10,2014,FOODS_3_090,FOODS,CA_1,,,,0,None,0,20.4,24.9,16.9,0.0,0.0,0,0,41,119,97.0,4
d_1359,126,2014-10-18,Saturday,10,2014,FOODS_3_090,FOODS,CA_1,,,,0,None,0,20.2,25.3,15.0,0.0,0.0,0,0,0,179,80.0,5
d_1360,134,2014-10-19,Sunday,10,2014,FOODS_3_090,FOODS,CA_1,,,,0,None,0,20.5,28.7,12.4,0.0,0.0,0,0,126,118,72.42857142857143,6
d_1361,72,2014-10-20,Monday,10,2014,FOODS_3_090,FOODS,CA_1,,,,0,None,0,20.0,27.1,12.9,0.0,0.0,0,0,134,88,74.71428571428571,0
d_1362,66,2014-10-21,Tuesday,10,2014,FOODS_3_090,FOODS,CA_1,,,,0,None,0,18.1,23.8,12.0,0.0,0.0,0,0,72,69,72.42857142857143,1
d_1363,85,2014-10-22,Wednesday,10,2014,FOODS_3_090,FOODS,CA_1,,,,0,None,0,18.1,25.1,11.2,0.0,0.0,0,0,66,65,72.0,2
d_1364,57,2014-10-23,Thursday,10,2014,FOODS_3_090,FOODS,CA_1,Diwali,Hindu,High,1,High,3,19.8,28.1,12.3,0.0,0.0,0,0,85,41,74.85714285714286,3
d_1365,114,2014-10-24,Friday,10,2014,FOODS_3_090,FOODS,CA_1,,,,0,None,0,21.6,31.1,12.8,0.0,0.0,0,0,57,0,77.14285714285714,4
d_1366,122,2014-10-25,Saturday,10,2014,FOODS_3_090,FOODS,CA_1,,,,0,None,0,19.5,26.2,14.5,0.0,0.0,0,0,114,126,93.42857142857143,5
d_1367,129,2014-10-26,Sunday,10,2014,FOODS_3_090,FOODS,CA_1,,,,0,None,0,17.1,22.3,12.1,0.0,0.0,0,0,122,134,92.85714285714286,6
d_1368,106,2014-10-27,Monday,10,2014,FOODS_3_090,FOODS,CA_1,,,,0,None,0,16.4,22.0,11.2,0.0,0.0,0,0,129,72,92.14285714285714,0
d_1369,72,2014-10-28,Tuesday,10,2014,FOODS_3_090,FOODS,CA_1,,,,0,None,0,17.6,24.3,9.4,0.0,0.0,0,0,106,66,97.0,1
d_1370,61,2014-10-29,Wednesday,10,2014,FOODS_3_090,FOODS,CA_1,,,,0,None,0,18.5,27.4,10.2,0.0,0.0,0,0,72,85,97.85714285714286,2
d_1371,70,2014-10-30,Thursday,10,2014,FOODS_3_090,FOODS,CA_1,,,,0,None,0,19.9,29.0,11.8,0.0,0.0,0,0,61,57,94.42857142857143,3
d_1372,122,2014-10-31,Friday,10,2014,FOODS_3_090,FOODS,CA_1,,,,0,None,0,17.8,23.4,13.1,10.7,10.7,1,1,70,114,96.28571428571429,4
d_1373,127,2014-11-01,Saturday,11,2014,FOODS_3_090,FOODS,CA_1,,,,0,None,0,11.9,13.2,10.6,25.6,25.6,1,1,122,122,97.42857142857143,5
d_1374,109,2014-11-02,Sunday,11,2014,FOODS_3_090,FOODS,CA_1,,,,0,None,0,12.3,15.7,9.1,0.0,0.0,0,0,127,129,98.14285714285714,6
d_1375,92,2014-11-03,Monday,11,2014,FOODS_3_090,FOODS,CA_1,,,,0,None,0,12.1,17.5,7.6,0.0,0.0,0,0,109,106,95.28571428571429,0
d_1376,85,2014-11-04,Tuesday,11,2014,FOODS_3_090,FOODS,CA_1,,,,0,None,0,13.1,19.6,7.1,0.0,0.0,0,0,92,72,93.28571428571429,1
d_1377,45,2014-11-05,Wednesday,11,2014,FOODS_3_090,FOODS,CA_1,,,,0,None,0,15.0,22.8,8.5,0.0,0.0,0,0,85,61,95.14285714285714,2
d_1378,72,2014-11-06,Thursday,11,2014,FOODS_3_090,FOODS,CA_1,,,,0,None,0,17.1,26.4,10.2,0.0,0.0,0,0,45,70,92.85714285714286,3
d_1379,56,2014-11-07,Friday,11,2014,FOODS_3_090,FOODS,CA_1,,,,0,None,0,16.7,23.8,10.6,0.0,0.0,0,0,72,122,93.14285714285714,4
d_1380,103,2014-11-08,Saturday,11,2014,FOODS_3_090,FOODS,CA_1,,,,0,None,0,17.5,25.9,11.0,0.0,0.0,0,0,56,127,83.71428571428571,5
d_1381,89,2014-11-09,Sunday,11,2014,FOODS_3_090,FOODS,CA_1,,,,0,None,0,17.5,25.6,11.1,0.0,0.0,0,0,103,109,80.28571428571429,6
d_1382,57,2014-11-10,Monday,11,2014,FOODS_3_090,FOODS,CA_1,,,,0,None,0,16.5,23.6,10.4,0.0,0.0,0,0,89,92,77.42857142857143,0
d_1383,74,2014-11-11,Tuesday,11,2014,FOODS_3_090,FOODS,CA_1,,,,0,None,0,15.1,20.1,10.6,0.0,0.0,0,0,57,85,72.42857142857143,1
d_1384,46,2014-11-12,Wednesday,11,2014,FOODS_3_090,FOODS,CA_1,,,,0,None,0,14.8,18.9,11.8,0.0,0.0,0,0,74,45,70.85714285714286,2
d_1385,46,2014-11-13,Thursday,11,2014,FOODS_3_090,FOODS,CA_1,,,,0,None,0,14.5,17.8,11.3,3.1,3.1,1,0,46,72,71.0,3
d_1386,93,2014-11-14,Friday,11,2014,FOODS_3_090,FOODS,CA_1,,,,0,None,0,14.8,19.5,11.3,0.0,0.0,0,0,46,56,67.28571428571429,4
d_1387,85,2014-11-15,Saturday,11,2014,FOODS_3_090,FOODS,CA_1,,,,0,None,0,12.9,18.0,8.0,0.0,0.0,0,0,93,103,72.57142857142857,5
d_1388,69,2014-11-16,Sunday,11,2014,FOODS_3_090,FOODS,CA_1,,,,0,None,0,12.6,17.2,6.7,0.0,0.0,0,0,85,89,70.0,6
d_1389,53,2014-11-17,Monday,11,2014,FOODS_3_090,FOODS,CA_1,,,,0,None,0,12.3,20.1,5.6,0.0,0.0,0,0,69,57,67.14285714285714,0
d_1390,57,2014-11-18,Tuesday,11,2014,FOODS_3_090,FOODS,CA_1,,,,0,None,0,13.4,22.2,6.3,0.0,0.0,0,0,53,74,66.57142857142857,1
d_1391,47,2014-11-19,Wednesday,11,2014,FOODS_3_090,FOODS,CA_1,,,,0,None,0,14.6,19.8,9.9,0.0,0.0,0,0,57,46,64.14285714285714,2
d_1392,70,2014-11-20,Thursday,11,2014,FOODS_3_090,FOODS,CA_1,,,,0,None,0,13.0,18.0,9.3,3.9,3.9,1,0,47,46,64.28571428571429,3
d_1393,79,2014-11-21,Friday,11,2014,FOODS_3_090,FOODS,CA_1,,,,0,None,0,11.8,15.7,6.2,0.2,0.2,1,0,70,93,67.71428571428571,4
d_1394,94,2014-11-22,Saturday,11,2014,FOODS_3_090,FOODS,CA_1,,,,0,None,0,11.7,15.8,7.6,1.3,1.3,1,0,79,85,65.71428571428571,5
d_1395,79,2014-11-23,Sunday,11,2014,FOODS_3_090,FOODS,CA_1,,,,0,None,0,11.6,16.2,8.5,0.0,0.0,0,0,94,69,67.0,6
d_1396,64,2014-11-24,Monday,11,2014,FOODS_3_090,FOODS,CA_1,,,,0,None,0,10.4,15.9,5.7,0.0,0.0,0,0,79,53,68.42857142857143,0
d_1397,89,2014-11-25,Tuesday,11,2014,FOODS_3_090,FOODS,CA_1,,,,0,None,0,11.8,19.8,5.4,0.0,0.0,0,0,64,57,70.0,1
d_1398,187,2014-11-26,Wednesday,11,2014,FOODS_3_090,FOODS,CA_1,,,,0,None,0,13.5,22.6,6.8,0.0,0.0,0,0,89,47,74.57142857142857,2
d_1399,100,2014-11-27,Thursday,11,2014,FOODS_3_090,FOODS,CA_1,,,,0,None,0,14.7,24.7,7.8,0.0,0.0,0,0,187,70,94.57142857142857,3
d_1400,65,2014-11-28,Friday,11,2014,FOODS_3_090,FOODS,CA_1,,,,0,None,0,15.0,23.7,8.5,0.0,0.0,0,0,100,79,98.85714285714286,4
d_1401,114,2014-11-29,Saturday,11,2014,FOODS_3_090,FOODS,CA_1,,,,0,None,0,13.9,21.9,7.1,0.0,0.0,0,0,65,94,96.85714285714286,5
d_1402,198,2014-11-30,Sunday,11,2014,FOODS_3_090,FOODS,CA_1,,,,0,None,0,13.6,18.9,9.8,2.9,2.9,1,0,114,79,99.71428571428571,6
d_1403,0,2014-12-01,Monday,12,2014,FOODS_3_090,FOODS,CA_1,,,,0,None,0,14.2,21.0,7.9,0.2,0.2,1,0,198,64,116.71428571428571,0
d_1404,0,2014-12-02,Tuesday,12,2014,FOODS_3_090,FOODS,CA_1,,,,0,None,0,12.6,15.4,8.9,27.7,27.7,1,1,0,89,107.57142857142857,1
d_1405,0,2014-12-03,Wednesday,12,2014,FOODS_3_090,FOODS,CA_1,,,,0,None,0,14.6,19.6,11.8,8.0,8.0,1,0,0,187,94.85714285714286,2
d_1406,0,2014-12-04,Thursday,12,2014,FOODS_3_090,FOODS,CA_1,,,,0,None,0,14.3,18.5,11.1,5.7,5.7,1,0,0,100,68.14285714285714,3
d_1407,0,2014-12-05,Friday,12,2014,FOODS_3_090,FOODS,CA_1,,,,0,None,0,13.4,17.7,9.3,0.0,0.0,0,0,0,65,53.857142857142854,4
d_1408,0,2014-12-06,Saturday,12,2014,FOODS_3_090,FOODS,CA_1,,,,0,None,0,14.5,19.7,11.1,0.4,0.4,1,0,0,114,44.57142857142857,5
d_1409,0,2014-12-07,Sunday,12,2014,FOODS_3_090,FOODS,CA_1,,,,0,None,0,13.8,20.3,8.6,0.0,0.0,0,0,0,198,28.285714285714285,6
d_1410,0,2014-12-08,Monday,12,2014,FOODS_3_090,FOODS,CA_1,,,,0,None,0,13.1,19.7,7.5,0.0,0.0,0,0,0,0,0.0,0
d_1411,0,2014-12-09,Tuesday,12,2014,FOODS_3_090,FOODS,CA_1,,,,0,None,0,12.2,17.8,7.4,0.0,0.0,0,0,0,0,0.0,1
d_1412,0,2014-12-10,Wednesday,12,2014,FOODS_3_090,FOODS,CA_1,,,,0,None,0,12.6,19.1,7.1,0.0,0.0,0,0,0,0,0.0,2
d_1413,0,2014-12-11,Thursday,12,2014,FOODS_3_090,FOODS,CA_1,,,,0,None,0,14.4,19.4,10.9,0.0,0.0,0,0,0,0,0.0,3
d_1414,0,2014-12-12,Friday,12,2014,FOODS_3_090,FOODS,CA_1,,,,0,None,0,10.5,14.7,8.4,45.9,45.9,1,1,0,0,0.0,4
d_1415,0,2014-12-13,Saturday,12,2014,FOODS_3_090,FOODS,CA_1,,,,0,None,0,9.4,11.8,7.4,1.2,1.2,1,0,0,0,0.0,5
d_1416,0,2014-12-14,Sunday,12,2014,FOODS_3_090,FOODS,CA_1,,,,0,None,0,8.2,12.6,4.3,0.5,0.5,1,0,0,0,0.0,6
d_1417,0,2014-12-15,Monday,12,2014,FOODS_3_090,FOODS,CA_1,,,,0,None,0,9.0,15.4,4.0,4.6,4.6,1,0,0,0,0.0,0
d_1418,0,2014-12-16,Tuesday,12,2014,FOODS_3_090,FOODS,CA_1,,,,0,None,0,10.7,15.2,7.3,3.1,3.1,1,0,0,0,0.0,1
d_1419,0,2014-12-17,Wednesday,12,2014,FOODS_3_090,FOODS,CA_1,,,,0,None,0,9.6,11.9,6.5,14.2,14.2,1,1,0,0,0.0,2
d_1420,0,2014-12-18,Thursday,12,2014,FOODS_3_090,FOODS,CA_1,,,,0,None,0,9.8,14.0,5.7,0.2,0.2,1,0,0,0,0.0,3
d_1421,0,2014-12-19,Friday,12,2014,FOODS_3_090,FOODS,CA_1,,,,0,None,0,10.0,14.3,6.1,0.0,0.0,0,0,0,0,0.0,4
d_1422,0,2014-12-20,Saturday,12,2014,FOODS_3_090,FOODS,CA_1,,,,0,None,0,11.2,14.2,8.7,0.0,0.0,0,0,0,0,0.0,5
d_1423,0,2014-12-21,Sunday,12,2014,FOODS_3_090,FOODS,CA_1,,,,0,None,0,10.5,13.6,7.1,0.3,0.3,1,0,0,0,0.0,6
d_1424,0,2014-12-22,Monday,12,2014,FOODS_3_090,FOODS,CA_1,,,,0,None,0,11.5,14.8,8.8,2.6,2.6,1,0,0,0,0.0,0
d_1425,0,2014-12-23,Tuesday,12,2014,FOODS_3_090,FOODS,CA_1,,,,0,None,0,12.0,16.9,8.3,0.0,0.0,0,0,0,0,0.0,1
d_1426,0,2014-12-24,Wednesday,12,2014,FOODS_3_090,FOODS,CA_1,,,,0,None,0,11.4,18.0,7.7,1.5,1.5,1,0,0,0,0.0,2
d_1427,0,2014-12-25,Thursday,12,2014,FOODS_3_090,FOODS,CA_1,Christmas,Christian,High,1,High,3,8.1,11.5,4.9,0.0,0.0,0,0,0,0,0.0,3
d_1428,0,2014-12-26,Friday,12,2014,FOODS_3_090,FOODS,CA_1,,,,0,None,0,6.2,10.8,3.3,0.0,0.0,0,0,0,0,0.0,4
d_1429,0,2014-12-27,Saturday,12,2014,FOODS_3_090,FOODS,CA_1,,,,0,None,0,6.6,12.7,1.3,0.0,0.0,0,0,0,0,0.0,5
d_1430,0,2014-12-28,Sunday,12,2014,FOODS_3_090,FOODS,CA_1,,,,0,None,0,7.1,11.3,3.2,0.0,0.0,0,0,0,0,0.0,6
d_1431,0,2014-12-29,Monday,12,2014,FOODS_3_090,FOODS,CA_1,,,,0,None,0,6.1,10.7,1.2,0.0,0.0,0,0,0,0,0.0,0
d_1432,0,2014-12-30,Tuesday,12,2014,FOODS_3_090,FOODS,CA_1,,,,0,None,0,4.7,6.2,0.5,3.4,3.4,1,0,0,0,0.0,1
d_1433,0,2014-12-31,Wednesday,12,2014,FOODS_3_090,FOODS,CA_1,,,,0,None,0,2.3,9.4,-2.7,0.0,0.0,0,0,0,0,0.0,2
d_1434,0,2015-01-01,Thursday,1,2015,FOODS_3_090,FOODS,CA_1,,,,0,None,0,3.8,8.7,0.2,0.0,0.0,0,0,0,0,0.0,3
d_1435,0,2015-01-02,Friday,1,2015,FOODS_3_090,FOODS,CA_1,,,,0,None,0,3.8,9.6,-0.7,0.0,0.0,0,0,0,0,0.0,4
d_1436,0,2015-01-03,Saturday,1,2015,FOODS_3_090,FOODS,CA_1,,,,0,None,0,4.4,10.7,-0.2,0.0,0.0,0,0,0,0,0.0,5
d_1437,114,2015-01-04,Sunday,1,2015,FOODS_3_090,FOODS,CA_1,,,,0,None,0,5.6,12.1,1.3,0.0,0.0,0,0,0,0,0.0,6
d_1438,53,2015-01-05,Monday,1,2015,FOODS_3_090,FOODS,CA_1,,,,0,None,0,7.6,16.3,1.4,0.0,0.0,0,0,114,0,16.285714285714285,0
d_1439,63,2015-01-06,Tuesday,1,2015,FOODS_3_090,FOODS,CA_1,,,,0,None,0,10.3,20.4,3.7,0.0,0.0,0,0,53,0,23.857142857142858,1
d_1440,55,2015-01-07,Wednesday,1,2015,FOODS_3_090,FOODS,CA_1,,,,0,None,0,11.3,20.8,4.9,0.0,0.0,0,0,63,0,32.857142857142854,2
d_1441,53,2015-01-08,Thursday,1,2015,FOODS_3_090,FOODS,CA_1,,,,0,None,0,11.2,19.9,4.6,0.0,0.0,0,0,55,0,40.714285714285715,3
d_1442,77,2015-01-09,Friday,1,2015,FOODS_3_090,FOODS,CA_1,,,,0,None,0,11.3,19.0,7.0,0.0,0.0,0,0,53,0,48.285714285714285,4
d_1443,134,2015-01-10,Saturday,1,2015,FOODS_3_090,FOODS,CA_1,,,,0,None,0,11.1,18.3,6.0,0.0,0.0,0,0,77,0,59.285714285714285,5
d_1444,70,2015-01-11,Sunday,1,2015,FOODS_3_090,FOODS,CA_1,,,,0,None,0,10.9,16.0,7.0,0.0,0.0,0,0,134,114,78.42857142857143,6
d_1445,51,2015-01-12,Monday,1,2015,FOODS_3_090,FOODS,CA_1,,,,0,None,0,10.4,14.8,5.4,0.0,0.0,0,0,70,53,72.14285714285714,0
d_1446,39,2015-01-13,Tuesday,1,2015,FOODS_3_090,FOODS,CA_1,,,,0,None,0,10.3,15.6,5.9,0.0,0.0,0,0,51,63,71.85714285714286,1
d_1447,60,2015-01-14,Wednesday,1,2015,FOODS_3_090,FOODS,CA_1,,,,0,None,0,9.6,16.4,4.2,0.0,0.0,0,0,39,55,68.42857142857143,2
d_1448,77,2015-01-15,Thursday,1,2015,FOODS_3_090,FOODS,CA_1,,,,0,None,0,9.6,17.2,3.9,0.0,0.0,0,0,60,53,69.14285714285714,3
d_1449,73,2015-01-16,Friday,1,2015,FOODS_3_090,FOODS,CA_1,,,,0,None,0,10.7,16.8,4.6,0.0,0.0,0,0,77,77,72.57142857142857,4
d_1450,104,2015-01-17,Saturday,1,2015,FOODS_3_090,FOODS,CA_1,,,,0,None,0,10.4,16.8,5.1,0.0,0.0,0,0,73,134,72.0,5
d_1451,107,2015-01-18,Sunday,1,2015,FOODS_3_090,FOODS,CA_1,,,,0,None,0,12.5,19.0,6.9,0.0,0.0,0,0,104,70,67.71428571428571,6
d_1452,68,2015-01-19,Monday,1,2015,FOODS_3_090,FOODS,CA_1,,,,0,None,0,10.7,16.5,6.8,0.0,0.0,0,0,107,51,73.0,0
d_1453,68,2015-01-20,Tuesday,1,2015,FOODS_3_090,FOODS,CA_1,,,,0,None,0,9.5,14.3,5.8,0.0,0.0,0,0,68,39,75.42857142857143,1
d_1454,44,2015-01-21,Wednesday,1,2015,FOODS_3_090,FOODS,CA_1,,,,0,None,0,8.5,14.8,3.8,0.0,0.0,0,0,68,60,79.57142857142857,2
d_1455,45,2015-01-22,Thursday,1,2015,FOODS_3_090,FOODS,CA_1,,,,0,None,0,9.5,17.2,3.9,0.0,0.0,0,0,44,77,77.28571428571429,3
d_1456,90,2015-01-23,Friday,1,2015,FOODS_3_090,FOODS,CA_1,,,,0,None,0,9.3,16.1,3.4,0.0,0.0,0,0,45,73,72.71428571428571,4
d_1457,132,2015-01-24,Saturday,1,2015,FOODS_3_090,FOODS,CA_1,,,,0,None,0,10.3,17.3,4.8,0.0,0.0,0,0,90,104,75.14285714285714,5
d_1458,103,2015-01-25,Sunday,1,2015,FOODS_3_090,FOODS,CA_1,,,,0,None,0,12.0,19.9,6.2,0.0,0.0,0,0,132,107,79.14285714285714,6
d_1459,79,2015-01-26,Monday,1,2015,FOODS_3_090,FOODS,CA_1,Republic Day,National,High,1,None,0,12.5,19.2,6.5,0.0,0.0,0,0,103,68,78.57142857142857,0
d_1460,58,2015-01-27,Tuesday,1,2015,FOODS_3_090,FOODS,CA_1,,,,0,None,0,13.1,17.6,9.0,1.4,1.4,1,0,79,68,80.14285714285714,1
d_1461,57,2015-01-28,Wednesday,1,2015,FOODS_3_090,FOODS,CA_1,,,,0,None,0,11.7,17.7,6.8,0.0,0.0,0,0,58,44,78.71428571428571,2
d_1462,81,2015-01-29,Thursday,1,2015,FOODS_3_090,FOODS,CA_1,,,,0,None,0,12.0,19.2,6.4,0.0,0.0,0,0,57,45,80.57142857142857,3
d_1463,90,2015-01-30,Friday,1,2015,FOODS_3_090,FOODS,CA_1,,,,0,None,0,11.4,17.0,6.0,0.0,0.0,0,0,81,90,85.71428571428571,4
d_1464,186,2015-01-31,Saturday,1,2015,FOODS_3_090,FOODS,CA_1,,,,0,None,0,11.6,17.4,7.4,0.0,0.0,0,0,90,132,85.71428571428571,5
d_1465,143,2015-02-01,Sunday,2,2015,FOODS_3_090,FOODS,CA_1,,,,0,None,0,12.2,19.8,5.9,0.0,0.0,0,0,186,103,93.42857142857143,6
d_1466,65,2015-02-02,Monday,2,2015,FOODS_3_090,FOODS,CA_1,,,,0,None,0,12.4,19.8,6.3,0.0,0.0,0,0,143,79,99.14285714285714,0
d_1467,44,2015-02-03,Tuesday,2,2015,FOODS_3_090,FOODS,CA_1,,,,0,None,0,12.4,20.5,6.0,0.0,0.0,0,0,65,58,97.14285714285714,1
d_1468,65,2015-02-04,Wednesday,2,2015,FOODS_3_090,FOODS,CA_1,,,,0,None,0,14.5,24.8,6.2,0.0,0.0,0,0,44,57,95.14285714285714,2
d_1469,62,2015-02-05,Thursday,2,2015,FOODS_3_090,FOODS,CA_1,,,,0,None,0,16.1,26.0,7.8,0.0,0.0,0,0,65,81,96.28571428571429,3
d_1470,105,2015-02-06,Friday,2,2015,FOODS_3_090,FOODS,CA_1,,,,0,None,0,16.3,24.0,10.4,0.0,0.0,0,0,62,90,93.57142857142857,4
d_1471,132,2015-02-07,Saturday,2,2015,FOODS_3_090,FOODS,CA_1,,,,0,None,0,14.5,17.7,11.6,24.3,24.3,1,1,105,186,95.71428571428571,5
d_1472,100,2015-02-08,Sunday,2,2015,FOODS_3_090,FOODS,CA_1,,,,0,None,0,14.7,20.8,9.5,9.2,9.2,1,0,132,143,88.0,6
d_1473,82,2015-02-09,Monday,2,2015,FOODS_3_090,FOODS,CA_1,,,,0,None,0,14.6,19.5,10.2,8.9,8.9,1,0,100,65,81.85714285714286,0
d_1474,76,2015-02-10,Tuesday,2,2015,FOODS_3_090,FOODS,CA_1,,,,0,None,0,11.6,16.8,7.8,0.0,0.0,0,0,82,44,84.28571428571429,1
d_1475,164,2015-02-11,Wednesday,2,2015,FOODS_3_090,FOODS,CA_1,,,,0,None,0,12.8,20.3,6.5,0.0,0.0,0,0,76,65,88.85714285714286,2
d_1476,0,2015-02-12,Thursday,2,2015,FOODS_3_090,FOODS,CA_1,,,,0,None,0,14.2,21.6,7.8,0.0,0.0,0,0,164,62,103.0,3
d_1477,0,2015-02-13,Friday,2,2015,FOODS_3_090,FOODS,CA_1,,,,0,None,0,15.1,22.9,8.2,0.0,0.0,0,0,0,105,94.14285714285714,4
d_1478,0,2015-02-14,Saturday,2,2015,FOODS_3_090,FOODS,CA_1,,,,0,None,0,15.1,23.2,8.4,0.0,0.0,0,0,0,132,79.14285714285714,5
d_1479,0,2015-02-15,Sunday,2,2015,FOODS_3_090,FOODS,CA_1,,,,0,None,0,14.6,21.3,8.4,0.0,0.0,0,0,0,100,60.285714285714285,6
d_1480,0,2015-02-16,Monday,2,2015,FOODS_3_090,FOODS,CA_1,,,,0,None,0,15.0,22.7,8.0,0.0,0.0,0,0,0,82,46.0,0
d_1481,0,2015-02-17,Tuesday,2,2015,FOODS_3_090,FOODS,CA_1,,,,0,None,0,14.8,21.9,8.2,0.0,0.0,0,0,0,76,34.285714285714285,1
d_1482,0,2015-02-18,Wednesday,2,2015,FOODS_3_090,FOODS,CA_1,,,,0,None,0,14.0,20.3,8.5,0.0,0.0,0,0,0,164,23.428571428571427,2
d_1483,0,2015-02-19,Thursday,2,2015,FOODS_3_090,FOODS,CA_1,,,,0,None,0,13.9,20.8,8.3,0.0,0.0,0,0,0,0,0.0,3
d_1484,0,2015-02-20,Friday,2,2015,FOODS_3_090,FOODS,CA_1,,,,0,None,0,12.9,18.8,7.7,0.0,0.0,0,0,0,0,0.0,4
d_1485,0,2015-02-21,Saturday,2,2015,FOODS_3_090,FOODS,CA_1,,,,0,None,0,12.5,18.4,6.4,0.0,0.0,0,0,0,0,0.0,5
d_1486,0,2015-02-22,Sunday,2,2015,FOODS_3_090,FOODS,CA_1,,,,0,None,0,10.6,13.5,7.3,9.0,9.0,1,0,0,0,0.0,6
d_1487,0,2015-02-23,Monday,2,2015,FOODS_3_090,FOODS,CA_1,,,,0,None,0,8.7,12.5,6.1,18.3,18.3,1,1,0,0,0.0,0
d_1488,0,2015-02-24,Tuesday,2,2015,FOODS_3_090,FOODS,CA_1,,,,0,None,0,9.1,14.7,3.2,0.0,0.0,0,0,0,0,0.0,1
d_1489,0,2015-02-25,Wednesday,2,2015,FOODS_3_090,FOODS,CA_1,,,,0,None,0,10.3,16.7,4.1,0.0,0.0,0,0,0,0,0.0,2
d_1490,0,2015-02-26,Thursday,2,2015,FOODS_3_090,FOODS,CA_1,,,,0,None,0,11.1,16.7,4.9,0.0,0.0,0,0,0,0,0.0,3
d_1491,0,2015-02-27,Friday,2,2015,FOODS_3_090,FOODS,CA_1,,,,0,None,0,11.3,15.7,6.6,3.0,3.0,1,0,0,0,0.0,4
d_1492,0,2015-02-28,Saturday,2,2015,FOODS_3_090,FOODS,CA_1,,,,0,None,0,9.6,12.9,5.6,1.5,1.5,1,0,0,0,0.0,5
d_1493,0,2015-03-01,Sunday,3,2015,FOODS_3_090,FOODS,CA_1,,,,0,None,0,9.1,14.7,3.4,0.2,0.2,1,0,0,0,0.0,6
d_1494,0,2015-03-02,Monday,3,2015,FOODS_3_090,FOODS,CA_1,,,,0,None,0,8.4,14.4,3.3,1.7,1.7,1,0,0,0,0.0,0
d_1495,0,2015-03-03,Tuesday,3,2015,FOODS_3_090,FOODS,CA_1,,,,0,None,0,9.3,15.3,2.7,0.0,0.0,0,0,0,0,0.0,1
d_1496,0,2015-03-04,Wednesday,3,2015,FOODS_3_090,FOODS,CA_1,,,,0,None,0,10.4,17.4,4.1,0.0,0.0,0,0,0,0,0.0,2
d_1497,0,2015-03-05,Thursday,3,2015,FOODS_3_090,FOODS,CA_1,,,,0,None,0,11.9,20.6,4.1,0.0,0.0,0,0,0,0,0.0,3
d_1498,0,2015-03-06,Friday,3,2015,FOODS_3_090,FOODS,CA_1,Holi,Hindu,High,1,High,3,12.4,20.7,4.9,0.0,0.0,0,0,0,0,0.0,4
d_1499,0,2015-03-07,Saturday,3,2015,FOODS_3_090,FOODS,CA_1,,,,0,None,0,14.3,23.4,6.2,0.0,0.0,0,0,0,0,0.0,5
d_1500,0,2015-03-08,Sunday,3,2015,FOODS_3_090,FOODS,CA_1,,,,0,None,0,15.0,23.3,6.5,0.0,0.0,0,0,0,0,0.0,6
d_1501,0,2015-03-09,Monday,3,2015,FOODS_3_090,FOODS,CA_1,,,,0,None,0,15.5,23.6,7.9,0.0,0.0,0,0,0,0,0.0,0
d_1502,0,2015-03-10,Tuesday,3,2015,FOODS_3_090,FOODS,CA_1,,,,0,None,0,17.3,26.6,8.5,0.0,0.0,0,0,0,0,0.0,1
d_1503,0,2015-03-11,Wednesday,3,2015,FOODS_3_090,FOODS,CA_1,,,,0,None,0,16.6,21.5,12.4,0.0,0.0,0,0,0,0,0.0,2
d_1504,73,2015-03-12,Thursday,3,2015,FOODS_3_090,FOODS,CA_1,,,,0,None,0,14.9,22.5,8.3,0.0,0.0,0,0,0,0,0.0,3
d_1505,61,2015-03-13,Friday,3,2015,FOODS_3_090,FOODS,CA_1,,,,0,None,0,17.2,25.7,10.0,0.0,0.0,0,0,73,0,10.428571428571429,4
d_1506,97,2015-03-14,Saturday,3,2015,FOODS_3_090,FOODS,CA_1,,,,0,None,0,19.0,28.3,10.9,0.0,0.0,0,0,61,0,19.142857142857142,5
d_1507,85,2015-03-15,Sunday,3,2015,FOODS_3_090,FOODS,CA_1,,,,0,None,0,20.5,29.2,13.2,0.0,0.0,0,0,97,0,33.0,6
d_1508,55,2015-03-16,Monday,3,2015,FOODS_3_090,FOODS,CA_1,,,,0,None,0,18.4,25.6,11.5,0.0,0.0,0,0,85,0,45.142857142857146,0
d_1509,50,2015-03-17,Tuesday,3,2015,FOODS_3_090,FOODS,CA_1,,,,0,None,0,16.9,21.6,11.6,0.0,0.0,0,0,55,0,53.0,1
d_1510,27,2015-03-18,Wednesday,3,2015,FOODS_3_090,FOODS,CA_1,,,,0,None,0,17.3,22.4,12.0,0.0,0.0,0,0,50,0,60.142857142857146,2
d_1511,55,2015-03-19,Thursday,3,2015,FOODS_3_090,FOODS,CA_1,,,,0,None,0,17.0,24.6,9.6,0.0,0.0,0,0,27,73,64.0,3
d_1512,95,2015-03-20,Friday,3,2015,FOODS_3_090,FOODS,CA_1,,,,0,None,0,17.9,26.2,9.8,0.0,0.0,0,0,55,61,61.42857142857143,4
d_1513,113,2015-03-21,Saturday,3,2015,FOODS_3_090,FOODS,CA_1,Gudi Padwa,Hindu,High,1,None,0,17.2,24.4,9.7,0.0,0.0,0,0,95,97,66.28571428571429,5
d_1514,81,2015-03-22,Sunday,3,2015,FOODS_3_090,FOODS,CA_1,,,,0,None,0,16.6,22.7,10.0,0.0,0.0,0,0,113,85,68.57142857142857,6
d_1515,38,2015-03-23,Monday,3,2015,FOODS_3_090,FOODS,CA_1,,,,0,None,0,15.6,21.0,11.3,0.6,0.6,1,0,81,55,68.0,0
d_1516,34,2015-03-24,Tuesday,3,2015,FOODS_3_090,FOODS,CA_1,,,,0,None,0,14.9,20.8,8.9,0.0,0.0,0,0,38,50,65.57142857142857,1
d_1517,37,2015-03-25,Wednesday,3,2015,FOODS_3_090,FOODS,CA_1,,,,0,None,0,16.9,24.1,9.6,0.0,0.0,0,0,34,27,63.285714285714285,2
d_1518,33,2015-03-26,Thursday,3,2015,FOODS_3_090,FOODS,CA_1,,,,0,None,0,19.4,28.8,10.4,0.0,0.0,0,0,37,55,64.71428571428571,3
d_1519,62,2015-03-27,Friday,3,2015,FOODS_3_090,FOODS,CA_1,,,,0,None,0,21.0,30.6,11.4,0.0,0.0,0,0,33,95,61.57142857142857,4
d_1520,96,2015-03-28,Saturday,3,2015,FOODS_3_090,FOODS,CA_1,,,,0,None,0,19.8,27.8,11.2,0.0,0.0,0,0,62,113,56.857142857142854,5
d_1521,72,2015-03-29,Sunday,3,2015,FOODS_3_090,FOODS,CA_1,,,,0,None,0,20.1,28.1,12.1,0.0,0.0,0,0,96,81,54.42857142857143,6
d_1522,45,2015-03-30,Monday,3,2015,FOODS_3_090,FOODS,CA_1,,,,0,None,0,20.6,29.4,11.8,0.0,0.0,0,0,72,38,53.142857142857146,0
d_1523,29,2015-03-31,Tuesday,3,2015,FOODS_3_090,FOODS,CA_1,,,,0,None,0,18.2,25.0,11.7,0.0,0.0,0,0,45,34,54.142857142857146,1
d_1524,40,2015-04-01,Wednesday,4,2015,FOODS_3_090,FOODS,CA_1,,,,0,None,0,15.5,22.0,8.0,0.0,0.0,0,0,29,37,53.42857142857143,2
d_1525,28,2015-04-02,Thursday,4,2015,FOODS_3_090,FOODS,CA_1,,,,0,None,0,15.1,21.2,9.2,0.0,0.0,0,0,40,33,53.857142857142854,3
d_1526,94,2015-04-03,Friday,4,2015,FOODS_3_090,FOODS,CA_1,,,,0,None,0,16.4,24.5,6.9,0.0,0.0,0,0,28,62,53.142857142857146,4
d_1527,123,2015-04-04,Saturday,4,2015,FOODS_3_090,FOODS,CA_1,,,,0,None,0,16.5,24.6,7.3,0.0,0.0,0,0,94,96,57.714285714285715,5
d_1528,65,2015-04-05,Sunday,4,2015,FOODS_3_090,FOODS,CA_1,,,,0,None,0,14.7,20.0,9.4,0.1,0.1,1,0,123,72,61.57142857142857,6
d_1529,96,2015-04-06,Monday,4,2015,FOODS_3_090,FOODS,CA_1,,,,0,None,0,12.6,17.2,8.4,0.2,0.2,1,0,65,45,60.57142857142857,0
d_1530,41,2015-04-07,Tuesday,4,2015,FOODS_3_090,FOODS,CA_1,,,,0,None,0,10.0,11.8,6.6,9.9,9.9,1,0,96,29,67.85714285714286,1
d_1531,74,2015-04-08,Wednesday,4,2015,FOODS_3_090,FOODS,CA_1,,,,0,None,0,10.4,16.8,2.6,0.5,0.5,1,0,41,40,69.57142857142857,2
d_1532,68,2015-04-09,Thursday,4,2015,FOODS_3_090,FOODS,CA_1,,,,0,None,0,13.5,20.4,7.0,0.0,0.0,0,0,74,28,74.42857142857143,3
d_1533,62,2015-04-10,Friday,4,2015,FOODS_3_090,FOODS,CA_1,,,,0,None,0,15.0,23.4,6.2,0.0,0.0,0,0,68,94,80.14285714285714,4
d_1534,95,2015-04-11,Saturday,4,2015,FOODS_3_090,FOODS,CA_1,,,,0,None,0,15.9,23.6,7.2,0.0,0.0,0,0,62,123,75.57142857142857,5
d_1535,74,2015-04-12,Sunday,4,2015,FOODS_3_090,FOODS,CA_1,,,,0,None,0,17.6,25.4,9.1,0.0,0.0,0,0,95,65,71.57142857142857,6
d_1536,37,2015-04-13,Monday,4,2015,FOODS_3_090,FOODS,CA_1,,,,0,None,0,20.1,29.1,10.4,0.0,0.0,0,0,74,96,72.85714285714286,0
d_1537,42,2015-04-14,Tuesday,4,2015,FOODS_3_090,FOODS,CA_1,,,,0,None,0,15.3,20.4,10.5,0.0,0.0,0,0,37,41,64.42857142857143,1
d_1538,27,2015-04-15,Wednesday,4,2015,FOODS_3_090,FOODS,CA_1,,,,0,None,0,15.2,21.8,9.0,0.0,0.0,0,0,42,74,64.57142857142857,2
d_1539,82,2015-04-16,Thursday,4,2015,FOODS_3_090,FOODS,CA_1,,,,0,None,0,17.3,25.1,8.8,0.0,0.0,0,0,27,68,57.857142857142854,3
d_1540,57,2015-04-17,Friday,4,2015,FOODS_3_090,FOODS,CA_1,,,,0,None,0,18.9,27.1,9.3,0.0,0.0,0,0,82,62,59.857142857142854,4
d_1541,102,2015-04-18,Saturday,4,2015,FOODS_3_090,FOODS,CA_1,,,,0,None,0,20.3,29.0,10.5,0.0,0.0,0,0,57,95,59.142857142857146,5
d_1542,99,2015-04-19,Sunday,4,2015,FOODS_3_090,FOODS,CA_1,,,,0,None,0,21.4,29.8,11.7,0.0,0.0,0,0,102,74,60.142857142857146,6
d_1543,34,2015-04-20,Monday,4,2015,FOODS_3_090,FOODS,CA_1,,,,0,None,0,21.0,28.8,12.8,0.0,0.0,0,0,99,37,63.714285714285715,0
d_1544,41,2015-04-21,Tuesday,4,2015,FOODS_3_090,FOODS,CA_1,,,,0,None,0,19.3,24.2,13.6,0.0,0.0,0,0,34,42,63.285714285714285,1
d_1545,52,2015-04-22,Wednesday,4,2015,FOODS_3_090,FOODS,CA_1,,,,0,None,0,18.0,22.6,12.0,0.0,0.0,0,0,41,27,63.142857142857146,2
d_1546,59,2015-04-23,Thursday,4,2015,FOODS_3_090,FOODS,CA_1,,,,0,None,0,18.6,23.4,13.2,0.0,0.0,0,0,52,82,66.71428571428571,3
d_1547,86,2015-04-24,Friday,4,2015,FOODS_3_090,FOODS,CA_1,,,,0,None,0,17.0,21.3,13.2,4.6,4.6,1,0,59,57,63.42857142857143,4
d_1548,91,2015-04-25,Saturday,4,2015,FOODS_3_090,FOODS,CA_1,,,,0,None,0,14.0,17.8,10.9,10.0,10.0,1,1,86,102,67.57142857142857,5
d_1549,66,2015-04-26,Sunday,4,2015,FOODS_3_090,FOODS,CA_1,,,,0,None,0,15.4,21.2,9.7,0.0,0.0,0,0,91,99,66.0,6
d_1550,58,2015-04-27,Monday,4,2015,FOODS_3_090,FOODS,CA_1,,,,0,None,0,18.8,26.8,10.1,0.0,0.0,0,0,66,34,61.285714285714285,0
d_1551,30,2015-04-28,Tuesday,4,2015,FOODS_3_090,FOODS,CA_1,,,,0,None,0,22.2,30.8,12.7,0.0,0.0,0,0,58,41,64.71428571428571,1
d_1552,64,2015-04-29,Wednesday,4,2015,FOODS_3_090,FOODS,CA_1,,,,0,None,0,22.4,30.9,13.3,0.0,0.0,0,0,30,52,63.142857142857146,2
d_1553,55,2015-04-30,Thursday,4,2015,FOODS_3_090,FOODS,CA_1,,,,0,None,0,23.1,31.7,13.7,0.0,0.0,0,0,64,59,64.85714285714286,3
d_1554,108,2015-05-01,Friday,5,2015,FOODS_3_090,FOODS,CA_1,,,,0,None,0,24.3,32.7,14.8,0.0,0.0,0,0,55,86,64.28571428571429,4
d_1555,133,2015-05-02,Saturday,5,2015,FOODS_3_090,FOODS,CA_1,,,,0,None,0,23.3,31.2,13.8,0.0,0.0,0,0,108,91,67.42857142857143,5
d_1556,79,2015-05-03,Sunday,5,2015,FOODS_3_090,FOODS,CA_1,,,,0,None,0,22.1,29.6,12.3,0.0,0.0,0,0,133,66,73.42857142857143,6
d_1557,48,2015-05-04,Monday,5,2015,FOODS_3_090,FOODS,CA_1,,,,0,None,0,20.9,27.1,12.9,0.0,0.0,0,0,79,58,75.28571428571429,0
d_1558,52,2015-05-05,Tuesday,5,2015,FOODS_3_090,FOODS,CA_1,,,,0,None,0,20.6,27.0,14.0,0.0,0.0,0,0,48,30,73.85714285714286,1
d_1559,54,2015-05-06,Wednesday,5,2015,FOODS_3_090,FOODS,CA_1,,,,0,None,0,19.2,24.9,13.5,0.0,0.0,0,0,52,64,77.0,2
d_1560,87,2015-05-07,Thursday,5,2015,FOODS_3_090,FOODS,CA_1,,,,0,None,0,15.1,18.5,11.2,1.4,1.4,1,0,54,55,75.57142857142857,3
d_1561,134,2015-05-08,Friday,5,2015,FOODS_3_090,FOODS,CA_1,,,,0,None,0,13.9,19.0,8.9,0.1,0.1,1,0,87,108,80.14285714285714,4
d_1562,157,2015-05-09,Saturday,5,2015,FOODS_3_090,FOODS,CA_1,,,,0,None,0,18.1,23.9,13.1,0.0,0.0,0,0,134,133,83.85714285714286,5
d_1563,116,2015-05-10,Sunday,5,2015,FOODS_3_090,FOODS,CA_1,,,,0,None,0,20.6,28.3,11.2,0.0,0.0,0,0,157,79,87.28571428571429,6
d_1564,52,2015-05-11,Monday,5,2015,FOODS_3_090,FOODS,CA_1,,,,0,None,0,21.1,28.4,12.8,0.0,0.0,0,0,116,48,92.57142857142857,0
d_1565,43,2015-05-12,Tuesday,5,2015,FOODS_3_090,FOODS,CA_1,,,,0,None,0,18.4,24.0,12.6,0.0,0.0,0,0,52,52,93.14285714285714,1
d_1566,74,2015-05-13,Wednesday,5,2015,FOODS_3_090,FOODS,CA_1,,,,0,None,0,17.7,22.7,12.5,0.0,0.0,0,0,43,54,91.85714285714286,2
d_1567,0,2015-05-14,Thursday,5,2015,FOODS_3_090,FOODS,CA_1,,,,0,None,0,15.4,21.6,11.6,5.7,5.7,1,0,74,87,94.71428571428571,3
d_1568,0,2015-05-15,Friday,5,2015,FOODS_3_090,FOODS,CA_1,,,,0,None,0,14.4,18.7,10.7,1.1,1.1,1,0,0,134,82.28571428571429,4
d_1569,0,2015-05-16,Saturday,5,2015,FOODS_3_090,FOODS,CA_1,,,,0,None,0,17.1,22.9,11.2,0.0,0.0,0,0,0,157,63.142857142857146,5
d_1570,0,2015-05-17,Sunday,5,2015,FOODS_3_090,FOODS,CA_1,,,,0,None,0,17.1,21.7,12.5,0.1,0.1,1,0,0,116,40.714285714285715,6
d_1571,0,2015-05-18,Monday,5,2015,FOODS_3_090,FOODS,CA_1,,,,0,None,0,17.9,23.2,12.7,0.0,0.0,0,0,0,52,24.142857142857142,0
d_1572,0,2015-05-19,Tuesday,5,2015,FOODS_3_090,FOODS,CA_1,,,,0,None,0,17.8,24.0,10.4,0.0,0.0,0,0,0,43,16.714285714285715,1
d_1573,0,2015-05-20,Wednesday,5,2015,FOODS_3_090,FOODS,CA_1,,,,0,None,0,19.2,25.1,13.7,0.0,0.0,0,0,0,74,10.571428571428571,2
d_1574,0,2015-05-21,Thursday,5,2015,FOODS_3_090,FOODS,CA_1,,,,0,None,0,16.8,20.8,12.9,0.8,0.8,1,0,0,0,0.0,3
d_1575,0,2015-05-22,Friday,5,2015,FOODS_3_090,FOODS,CA_1,,,,0,None,0,15.8,19.1,12.4,5.1,5.1,1,0,0,0,0.0,4
d_1576,0,2015-05-23,Saturday,5,2015,FOODS_3_090,FOODS,CA_1,,,,0,None,0,18.3,22.8,14.4,0.0,0.0,0,0,0,0,0.0,5
d_1577,0,2015-05-24,Sunday,5,2015,FOODS_3_090,FOODS,CA_1,,,,0,None,0,19.6,25.6,12.7,0.0,0.0,0,0,0,0,0.0,6
d_1578,0,2015-05-25,Monday,5,2015,FOODS_3_090,FOODS,CA_1,,,,0,None,0,22.0,28.5,14.3,0.0,0.0,0,0,0,0,0.0,0
d_1579,0,2015-05-26,Tuesday,5,2015,FOODS_3_090,FOODS,CA_1,,,,0,None,0,22.3,28.8,16.0,0.0,0.0,0,0,0,0,0.0,1
d_1580,0,2015-05-27,Wednesday,5,2015,FOODS_3_090,FOODS,CA_1,,,,0,None,0,22.7,30.1,15.7,0.0,0.0,0,0,0,0,0.0,2
d_1581,0,2015-05-28,Thursday,5,2015,FOODS_3_090,FOODS,CA_1,,,,0,None,0,23.1,31.1,13.5,0.0,0.0,0,0,0,0,0.0,3
d_1582,0,2015-05-29,Friday,5,2015,FOODS_3_090,FOODS,CA_1,,,,0,None,0,25.1,33.9,15.0,0.0,0.0,0,0,0,0,0.0,4
d_1583,0,2015-05-30,Saturday,5,2015,FOODS_3_090,FOODS,CA_1,,,,0,None,0,26.7,35.6,16.0,0.0,0.0,0,0,0,0,0.0,5
d_1584,0,2015-05-31,Sunday,5,2015,FOODS_3_090,FOODS,CA_1,,,,0,None,0,26.9,35.5,17.1,0.0,0.0,0,0,0,0,0.0,6
d_1585,0,2015-06-01,Monday,6,2015,FOODS_3_090,FOODS,CA_1,,,,0,None,0,23.9,29.9,17.3,0.0,0.0,0,0,0,0,0.0,0
d_1586,0,2015-06-02,Tuesday,6,2015,FOODS_3_090,FOODS,CA_1,,,,0,None,0,23.1,29.7,15.5,0.0,0.0,0,0,0,0,0.0,1
d_1587,0,2015-06-03,Wednesday,6,2015,FOODS_3_090,FOODS,CA_1,,,,0,None,0,23.1,30.0,15.5,0.0,0.0,0,0,0,0,0.0,2
d_1588,0,2015-06-04,Thursday,6,2015,FOODS_3_090,FOODS,CA_1,,,,0,None,0,22.2,28.2,15.6,0.0,0.0,0,0,0,0,0.0,3
d_1589,0,2015-06-05,Friday,6,2015,FOODS_3_090,FOODS,CA_1,,,,0,None,0,23.0,28.9,15.9,0.5,0.5,1,0,0,0,0.0,4
d_1590,0,2015-06-06,Saturday,6,2015,FOODS_3_090,FOODS,CA_1,,,,0,None,0,23.9,29.6,16.5,0.0,0.0,0,0,0,0,0.0,5
d_1591,0,2015-06-07,Sunday,6,2015,FOODS_3_090,FOODS,CA_1,,,,0,None,0,27.0,35.5,17.1,0.0,0.0,0,0,0,0,0.0,6
d_1592,0,2015-06-08,Monday,6,2015,FOODS_3_090,FOODS,CA_1,,,,0,None,0,30.6,39.4,19.6,0.0,0.0,0,0,0,0,0.0,0
d_1593,0,2015-06-09,Tuesday,6,2015,FOODS_3_090,FOODS,CA_1,,,,0,None,0,28.1,34.0,21.2,0.0,0.0,0,0,0,0,0.0,1
d_1594,0,2015-06-10,Wednesday,6,2015,FOODS_3_090,FOODS,CA_1,,,,0,None,0,25.6,30.6,21.4,0.0,0.0,0,0,0,0,0.0,2
d_1595,0,2015-06-11,Thursday,6,2015,FOODS_3_090,FOODS,CA_1,,,,0,None,0,26.5,32.0,20.0,0.0,0.0,0,0,0,0,0.0,3
d_1596,0,2015-06-12,Friday,6,2015,FOODS_3_090,FOODS,CA_1,,,,0,None,0,29.0,35.2,20.8,0.1,0.1,1,0,0,0,0.0,4
d_1597,0,2015-06-13,Saturday,6,2015,FOODS_3_090,FOODS,CA_1,,,,0,None,0,30.9,38.8,21.8,0.0,0.0,0,0,0,0,0.0,5
d_1598,88,2015-06-14,Sunday,6,2015,FOODS_3_090,FOODS,CA_1,,,,0,None,0,30.0,37.6,21.4,0.0,0.0,0,0,0,0,0.0,6
d_1599,50,2015-06-15,Monday,6,2015,FOODS_3_090,FOODS,CA_1,,,,0,None,0,28.5,36.4,19.0,0.0,0.0,0,0,88,0,12.571428571428571,0
d_1600,39,2015-06-16,Tuesday,6,2015,FOODS_3_090,FOODS,CA_1,,,,0,None,0,27.9,36.3,17.7,0.0,0.0,0,0,50,0,19.714285714285715,1
d_1601,37,2015-06-17,Wednesday,6,2015,FOODS_3_090,FOODS,CA_1,,,,0,None,0,29.1,37.8,18.2,0.0,0.0,0,0,39,0,25.285714285714285,2
d_1602,63,2015-06-18,Thursday,6,2015,FOODS_3_090,FOODS,CA_1,,,,0,None,0,29.2,37.9,18.3,0.0,0.0,0,0,37,0,30.571428571428573,3
d_1603,52,2015-06-19,Friday,6,2015,FOODS_3_090,FOODS,CA_1,,,,0,None,0,28.3,37.0,17.8,0.0,0.0,0,0,63,0,39.57142857142857,4
d_1604,99,2015-06-20,Saturday,6,2015,FOODS_3_090,FOODS,CA_1,,,,0,None,0,29.3,38.3,18.6,0.0,0.0,0,0,52,0,47.0,5
d_1605,124,2015-06-21,Sunday,6,2015,FOODS_3_090,FOODS,CA_1,,,,0,None,0,29.0,36.6,19.9,0.0,0.0,0,0,99,88,61.142857142857146,6
d_1606,69,2015-06-22,Monday,6,2015,FOODS_3_090,FOODS,CA_1,,,,0,None,0,27.5,35.3,18.3,0.0,0.0,0,0,124,50,66.28571428571429,0
d_1607,71,2015-06-23,Tuesday,6,2015,FOODS_3_090,FOODS,CA_1,,,,0,None,0,27.3,35.2,17.4,0.0,0.0,0,0,69,39,69.0,1
d_1608,73,2015-06-24,Wednesday,6,2015,FOODS_3_090,FOODS,CA_1,,,,0,None,0,28.8,36.5,19.3,0.0,0.0,0,0,71,37,73.57142857142857,2
d_1609,45,2015-06-25,Thursday,6,2015,FOODS_3_090,FOODS,CA_1,,,,0,None,0,31.4,39.9,21.2,0.0,0.0,0,0,73,63,78.71428571428571,3
d_1610,92,2015-06-26,Friday,6,2015,FOODS_3_090,FOODS,CA_1,,,,0,None,0,32.6,41.4,22.4,0.0,0.0,0,0,45,52,76.14285714285714,4
d_1611,72,2015-06-27,Saturday,6,2015,FOODS_3_090,FOODS,CA_1,,,,0,None,0,32.3,39.1,25.3,0.0,0.0,0,0,92,99,81.85714285714286,5
d_1612,79,2015-06-28,Sunday,6,2015,FOODS_3_090,FOODS,CA_1,,,,0,None,0,31.2,36.8,25.1,0.0,0.0,0,0,72,124,78.0,6
d_1613,43,2015-06-29,Monday,6,2015,FOODS_3_090,FOODS,CA_1,,,,0,None,0,30.5,35.4,24.5,0.0,0.0,0,0,79,69,71.57142857142857,0
d_1614,38,2015-06-30,Tuesday,6,2015,FOODS_3_090,FOODS,CA_1,,,,0,None,0,33.4,41.6,24.6,0.0,0.0,0,0,43,71,67.85714285714286,1
d_1615,81,2015-07-01,Wednesday,7,2015,FOODS_3_090,FOODS,CA_1,,,,0,None,0,32.7,38.0,25.2,0.0,0.0,0,0,38,73,63.142857142857146,2
d_1616,63,2015-07-02,Thursday,7,2015,FOODS_3_090,FOODS,CA_1,,,,0,None,0,31.2,35.8,26.0,0.0,0.0,0,0,81,45,64.28571428571429,3
d_1617,130,2015-07-03,Friday,7,2015,FOODS_3_090,FOODS,CA_1,,,,0,None,0,32.3,39.2,25.4,0.0,0.0,0,0,63,92,66.85714285714286,4
d_1618,106,2015-07-04,Saturday,7,2015,FOODS_3_090,FOODS,CA_1,,,,0,None,0,32.2,39.8,25.7,0.3,0.3,1,0,130,72,72.28571428571429,5
d_1619,63,2015-07-05,Sunday,7,2015,FOODS_3_090,FOODS,CA_1,,,,0,None,0,31.2,37.6,24.8,0.0,0.0,0,0,106,79,77.14285714285714,6
d_1620,82,2015-07-06,Monday,7,2015,FOODS_3_090,FOODS,CA_1,,,,0,None,0,29.3,35.8,22.5,0.0,0.0,0,0,63,43,74.85714285714286,0
d_1621,39,2015-07-07,Tuesday,7,2015,FOODS_3_090,FOODS,CA_1,,,,0,None,0,28.1,34.4,21.2,0.0,0.0,0,0,82,38,80.42857142857143,1
d_1622,51,2015-07-08,Wednesday,7,2015,FOODS_3_090,FOODS,CA_1,,,,0,None,0,26.8,31.7,21.0,0.0,0.0,0,0,39,81,80.57142857142857,2
d_1623,48,2015-07-09,Thursday,7,2015,FOODS_3_090,FOODS,CA_1,,,,0,None,0,24.0,28.1,18.8,0.0,0.0,0,0,51,63,76.28571428571429,3
d_1624,120,2015-07-10,Friday,7,2015,FOODS_3_090,FOODS,CA_1,,,,0,None,0,23.9,28.2,19.2,0.0,0.0,0,0,48,130,74.14285714285714,4
d_1625,67,2015-07-11,Saturday,7,2015,FOODS_3_090,FOODS,CA_1,,,,0,None,0,26.3,32.9,18.5,0.0,0.0,0,0,120,106,72.71428571428571,5
d_1626,70,2015-07-12,Sunday,7,2015,FOODS_3_090,FOODS,CA_1,,,,0,None,0,27.6,34.1,20.3,0.0,0.0,0,0,67,63,67.14285714285714,6
d_1627,45,2015-07-13,Monday,7,2015,FOODS_3_090,FOODS,CA_1,,,,0,None,0,28.0,34.5,21.6,0.0,0.0,0,0,70,82,68.14285714285714,0
d_1628,47,2015-07-14,Tuesday,7,2015,FOODS_3_090,FOODS,CA_1,,,,0,None,0,27.8,34.6,19.8,0.0,0.0,0,0,45,39,62.857142857142854,1
d_1629,39,2015-07-15,Wednesday,7,2015,FOODS_3_090,FOODS,CA_1,,,,0,None,0,27.8,34.9,19.8,0.0,0.0,0,0,47,51,64.0,2
d_1630,62,2015-07-16,Thursday,7,2015,FOODS_3_090,FOODS,CA_1,,,,0,None,0,29.4,36.9,20.7,0.0,0.0,0,0,39,48,62.285714285714285,3
d_1631,91,2015-07-17,Friday,7,2015,FOODS_3_090,FOODS,CA_1,,,,0,None,0,30.5,38.7,21.2,0.0,0.0,0,0,62,120,64.28571428571429,4
d_1632,109,2015-07-18,Saturday,7,2015,FOODS_3_090,FOODS,CA_1,,,,0,None,0,30.2,37.3,21.5,0.0,0.0,0,0,91,67,60.142857142857146,5
d_1633,71,2015-07-19,Sunday,7,2015,FOODS_3_090,FOODS,CA_1,,,,0,None,0,28.2,32.2,21.9,0.0,0.0,0,0,109,70,66.14285714285714,6
d_1634,138,2015-07-20,Monday,7,2015,FOODS_3_090,FOODS,CA_1,,,,0,None,0,29.3,34.4,25.0,0.3,0.3,1,0,71,45,66.28571428571429,0
d_1635,41,2015-07-21,Tuesday,7,2015,FOODS_3_090,FOODS,CA_1,,,,0,None,0,30.0,35.9,23.1,0.0,0.0,0,0,138,47,79.57142857142857,1
d_1636,58,2015-07-22,Wednesday,7,2015,FOODS_3_090,FOODS,CA_1,,,,0,None,0,29.7,35.5,23.7,0.0,0.0,0,0,41,39,78.71428571428571,2
d_1637,54,2015-07-23,Thursday,7,2015,FOODS_3_090,FOODS,CA_1,,,,0,None,0,27.8,33.5,21.7,0.0,0.0,0,0,58,62,81.42857142857143,3
d_1638,62,2015-07-24,Friday,7,2015,FOODS_3_090,FOODS,CA_1,,,,0,None,0,27.7,34.9,18.8,0.0,0.0,0,0,54,91,80.28571428571429,4
d_1639,75,2015-07-25,Saturday,7,2015,FOODS_3_090,FOODS,CA_1,,,,0,None,0,28.3,35.4,19.3,0.0,0.0,0,0,62,109,76.14285714285714,5
d_1640,101,2015-07-26,Sunday,7,2015,FOODS_3_090,FOODS,CA_1,,,,0,None,0,27.6,34.6,19.5,0.0,0.0,0,0,75,71,71.28571428571429,6
d_1641,68,2015-07-27,Monday,7,2015,FOODS_3_090,FOODS,CA_1,,,,0,None,0,27.8,35.1,18.4,0.0,0.0,0,0,101,138,75.57142857142857,0
d_1642,59,2015-07-28,Tuesday,7,2015,FOODS_3_090,FOODS,CA_1,,,,0,None,0,30.3,38.6,19.7,0.0,0.0,0,0,68,41,65.57142857142857,1
d_1643,35,2015-07-29,Wednesday,7,2015,FOODS_3_090,FOODS,CA_1,,,,0,None,0,32.4,41.7,21.2,0.0,0.0,0,0,59,58,68.14285714285714,2
d_1644,55,2015-07-30,Thursday,7,2015,FOODS_3_090,FOODS,CA_1,,,,0,None,0,32.6,40.1,22.9,0.0,0.0,0,0,35,54,64.85714285714286,3
d_1645,77,2015-07-31,Friday,7,2015,FOODS_3_090,FOODS,CA_1,,,,0,None,0,32.4,38.2,25.7,0.0,0.0,0,0,55,62,65.0,4
d_1646,82,2015-08-01,Saturday,8,2015,FOODS_3_090,FOODS,CA_1,,,,0,None,0,31.0,37.4,23.7,0.0,0.0,0,0,77,75,67.14285714285714,5
d_1647,78,2015-08-02,Sunday,8,2015,FOODS_3_090,FOODS,CA_1,,,,0,None,0,30.7,37.5,23.3,0.0,0.0,0,0,82,101,68.14285714285714,6
d_1648,59,2015-08-03,Monday,8,2015,FOODS_3_090,FOODS,CA_1,,,,0,None,0,28.9,36.3,21.6,0.0,0.0,0,0,78,68,64.85714285714286,0
d_1649,39,2015-08-04,Tuesday,8,2015,FOODS_3_090,FOODS,CA_1,,,,0,None,0,27.2,32.9,20.3,0.0,0.0,0,0,59,59,63.57142857142857,1
d_1650,54,2015-08-05,Wednesday,8,2015,FOODS_3_090,FOODS,CA_1,,,,0,None,0,27.2,33.9,20.4,0.0,0.0,0,0,39,35,60.714285714285715,2
d_1651,42,2015-08-06,Thursday,8,2015,FOODS_3_090,FOODS,CA_1,,,,0,None,0,28.8,34.3,22.3,0.0,0.0,0,0,54,55,63.42857142857143,3
d_1652,79,2015-08-07,Friday,8,2015,FOODS_3_090,FOODS,CA_1,,,,0,None,0,27.8,34.0,20.1,0.0,0.0,0,0,42,77,61.57142857142857,4
d_1653,117,2015-08-08,Saturday,8,2015,FOODS_3_090,FOODS,CA_1,,,,0,None,0,27.6,34.4,20.8,0.0,0.0,0,0,79,82,61.857142857142854,5
d_1654,62,2015-08-09,Sunday,8,2015,FOODS_3_090,FOODS,CA_1,,,,0,None,0,28.3,35.9,19.8,0.0,0.0,0,0,117,78,66.85714285714286,6
d_1655,56,2015-08-10,Monday,8,2015,FOODS_3_090,FOODS,CA_1,,,,0,None,0,28.2,34.8,21.6,0.0,0.0,0,0,62,59,64.57142857142857,0
d_1656,60,2015-08-11,Tuesday,8,2015,FOODS_3_090,FOODS,CA_1,,,,0,None,0,27.2,33.8,20.2,0.0,0.0,0,0,56,39,64.14285714285714,1
d_1657,37,2015-08-12,Wednesday,8,2015,FOODS_3_090,FOODS,CA_1,,,,0,None,0,28.0,35.8,20.0,0.0,0.0,0,0,60,54,67.14285714285714,2
d_1658,29,2015-08-13,Thursday,8,2015,FOODS_3_090,FOODS,CA_1,,,,0,None,0,28.8,37.1,19.8,0.0,0.0,0,0,37,42,64.71428571428571,3
d_1659,45,2015-08-14,Friday,8,2015,FOODS_3_090,FOODS,CA_1,,,,0,None,0,28.5,35.9,20.8,0.0,0.0,0,0,29,79,62.857142857142854,4
d_1660,49,2015-08-15,Saturday,8,2015,FOODS_3_090,FOODS,CA_1,,,,0,None,0,29.7,38.7,19.9,0.0,0.0,0,0,45,117,58.0,5
d_1661,61,2015-08-16,Sunday,8,2015,FOODS_3_090,FOODS,CA_1,,,,0,None,0,32.2,40.9,22.5,0.0,0.0,0,0,49,62,48.285714285714285,6
d_1662,38,2015-08-17,Monday,8,2015,FOODS_3_090,FOODS,CA_1,,,,0,None,0,32.6,41.1,22.5,0.0,0.0,0,0,61,56,48.142857142857146,0
d_1663,42,2015-08-18,Tuesday,8,2015,FOODS_3_090,FOODS,CA_1,,,,0,None,0,31.1,38.9,22.9,0.0,0.0,0,0,38,60,45.57142857142857,1
d_1664,34,2015-08-19,Wednesday,8,2015,FOODS_3_090,FOODS,CA_1,,,,0,None,0,29.7,37.5,21.6,0.0,0.0,0,0,42,37,43.0,2
d_1665,51,2015-08-20,Thursday,8,2015,FOODS_3_090,FOODS,CA_1,,,,0,None,0,28.3,35.7,20.1,0.0,0.0,0,0,34,29,42.57142857142857,3
d_1666,110,2015-08-21,Friday,8,2015,FOODS_3_090,FOODS,CA_1,,,,0,None,0,28.1,35.0,21.0,0.0,0.0,0,0,51,45,45.714285714285715,4
d_1667,54,2015-08-22,Saturday,8,2015,FOODS_3_090,FOODS,CA_1,,,,0,None,0,28.2,35.6,20.1,0.0,0.0,0,0,110,49,55.0,5
d_1668,83,2015-08-23,Sunday,8,2015,FOODS_3_090,FOODS,CA_1,,,,0,None,0,28.9,36.9,20.5,0.0,0.0,0,0,54,61,55.714285714285715,6
d_1669,58,2015-08-24,Monday,8,2015,FOODS_3_090,FOODS,CA_1,,,,0,None,0,29.1,37.1,20.5,0.0,0.0,0,0,83,38,58.857142857142854,0
d_1670,41,2015-08-25,Tuesday,8,2015,FOODS_3_090,FOODS,CA_1,,,,0,None,0,29.8,38.2,20.0,0.0,0.0,0,0,58,42,61.714285714285715,1
d_1671,56,2015-08-26,Wednesday,8,2015,FOODS_3_090,FOODS,CA_1,,,,0,None,0,30.4,38.4,21.2,0.0,0.0,0,0,41,34,61.57142857142857,2
d_1672,36,2015-08-27,Thursday,8,2015,FOODS_3_090,FOODS,CA_1,,,,0,None,0,30.7,38.9,21.2,0.0,0.0,0,0,56,51,64.71428571428571,3
d_1673,58,2015-08-28,Friday,8,2015,FOODS_3_090,FOODS,CA_1,,,,0,None,0,31.5,39.8,21.2,0.0,0.0,0,0,36,110,62.57142857142857,4
d_1674,84,2015-08-29,Saturday,8,2015,FOODS_3_090,FOODS,CA_1,,,,0,None,0,28.9,35.4,21.9,0.0,0.0,0,0,58,54,55.142857142857146,5
d_1675,62,2015-08-30,Sunday,8,2015,FOODS_3_090,FOODS,CA_1,,,,0,None,0,26.6,32.4,20.7,0.0,0.0,0,0,84,83,59.42857142857143,6
d_1676,63,2015-08-31,Monday,8,2015,FOODS_3_090,FOODS,CA_1,,,,0,None,0,26.5,33.5,19.8,0.0,0.0,0,0,62,58,56.42857142857143,0
d_1677,34,2015-09-01,Tuesday,9,2015,FOODS_3_090,FOODS,CA_1,,,,0,None,0,27.5,35.5,17.7,0.0,0.0,0,0,63,41,57.142857142857146,1
d_1678,54,2015-09-02,Wednesday,9,2015,FOODS_3_090,FOODS,CA_1,,,,0,None,0,26.5,33.2,20.4,0.0,0.0,0,0,34,56,56.142857142857146,2
d_1679,58,2015-09-03,Thursday,9,2015,FOODS_3_090,FOODS,CA_1,,,,0,None,0,25.1,31.1,19.4,0.0,0.0,0,0,54,36,55.857142857142854,3
d_1680,94,2015-09-04,Friday,9,2015,FOODS_3_090,FOODS,CA_1,,,,0,None,0,24.4,30.4,18.7,0.0,0.0,0,0,58,58,59.0,4
d_1681,89,2015-09-05,Saturday,9,2015,FOODS_3_090,FOODS,CA_1,,,,0,None,0,23.3,30.4,15.6,0.0,0.0,0,0,94,84,64.14285714285714,5
d_1682,83,2015-09-06,Sunday,9,2015,FOODS_3_090,FOODS,CA_1,,,,0,None,0,25.1,33.7,14.8,0.0,0.0,0,0,89,62,64.85714285714286,6
d_1683,71,2015-09-07,Monday,9,2015,FOODS_3_090,FOODS,CA_1,,,,0,None,0,26.5,35.7,15.6,0.0,0.0,0,0,83,63,67.85714285714286,0
d_1684,57,2015-09-08,Tuesday,9,2015,FOODS_3_090,FOODS,CA_1,,,,0,None,0,28.6,38.9,16.6,0.0,0.0,0,0,71,34,69.0,1
d_1685,38,2015-09-09,Wednesday,9,2015,FOODS_3_090,FOODS,CA_1,,,,0,None,0,30.8,40.2,20.0,0.0,0.0,0,0,57,54,72.28571428571429,2
d_1686,58,2015-09-10,Thursday,9,2015,FOODS_3_090,FOODS,CA_1,,,,0,None,0,31.1,39.3,21.2,0.0,0.0,0,0,38,58,70.0,3
d_1687,61,2015-09-11,Friday,9,2015,FOODS_3_090,FOODS,CA_1,,,,0,None,0,31.5,39.9,21.8,0.0,0.0,0,0,58,94,70.0,4
d_1688,93,2015-09-12,Saturday,9,2015,FOODS_3_090,FOODS,CA_1,,,,0,None,0,29.6,37.2,21.4,0.0,0.0,0,0,61,89,65.28571428571429,5
d_1689,69,2015-09-13,Sunday,9,2015,FOODS_3_090,FOODS,CA_1,,,,0,None,0,29.6,36.2,22.4,0.0,0.0,0,0,93,83,65.85714285714286,6
d_1690,43,2015-09-14,Monday,9,2015,FOODS_3_090,FOODS,CA_1,,,,0,None,0,24.2,27.8,21.9,2.2,2.2,1,0,69,71,63.857142857142854,0
d_1691,68,2015-09-15,Tuesday,9,2015,FOODS_3_090,FOODS,CA_1,,,,0,None,0,23.8,27.0,20.1,1.1,1.1,1,0,43,57,59.857142857142854,1
d_1692,48,2015-09-16,Wednesday,9,2015,FOODS_3_090,FOODS,CA_1,,,,0,None,0,20.1,25.7,14.8,0.4,0.4,1,0,68,38,61.42857142857143,2
d_1693,49,2015-09-17,Thursday,9,2015,FOODS_3_090,FOODS,CA_1,Ganesh Chaturthi,Hindu,High,1,High,3,21.0,27.0,15.7,0.0,0.0,0,0,48,58,62.857142857142854,3
d_1694,74,2015-09-18,Friday,9,2015,FOODS_3_090,FOODS,CA_1,,,,0,None,0,23.1,31.0,15.5,0.0,0.0,0,0,49,61,61.57142857142857,4
d_1695,74,2015-09-19,Saturday,9,2015,FOODS_3_090,FOODS,CA_1,,,,0,None,0,24.7,34.6,14.4,0.0,0.0,0,0,74,93,63.42857142857143,5
d_1696,96,2015-09-20,Sunday,9,2015,FOODS_3_090,FOODS,CA_1,,,,0,None,0,27.8,38.3,16.7,0.0,0.0,0,0,74,69,60.714285714285715,6
d_1697,53,2015-09-21,Monday,9,2015,FOODS_3_090,FOODS,CA_1,,,,0,None,0,28.5,37.7,18.4,0.0,0.0,0,0,96,43,64.57142857142857,0
d_1698,29,2015-09-22,Tuesday,9,2015,FOODS_3_090,FOODS,CA_1,,,,0,None,0,28.2,35.8,20.2,0.0,0.0,0,0,53,68,66.0,1
d_1699,59,2015-09-23,Wednesday,9,2015,FOODS_3_090,FOODS,CA_1,,,,0,None,0,25.7,33.5,17.9,0.0,0.0,0,0,29,48,60.42857142857143,2
d_1700,7,2015-09-24,Thursday,9,2015,FOODS_3_090,FOODS,CA_1,,,,0,None,0,26.7,36.4,17.0,0.0,0.0,0,0,59,49,62.0,3
d_1701,57,2015-09-25,Friday,9,2015,FOODS_3_090,FOODS,CA_1,,,,0,None,0,28.7,37.5,19.8,0.0,0.0,0,0,7,74,56.0,4
d_1702,51,2015-09-26,Saturday,9,2015,FOODS_3_090,FOODS,CA_1,,,,0,None,0,28.4,36.5,19.5,0.0,0.0,0,0,57,74,53.57142857142857,5
d_1703,74,2015-09-27,Sunday,9,2015,FOODS_3_090,FOODS,CA_1,,,,0,None,0,27.4,34.4,19.2,0.0,0.0,0,0,51,96,50.285714285714285,6
d_1704,55,2015-09-28,Monday,9,2015,FOODS_3_090,FOODS,CA_1,,,,0,None,0,26.7,33.5,20.3,0.0,0.0,0,0,74,53,47.142857142857146,0
d_1705,33,2015-09-29,Tuesday,9,2015,FOODS_3_090,FOODS,CA_1,,,,0,None,0,25.3,30.7,19.5,0.0,0.0,0,0,55,29,47.42857142857143,1
d_1706,44,2015-09-30,Wednesday,9,2015,FOODS_3_090,FOODS,CA_1,,,,0,None,0,23.7,28.8,19.1,0.0,0.0,0,0,33,59,48.0,2
d_1707,48,2015-10-01,Thursday,10,2015,FOODS_3_090,FOODS,CA_1,,,,0,None,0,21.6,25.9,17.7,1.2,1.2,1,0,44,7,45.857142857142854,3
d_1708,61,2015-10-02,Friday,10,2015,FOODS_3_090,FOODS,CA_1,,,,0,None,0,20.6,26.1,14.2,0.0,0.0,0,0,48,57,51.714285714285715,4
d_1709,100,2015-10-03,Saturday,10,2015,FOODS_3_090,FOODS,CA_1,,,,0,None,0,22.4,29.5,14.4,0.0,0.0,0,0,61,51,52.285714285714285,5
d_1710,65,2015-10-04,Sunday,10,2015,FOODS_3_090,FOODS,CA_1,,,,0,None,0,18.0,22.1,13.1,0.3,0.3,1,0,100,74,59.285714285714285,6
d_1711,37,2015-10-05,Monday,10,2015,FOODS_3_090,FOODS,CA_1,,,,0,None,0,19.6,25.2,13.4,0.0,0.0,0,0,65,55,58.0,0
d_1712,70,2015-10-06,Tuesday,10,2015,FOODS_3_090,FOODS,CA_1,,,,0,None,0,20.9,26.8,14.1,0.0,0.0,0,0,37,33,55.42857142857143,1
d_1713,45,2015-10-07,Wednesday,10,2015,FOODS_3_090,FOODS,CA_1,,,,0,None,0,22.4,29.0,14.7,0.0,0.0,0,0,70,44,60.714285714285715,2
d_1714,68,2015-10-08,Thursday,10,2015,FOODS_3_090,FOODS,CA_1,,,,0,None,0,24.8,31.6,18.2,0.0,0.0,0,0,45,48,60.857142857142854,3
d_1715,65,2015-10-09,Friday,10,2015,FOODS_3_090,FOODS,CA_1,,,,0,None,0,25.7,33.8,18.3,0.0,0.0,0,0,68,61,63.714285714285715,4
d_1716,60,2015-10-10,Saturday,10,2015,FOODS_3_090,FOODS,CA_1,,,,0,None,0,26.7,36.0,17.4,0.0,0.0,0,0,65,100,64.28571428571429,5
d_1717,107,2015-10-11,Sunday,10,2015,FOODS_3_090,FOODS,CA_1,,,,0,None,0,25.9,33.7,17.7,0.0,0.0,0,0,60,65,58.57142857142857,6
d_1718,76,2015-10-12,Monday,10,2015,FOODS_3_090,FOODS,CA_1,,,,0,None,0,26.4,35.2,17.3,0.0,0.0,0,0,107,37,64.57142857142857,0
d_1719,39,2015-10-13,Tuesday,10,2015,FOODS_3_090,FOODS,CA_1,,,,0,None,0,26.8,35.2,18.3,0.0,0.0,0,0,76,70,70.14285714285714,1
d_1720,35,2015-10-14,Wednesday,10,2015,FOODS_3_090,FOODS,CA_1,,,,0,None,0,26.0,32.6,18.8,0.0,0.0,0,0,39,45,65.71428571428571,2
d_1721,25,2015-10-15,Thursday,10,2015,FOODS_3_090,FOODS,CA_1,,,,0,None,0,24.6,31.2,18.9,0.0,0.0,0,0,35,68,64.28571428571429,3
d_1722,0,2015-10-16,Friday,10,2015,FOODS_3_090,FOODS,CA_1,,,,0,None,0,24.2,30.0,17.4,0.0,0.0,0,0,25,65,58.142857142857146,4
d_1723,69,2015-10-17,Saturday,10,2015,FOODS_3_090,FOODS,CA_1,,,,0,None,0,22.6,27.1,18.4,2.8,2.8,1,0,0,60,48.857142857142854,5
d_1724,101,2015-10-18,Sunday,10,2015,FOODS_3_090,FOODS,CA_1,,,,0,None,0,17.9,20.1,15.9,15.2,15.2,1,1,69,107,50.142857142857146,6
d_1725,39,2015-10-19,Monday,10,2015,FOODS_3_090,FOODS,CA_1,,,,0,None,0,17.3,21.3,12.2,0.0,0.0,0,0,101,76,49.285714285714285,0
d_1726,55,2015-10-20,Tuesday,10,2015,FOODS_3_090,FOODS,CA_1,,,,0,None,0,18.2,23.1,12.1,0.0,0.0,0,0,39,39,44.0,1
d_1727,40,2015-10-21,Wednesday,10,2015,FOODS_3_090,FOODS,CA_1,,,,0,None,0,18.3,25.0,12.4,0.0,0.0,0,0,55,35,46.285714285714285,2
d_1728,64,2015-10-22,Thursday,10,2015,FOODS_3_090,FOODS,CA_1,Dussehra,Hindu,High,1,High,3,19.2,26.9,11.9,0.0,0.0,0,0,40,25,47.0,3
d_1729,69,2015-10-23,Friday,10,2015,FOODS_3_090,FOODS,CA_1,,,,0,None,0,20.0,27.5,12.6,0.0,0.0,0,0,64,0,52.57142857142857,4
d_1730,121,2015-10-24,Saturday,10,2015,FOODS_3_090,FOODS,CA_1,,,,0,None,0,20.3,28.1,12.4,0.0,0.0,0,0,69,69,62.42857142857143,5
d_1731,72,2015-10-25,Sunday,10,2015,FOODS_3_090,FOODS,CA_1,,,,0,None,0,20.7,29.3,15.1,0.0,0.0,0,0,121,101,69.85714285714286,6
d_1732,40,2015-10-26,Monday,10,2015,FOODS_3_090,FOODS,CA_1,,,,0,None,0,19.3,28.4,11.3,0.0,0.0,0,0,72,39,65.71428571428571,0
d_1733,43,2015-10-27,Tuesday,10,2015,FOODS_3_090,FOODS,CA_1,,,,0,None,0,18.6,26.4,11.2,0.0,0.0,0,0,40,55,65.85714285714286,1
d_1734,40,2015-10-28,Wednesday,10,2015,FOODS_3_090,FOODS,CA_1,,,,0,None,0,18.4,22.9,14.9,2.2,2.2,1,0,43,40,64.14285714285714,2
d_1735,58,2015-10-29,Thursday,10,2015,FOODS_3_090,FOODS,CA_1,,,,0,None,0,17.1,21.9,13.5,0.0,0.0,0,0,40,64,64.14285714285714,3
d_1736,77,2015-10-30,Friday,10,2015,FOODS_3_090,FOODS,CA_1,,,,0,None,0,16.4,23.0,9.5,0.0,0.0,0,0,58,69,63.285714285714285,4
d_1737,101,2015-10-31,Saturday,10,2015,FOODS_3_090,FOODS,CA_1,,,,0,None,0,18.5,27.3,10.9,0.0,0.0,0,0,77,121,64.42857142857143,5
d_1738,58,2015-11-01,Sunday,11,2015,FOODS_3_090,FOODS,CA_1,,,,0,None,0,19.2,26.7,12.1,0.0,0.0,0,0,101,72,61.57142857142857,6
d_1739,58,2015-11-02,Monday,11,2015,FOODS_3_090,FOODS,CA_1,,,,0,None,0,13.4,18.8,10.2,21.0,21.0,1,1,58,40,59.57142857142857,0
d_1740,34,2015-11-03,Tuesday,11,2015,FOODS_3_090,FOODS,CA_1,,,,0,None,0,11.6,14.6,9.4,4.1,4.1,1,0,58,43,62.142857142857146,1
d_1741,47,2015-11-04,Wednesday,11,2015,FOODS_3_090,FOODS,CA_1,,,,0,None,0,10.8,14.5,5.8,0.0,0.0,0,0,34,40,60.857142857142854,2
d_1742,44,2015-11-05,Thursday,11,2015,FOODS_3_090,FOODS,CA_1,,,,0,None,0,10.6,16.9,4.8,0.0,0.0,0,0,47,58,61.857142857142854,3
d_1743,95,2015-11-06,Friday,11,2015,FOODS_3_090,FOODS,CA_1,,,,0,None,0,11.4,18.0,6.2,0.0,0.0,0,0,44,77,59.857142857142854,4
d_1744,101,2015-11-07,Saturday,11,2015,FOODS_3_090,FOODS,CA_1,,,,0,None,0,12.7,20.8,5.9,0.0,0.0,0,0,95,101,62.42857142857143,5
d_1745,49,2015-11-08,Sunday,11,2015,FOODS_3_090,FOODS,CA_1,,,,0,None,0,13.8,21.0,6.7,0.4,0.4,1,0,101,58,62.42857142857143,6
d_1746,35,2015-11-09,Monday,11,2015,FOODS_3_090,FOODS,CA_1,,,,0,None,0,10.9,14.6,7.9,13.7,13.7,1,1,49,58,61.142857142857146,0
d_1747,50,2015-11-10,Tuesday,11,2015,FOODS_3_090,FOODS,CA_1,,,,0,None,0,8.7,12.8,4.0,2.5,2.5,1,0,35,34,57.857142857142854,1
d_1748,66,2015-11-11,Wednesday,11,2015,FOODS_3_090,FOODS,CA_1,Diwali,Hindu,High,1,High,3,9.0,15.0,3.9,0.0,0.0,0,0,50,47,60.142857142857146,2
d_1749,37,2015-11-12,Thursday,11,2015,FOODS_3_090,FOODS,CA_1,,,,0,None,0,9.5,16.4,3.8,0.0,0.0,0,0,66,44,62.857142857142854,3
d_1750,64,2015-11-13,Friday,11,2015,FOODS_3_090,FOODS,CA_1,,,,0,None,0,11.0,19.5,4.7,0.0,0.0,0,0,37,95,61.857142857142854,4
d_1751,67,2015-11-14,Saturday,11,2015,FOODS_3_090,FOODS,CA_1,,,,0,None,0,12.7,22.4,5.2,0.0,0.0,0,0,64,101,57.42857142857143,5
d_1752,54,2015-11-15,Sunday,11,2015,FOODS_3_090,FOODS,CA_1,,,,0,None,0,8.9,13.3,6.6,18.8,18.8,1,1,67,49,52.57142857142857,6
d_1753,45,2015-11-16,Monday,11,2015,FOODS_3_090,FOODS,CA_1,,,,0,None,0,7.2,11.7,3.5,0.0,0.0,0,0,54,35,53.285714285714285,0
d_1754,36,2015-11-17,Tuesday,11,2015,FOODS_3_090,FOODS,CA_1,,,,0,None,0,7.5,13.0,2.1,0.0,0.0,0,0,45,50,54.714285714285715,1
d_1755,30,2015-11-18,Wednesday,11,2015,FOODS_3_090,FOODS,CA_1,,,,0,None,0,8.3,13.9,2.9,0.0,0.0,0,0,36,66,52.714285714285715,2
d_1756,28,2015-11-19,Thursday,11,2015,FOODS_3_090,FOODS,CA_1,,,,0,None,0,10.5,17.7,4.5,0.0,0.0,0,0,30,37,47.57142857142857,3
d_1757,48,2015-11-20,Friday,11,2015,FOODS_3_090,FOODS,CA_1,,,,0,None,0,11.6,18.6,5.4,0.0,0.0,0,0,28,64,46.285714285714285,4
d_1758,77,2015-11-21,Saturday,11,2015,FOODS_3_090,FOODS,CA_1,,,,0,None,0,13.6,22.8,6.2,0.0,0.0,0,0,48,67,44.0,5
d_1759,85,2015-11-22,Sunday,11,2015,FOODS_3_090,FOODS,CA_1,,,,0,None,0,14.3,23.4,7.5,0.0,0.0,0,0,77,54,45.42857142857143,6
d_1760,89,2015-11-23,Monday,11,2015,FOODS_3_090,FOODS,CA_1,,,,0,None,0,14.5,23.6,8.7,0.0,0.0,0,0,85,45,49.857142857142854,0
d_1761,107,2015-11-24,Tuesday,11,2015,FOODS_3_090,FOODS,CA_1,,,,0,None,0,11.5,17.3,7.5,7.4,7.4,1,0,89,36,56.142857142857146,1
d_1762,260,2015-11-25,Wednesday,11,2015,FOODS_3_090,FOODS,CA_1,,,,0,None,0,7.1,10.7,2.7,1.7,1.7,1,0,107,30,66.28571428571429,2
d_1763,166,2015-11-26,Thursday,11,2015,FOODS_3_090,FOODS,CA_1,,,,0,None,0,6.3,10.9,3.5,0.0,0.0,0,0,260,28,99.14285714285714,3
d_1764,49,2015-11-27,Friday,11,2015,FOODS_3_090,FOODS,CA_1,,,,0,None,0,6.8,12.4,1.7,0.0,0.0,0,0,166,48,118.85714285714286,4
d_1765,38,2015-11-28,Saturday,11,2015,FOODS_3_090,FOODS,CA_1,,,,0,None,0,6.8,12.8,2.6,0.0,0.0,0,0,49,77,119.0,5
d_1766,35,2015-11-29,Sunday,11,2015,FOODS_3_090,FOODS,CA_1,,,,0,None,0,6.2,13.3,0.7,0.0,0.0,0,0,38,85,113.42857142857143,6
d_1767,37,2015-11-30,Monday,11,2015,FOODS_3_090,FOODS,CA_1,,,,0,None,0,6.5,13.5,0.8,0.0,0.0,0,0,35,89,106.28571428571429,0
d_1768,36,2015-12-01,Tuesday,12,2015,FOODS_3_090,FOODS,CA_1,,,,0,None,0,6.4,13.8,1.2,0.0,0.0,0,0,37,107,98.85714285714286,1
d_1769,47,2015-12-02,Wednesday,12,2015,FOODS_3_090,FOODS,CA_1,,,,0,None,0,8.9,16.3,2.7,0.0,0.0,0,0,36,260,88.71428571428571,2
d_1770,1,2015-12-03,Thursday,12,2015,FOODS_3_090,FOODS,CA_1,,,,0,None,0,12.0,21.4,5.9,1.2,1.2,1,0,47,166,58.285714285714285,3
d_1771,0,2015-12-04,Friday,12,2015,FOODS_3_090,FOODS,CA_1,,,,0,None,0,10.6,15.5,6.7,0.2,0.2,1,0,1,49,34.714285714285715,4
d_1772,0,2015-12-05,Saturday,12,2015,FOODS_3_090,FOODS,CA_1,,,,0,None,0,9.5,17.1,3.6,0.0,0.0,0,0,0,38,27.714285714285715,5
d_1773,0,2015-12-06,Sunday,12,2015,FOODS_3_090,FOODS,CA_1,,,,0,None,0,11.5,20.2,5.5,0.0,0.0,0,0,0,35,22.285714285714285,6
d_1774,0,2015-12-07,Monday,12,2015,FOODS_3_090,FOODS,CA_1,,,,0,None,0,11.8,18.8,6.6,0.0,0.0,0,0,0,37,17.285714285714285,0
d_1775,0,2015-12-08,Tuesday,12,2015,FOODS_3_090,FOODS,CA_1,,,,0,None,0,10.8,16.4,6.3,0.0,0.0,0,0,0,36,12.0,1
d_1776,0,2015-12-09,Wednesday,12,2015,FOODS_3_090,FOODS,CA_1,,,,0,None,0,11.2,16.4,7.3,0.0,0.0,0,0,0,47,6.857142857142857,2
d_1777,0,2015-12-10,Thursday,12,2015,FOODS_3_090,FOODS,CA_1,,,,0,None,0,10.5,14.9,7.8,8.9,8.9,1,0,0,1,0.14285714285714285,3
d_1778,0,2015-12-11,Friday,12,2015,FOODS_3_090,FOODS,CA_1,,,,0,None,0,8.1,10.3,5.7,7.9,7.9,1,0,0,0,0.0,4
d_1779,0,2015-12-12,Saturday,12,2015,FOODS_3_090,FOODS,CA_1,,,,0,None,0,7.3,11.4,4.6,0.0,0.0,0,0,0,0,0.0,5
d_1780,0,2015-12-13,Sunday,12,2015,FOODS_3_090,FOODS,CA_1,,,,0,None,0,5.6,11.0,2.1,10.0,10.0,1,1,0,0,0.0,6
d_1781,0,2015-12-14,Monday,12,2015,FOODS_3_090,FOODS,CA_1,,,,0,None,0,5.1,8.8,2.0,0.0,0.0,0,0,0,0,0.0,0
d_1782,0,2015-12-15,Tuesday,12,2015,FOODS_3_090,FOODS,CA_1,,,,0,None,0,3.9,9.0,-0.1,0.0,0.0,0,0,0,0,0.0,1
d_1783,0,2015-12-16,Wednesday,12,2015,FOODS_3_090,FOODS,CA_1,,,,0,None,0,4.8,9.7,1.3,0.0,0.0,0,0,0,0,0.0,2
d_1784,0,2015-12-17,Thursday,12,2015,FOODS_3_090,FOODS,CA_1,,,,0,None,0,5.4,10.9,1.4,0.0,0.0,0,0,0,0,0.0,3
d_1785,0,2015-12-18,Friday,12,2015,FOODS_3_090,FOODS,CA_1,,,,0,None,0,7.1,15.5,1.2,0.0,0.0,0,0,0,0,0.0,4
d_1786,0,2015-12-19,Saturday,12,2015,FOODS_3_090,FOODS,CA_1,,,,0,None,0,6.2,9.0,3.6,6.7,6.7,1,0,0,0,0.0,5
d_1787,0,2015-12-20,Sunday,12,2015,FOODS_3_090,FOODS,CA_1,,,,0,None,0,7.4,10.5,4.6,0.0,0.0,0,0,0,0,0.0,6
d_1788,0,2015-12-21,Monday,12,2015,FOODS_3_090,FOODS,CA_1,,,,0,None,0,8.8,10.7,6.9,7.6,7.6,1,0,0,0,0.0,0
d_1789,0,2015-12-22,Tuesday,12,2015,FOODS_3_090,FOODS,CA_1,,,,0,None,0,11.0,13.5,9.2,29.7,29.7,1,1,0,0,0.0,1
d_1790,0,2015-12-23,Wednesday,12,2015,FOODS_3_090,FOODS,CA_1,,,,0,None,0,9.0,11.9,6.4,0.0,0.0,0,0,0,0,0.0,2
d_1791,0,2015-12-24,Thursday,12,2015,FOODS_3_090,FOODS,CA_1,,,,0,None,0,5.5,8.7,1.7,6.4,6.4,1,0,0,0,0.0,3
d_1792,0,2015-12-25,Friday,12,2015,FOODS_3_090,FOODS,CA_1,Christmas,Christian,High,1,High,3,2.2,8.1,-3.0,0.0,0.0,0,0,0,0,0.0,4
d_1793,0,2015-12-26,Saturday,12,2015,FOODS_3_090,FOODS,CA_1,,,,0,None,0,2.4,8.5,-1.6,0.0,0.0,0,0,0,0,0.0,5
d_1794,0,2015-12-27,Sunday,12,2015,FOODS_3_090,FOODS,CA_1,,,,0,None,0,5.1,10.5,-0.8,0.0,0.0,0,0,0,0,0.0,6
d_1795,0,2015-12-28,Monday,12,2015,FOODS_3_090,FOODS,CA_1,,,,0,None,0,4.7,7.5,3.1,0.8,0.8,1,0,0,0,0.0,0
d_1796,0,2015-12-29,Tuesday,12,2015,FOODS_3_090,FOODS,CA_1,,,,0,None,0,3.6,8.1,-0.0,0.0,0.0,0,0,0,0,0.0,1
d_1797,0,2015-12-30,Wednesday,12,2015,FOODS_3_090,FOODS,CA_1,,,,0,None,0,4.5,9.6,0.1,0.0,0.0,0,0,0,0,0.0,2
d_1798,0,2015-12-31,Thursday,12,2015,FOODS_3_090,FOODS,CA_1,,,,0,None,0,4.8,10.9,0.5,0.0,0.0,0,0,0,0,0.0,3
d_1799,0,2016-01-01,Friday,1,2016,FOODS_3_090,FOODS,CA_1,,,,0,None,0,4.8,11.8,-0.4,0.0,0.0,0,0,0,0,0.0,4
d_1800,0,2016-01-02,Saturday,1,2016,FOODS_3_090,FOODS,CA_1,,,,0,None,0,7.9,14.5,4.1,0.1,0.1,1,0,0,0,0.0,5
d_1801,0,2016-01-03,Sunday,1,2016,FOODS_3_090,FOODS,CA_1,,,,0,None,0,8.6,15.6,4.0,0.0,0.0,0,0,0,0,0.0,6
d_1802,0,2016-01-04,Monday,1,2016,FOODS_3_090,FOODS,CA_1,,,,0,None,0,7.9,12.6,2.9,4.3,4.3,1,0,0,0,0.0,0
d_1803,0,2016-01-05,Tuesday,1,2016,FOODS_3_090,FOODS,CA_1,,,,0,None,0,9.4,11.5,7.5,28.1,28.1,1,1,0,0,0.0,1
d_1804,0,2016-01-06,Wednesday,1,2016,FOODS_3_090,FOODS,CA_1,,,,0,None,0,6.7,8.6,4.3,19.2,19.2,1,1,0,0,0.0,2
d_1805,36,2016-01-07,Thursday,1,2016,FOODS_3_090,FOODS,CA_1,,,,0,None,0,7.0,9.9,3.6,6.0,6.0,1,0,0,0,0.0,3
d_1806,81,2016-01-08,Friday,1,2016,FOODS_3_090,FOODS,CA_1,,,,0,None,0,6.6,9.8,3.7,0.0,0.0,0,0,36,0,5.142857142857143,4
d_1807,88,2016-01-09,Saturday,1,2016,FOODS_3_090,FOODS,CA_1,,,,0,None,0,7.9,11.5,4.0,1.1,1.1,1,0,81,0,16.714285714285715,5
d_1808,63,2016-01-10,Sunday,1,2016,FOODS_3_090,FOODS,CA_1,,,,0,None,0,8.9,12.3,5.7,2.4,2.4,1,0,88,0,29.285714285714285,6
d_1809,41,2016-01-11,Monday,1,2016,FOODS_3_090,FOODS,CA_1,,,,0,None,0,7.9,14.2,3.0,0.0,0.0,0,0,63,0,38.285714285714285,0
d_1810,46,2016-01-12,Tuesday,1,2016,FOODS_3_090,FOODS,CA_1,,,,0,None,0,8.5,17.0,3.1,0.0,0.0,0,0,41,0,44.142857142857146,1
d_1811,31,2016-01-13,Wednesday,1,2016,FOODS_3_090,FOODS,CA_1,,,,0,None,0,10.2,16.1,5.6,2.9,2.9,1,0,46,0,50.714285714285715,2
d_1812,17,2016-01-14,Thursday,1,2016,FOODS_3_090,FOODS,CA_1,,,,0,None,0,8.0,13.3,2.7,1.6,1.6,1,0,31,36,55.142857142857146,3
d_1813,85,2016-01-15,Friday,1,2016,FOODS_3_090,FOODS,CA_1,,,,0,None,0,10.0,14.0,6.4,3.7,3.7,1,0,17,81,52.42857142857143,4
d_1814,64,2016-01-16,Saturday,1,2016,FOODS_3_090,FOODS,CA_1,,,,0,None,0,10.2,15.2,5.9,1.8,1.8,1,0,85,88,53.0,5
d_1815,73,2016-01-17,Sunday,1,2016,FOODS_3_090,FOODS,CA_1,,,,0,None,0,10.4,17.5,4.0,0.3,0.3,1,0,64,63,49.57142857142857,6
d_1816,31,2016-01-18,Monday,1,2016,FOODS_3_090,FOODS,CA_1,,,,0,None,0,10.5,14.7,6.4,13.0,13.0,1,1,73,41,51.0,0
d_1817,42,2016-01-19,Tuesday,1,2016,FOODS_3_090,FOODS,CA_1,,,,0,None,0,9.5,12.7,5.6,25.9,25.9,1,1,31,46,49.57142857142857,1
d_1818,35,2016-01-20,Wednesday,1,2016,FOODS_3_090,FOODS,CA_1,,,,0,None,0,10.3,15.7,6.3,2.1,2.1,1,0,42,31,49.0,2
d_1819,49,2016-01-21,Thursday,1,2016,FOODS_3_090,FOODS,CA_1,,,,0,None,0,10.9,19.1,5.0,0.0,0.0,0,0,35,17,49.57142857142857,3
d_1820,51,2016-01-22,Friday,1,2016,FOODS_3_090,FOODS,CA_1,,,,0,None,0,11.1,14.9,7.2,1.1,1.1,1,0,49,85,54.142857142857146,4
d_1821,78,2016-01-23,Saturday,1,2016,FOODS_3_090,FOODS,CA_1,,,,0,None,0,10.5,11.8,7.5,17.9,17.9,1,1,51,64,49.285714285714285,5
d_1822,50,2016-01-24,Sunday,1,2016,FOODS_3_090,FOODS,CA_1,,,,0,None,0,8.1,13.2,2.6,0.0,0.0,0,0,78,73,51.285714285714285,6
d_1823,37,2016-01-25,Monday,1,2016,FOODS_3_090,FOODS,CA_1,,,,0,None,0,8.2,13.6,3.0,0.0,0.0,0,0,50,31,48.0,0
d_1824,37,2016-01-26,Tuesday,1,2016,FOODS_3_090,FOODS,CA_1,Republic Day,National,High,1,None,0,8.9,16.5,2.5,0.0,0.0,0,0,37,42,48.857142857142854,1
d_1825,35,2016-01-27,Wednesday,1,2016,FOODS_3_090,FOODS,CA_1,,,,0,None,0,10.1,16.3,5.7,0.0,0.0,0,0,37,35,48.142857142857146,2
d_1826,38,2016-01-28,Thursday,1,2016,FOODS_3_090,FOODS,CA_1,,,,0,None,0,9.5,15.5,3.3,0.0,0.0,0,0,35,49,48.142857142857146,3
d_1827,39,2016-01-29,Friday,1,2016,FOODS_3_090,FOODS,CA_1,,,,0,None,0,12.0,17.2,7.9,0.0,0.0,0,0,38,51,46.57142857142857,4
d_1828,65,2016-01-30,Saturday,1,2016,FOODS_3_090,FOODS,CA_1,,,,0,None,0,10.4,11.8,9.5,8.2,8.2,1,0,39,78,44.857142857142854,5
d_1829,39,2016-01-31,Sunday,1,2016,FOODS_3_090,FOODS,CA_1,,,,0,None,0,7.0,9.6,4.6,28.8,28.8,1,1,65,50,43.0,6
d_1830,51,2016-02-01,Monday,2,2016,FOODS_3_090,FOODS,CA_1,,,,0,None,0,5.3,9.4,1.6,0.1,0.1,1,0,39,37,41.42857142857143,0
d_1831,31,2016-02-02,Tuesday,2,2016,FOODS_3_090,FOODS,CA_1,,,,0,None,0,3.7,8.4,-0.9,0.0,0.0,0,0,51,37,43.42857142857143,1
d_1832,48,2016-02-03,Wednesday,2,2016,FOODS_3_090,FOODS,CA_1,,,,0,None,0,5.9,11.7,0.5,0.0,0.0,0,0,31,35,42.57142857142857,2
d_1833,50,2016-02-04,Thursday,2,2016,FOODS_3_090,FOODS,CA_1,,,,0,None,0,6.6,13.2,0.8,0.0,0.0,0,0,48,38,44.42857142857143,3
d_1834,48,2016-02-05,Friday,2,2016,FOODS_3_090,FOODS,CA_1,,,,0,None,0,8.6,17.0,1.8,0.0,0.0,0,0,50,39,46.142857142857146,4
d_1835,89,2016-02-06,Saturday,2,2016,FOODS_3_090,FOODS,CA_1,,,,0,None,0,9.5,17.0,2.5,0.0,0.0,0,0,48,65,47.42857142857143,5
d_1836,62,2016-02-07,Sunday,2,2016,FOODS_3_090,FOODS,CA_1,,,,0,None,0,11.3,19.4,4.3,0.0,0.0,0,0,89,39,50.857142857142854,6
d_1837,23,2016-02-08,Monday,2,2016,FOODS_3_090,FOODS,CA_1,,,,0,None,0,13.9,21.6,8.0,0.0,0.0,0,0,62,51,54.142857142857146,0
d_1838,42,2016-02-09,Tuesday,2,2016,FOODS_3_090,FOODS,CA_1,,,,0,None,0,14.6,23.7,7.5,0.0,0.0,0,0,23,31,50.142857142857146,1
d_1839,28,2016-02-10,Wednesday,2,2016,FOODS_3_090,FOODS,CA_1,,,,0,None,0,13.6,22.3,6.8,0.0,0.0,0,0,42,48,51.714285714285715,2
d_1840,40,2016-02-11,Thursday,2,2016,FOODS_3_090,FOODS,CA_1,,,,0,None,0,13.7,23.4,6.0,0.0,0.0,0,0,28,50,48.857142857142854,3
d_1841,37,2016-02-12,Friday,2,2016,FOODS_3_090,FOODS,CA_1,,,,0,None,0,13.0,21.2,6.6,0.0,0.0,0,0,40,48,47.42857142857143,4
d_1842,65,2016-02-13,Saturday,2,2016,FOODS_3_090,FOODS,CA_1,,,,0,None,0,12.1,19.2,6.4,0.0,0.0,0,0,37,89,45.857142857142854,5
d_1843,47,2016-02-14,Sunday,2,2016,FOODS_3_090,FOODS,CA_1,,,,0,None,0,11.8,17.4,6.2,0.0,0.0,0,0,65,62,42.42857142857143,6
d_1844,41,2016-02-15,Monday,2,2016,FOODS_3_090,FOODS,CA_1,,,,0,None,0,14.0,21.6,8.0,0.0,0.0,0,0,47,23,40.285714285714285,0
d_1845,37,2016-02-16,Tuesday,2,2016,FOODS_3_090,FOODS,CA_1,,,,0,None,0,15.2,24.0,7.9,0.0,0.0,0,0,41,42,42.857142857142854,1
d_1846,46,2016-02-17,Wednesday,2,2016,FOODS_3_090,FOODS,CA_1,,,,0,None,0,14.5,20.3,11.5,1.3,1.3,1,0,37,28,42.142857142857146,2
d_1847,32,2016-02-18,Thursday,2,2016,FOODS_3_090,FOODS,CA_1,,,,0,None,0,11.8,15.7,7.6,12.1,12.1,1,1,46,40,44.714285714285715,3
d_1848,54,2016-02-19,Friday,2,2016,FOODS_3_090,FOODS,CA_1,,,,0,None,0,10.6,17.4,5.3,0.0,0.0,0,0,32,37,43.57142857142857,4
d_1849,74,2016-02-20,Saturday,2,2016,FOODS_3_090,FOODS,CA_1,,,,0,None,0,10.2,16.6,4.5,0.0,0.0,0,0,54,65,46.0,5
d_1850,100,2016-02-21,Sunday,2,2016,FOODS_3_090,FOODS,CA_1,,,,0,None,0,10.7,17.4,4.7,0.0,0.0,0,0,74,47,47.285714285714285,6
d_1851,43,2016-02-22,Monday,2,2016,FOODS_3_090,FOODS,CA_1,,,,0,None,0,11.5,17.6,5.0,0.0,0.0,0,0,100,41,54.857142857142854,0
d_1852,38,2016-02-23,Tuesday,2,2016,FOODS_3_090,FOODS,CA_1,,,,0,None,0,12.8,21.1,5.7,0.0,0.0,0,0,43,37,55.142857142857146,1
d_1853,26,2016-02-24,Wednesday,2,2016,FOODS_3_090,FOODS,CA_1,,,,0,None,0,13.9,22.1,6.6,0.0,0.0,0,0,38,46,55.285714285714285,2
d_1854,30,2016-02-25,Thursday,2,2016,FOODS_3_090,FOODS,CA_1,,,,0,None,0,14.1,22.4,6.7,0.0,0.0,0,0,26,32,52.42857142857143,3
d_1855,69,2016-02-26,Friday,2,2016,FOODS_3_090,FOODS,CA_1,,,,0,None,0,15.2,24.0,7.8,0.0,0.0,0,0,30,54,52.142857142857146,4
d_1856,92,2016-02-27,Saturday,2,2016,FOODS_3_090,FOODS,CA_1,,,,0,None,0,14.0,21.1,7.9,0.0,0.0,0,0,69,74,54.285714285714285,5
d_1857,61,2016-02-28,Sunday,2,2016,FOODS_3_090,FOODS,CA_1,,,,0,None,0,13.1,18.2,7.7,0.0,0.0,0,0,92,100,56.857142857142854,6
d_1858,42,2016-02-29,Monday,2,2016,FOODS_3_090,FOODS,CA_1,,,,0,None,0,13.6,20.8,6.4,0.0,0.0,0,0,61,43,51.285714285714285,0
d_1859,41,2016-03-01,Tuesday,3,2016,FOODS_3_090,FOODS,CA_1,,,,0,None,0,15.6,23.9,8.6,0.0,0.0,0,0,42,38,51.142857142857146,1
d_1860,53,2016-03-02,Wednesday,3,2016,FOODS_3_090,FOODS,CA_1,,,,0,None,0,15.1,23.1,7.8,0.0,0.0,0,0,41,26,51.57142857142857,2
d_1861,46,2016-03-03,Thursday,3,2016,FOODS_3_090,FOODS,CA_1,,,,0,None,0,14.8,21.0,8.4,0.0,0.0,0,0,53,30,55.42857142857143,3
d_1862,67,2016-03-04,Friday,3,2016,FOODS_3_090,FOODS,CA_1,,,,0,None,0,14.9,21.3,7.9,2.3,2.3,1,0,46,69,57.714285714285715,4
d_1863,69,2016-03-05,Saturday,3,2016,FOODS_3_090,FOODS,CA_1,,,,0,None,0,14.0,16.0,12.4,30.2,30.2,1,1,67,92,57.42857142857143,5
d_1864,47,2016-03-06,Sunday,3,2016,FOODS_3_090,FOODS,CA_1,,,,0,None,0,12.1,15.3,8.8,26.5,26.5,1,1,69,61,54.142857142857146,6
d_1865,90,2016-03-07,Monday,3,2016,FOODS_3_090,FOODS,CA_1,,,,0,None,0,8.7,11.3,6.8,22.6,22.6,1,1,47,42,52.142857142857146,0
d_1866,28,2016-03-08,Tuesday,3,2016,FOODS_3_090,FOODS,CA_1,,,,0,None,0,10.0,15.1,6.5,0.0,0.0,0,0,90,41,59.0,1
d_1867,30,2016-03-09,Wednesday,3,2016,FOODS_3_090,FOODS,CA_1,,,,0,None,0,11.9,18.1,5.5,0.0,0.0,0,0,28,53,57.142857142857146,2
d_1868,40,2016-03-10,Thursday,3,2016,FOODS_3_090,FOODS,CA_1,,,,0,None,0,15.2,23.4,7.4,0.0,0.0,0,0,30,46,53.857142857142854,3
d_1869,63,2016-03-11,Friday,3,2016,FOODS_3_090,FOODS,CA_1,,,,0,None,0,11.7,16.3,6.7,15.0,15.0,1,1,40,67,53.0,4
d_1870,58,2016-03-12,Saturday,3,2016,FOODS_3_090,FOODS,CA_1,,,,0,None,0,11.2,14.7,8.3,2.0,2.0,1,0,63,69,52.42857142857143,5
d_1871,56,2016-03-13,Sunday,3,2016,FOODS_3_090,FOODS,CA_1,,,,0,None,0,11.2,14.9,8.6,6.0,6.0,1,0,58,47,50.857142857142854,6
d_1872,45,2016-03-14,Monday,3,2016,FOODS_3_090,FOODS,CA_1,,,,0,None,0,13.1,18.1,8.8,0.3,0.3,1,0,56,90,52.142857142857146,0
d_1873,30,2016-03-15,Tuesday,3,2016,FOODS_3_090,FOODS,CA_1,,,,0,None,0,11.9,18.0,6.1,0.0,0.0,0,0,45,28,45.714285714285715,1
d_1874,38,2016-03-16,Wednesday,3,2016,FOODS_3_090,FOODS,CA_1,,,,0,None,0,13.7,21.2,6.2,0.0,0.0,0,0,30,30,46.0,2
d_1875,42,2016-03-17,Thursday,3,2016,FOODS_3_090,FOODS,CA_1,,,,0,None,0,14.9,23.2,6.5,0.0,0.0,0,0,38,40,47.142857142857146,3
d_1876,43,2016-03-18,Friday,3,2016,FOODS_3_090,FOODS,CA_1,,,,0,None,0,15.6,23.3,7.7,0.0,0.0,0,0,42,63,47.42857142857143,4
d_1877,92,2016-03-19,Saturday,3,2016,FOODS_3_090,FOODS,CA_1,,,,0,None,0,15.8,22.6,8.5,0.0,0.0,0,0,43,58,44.57142857142857,5
d_1878,66,2016-03-20,Sunday,3,2016,FOODS_3_090,FOODS,CA_1,,,,0,None,0,16.1,22.1,9.4,0.2,0.2,1,0,92,56,49.42857142857143,6
d_1879,40,2016-03-21,Monday,3,2016,FOODS_3_090,FOODS,CA_1,,,,0,None,0,13.9,15.6,11.0,9.1,9.1,1,0,66,45,50.857142857142854,0
d_1880,36,2016-03-22,Tuesday,3,2016,FOODS_3_090,FOODS,CA_1,,,,0,None,0,11.3,15.3,7.3,0.9,0.9,1,0,40,30,50.142857142857146,1
d_1881,29,2016-03-23,Wednesday,3,2016,FOODS_3_090,FOODS,CA_1,,,,0,None,0,11.3,17.2,4.6,0.0,0.0,0,0,36,38,51.0,2
d_1882,48,2016-03-24,Thursday,3,2016,FOODS_3_090,FOODS,CA_1,Holi,Hindu,High,1,High,3,12.8,19.5,5.9,0.0,0.0,0,0,29,42,49.714285714285715,3
d_1883,60,2016-03-25,Friday,3,2016,FOODS_3_090,FOODS,CA_1,,,,0,None,0,13.9,20.0,7.1,0.0,0.0,0,0,48,43,50.57142857142857,4
d_1884,102,2016-03-26,Saturday,3,2016,FOODS_3_090,FOODS,CA_1,,,,0,None,0,14.7,20.5,7.9,0.0,0.0,0,0,60,92,53.0,5
d_1885,112,2016-03-27,Sunday,3,2016,FOODS_3_090,FOODS,CA_1,,,,0,None,0,15.7,22.1,9.1,0.0,0.0,0,0,102,66,54.42857142857143,6
d_1886,25,2016-03-28,Monday,3,2016,FOODS_3_090,FOODS,CA_1,,,,0,None,0,11.1,13.5,8.5,0.7,0.7,1,0,112,40,61.0,0
d_1887,47,2016-03-29,Tuesday,3,2016,FOODS_3_090,FOODS,CA_1,,,,0,None,0,9.7,13.8,4.9,0.0,0.0,0,0,25,36,58.857142857142854,1
d_1888,23,2016-03-30,Wednesday,3,2016,FOODS_3_090,FOODS,CA_1,,,,0,None,0,11.0,16.9,3.6,0.0,0.0,0,0,47,29,60.42857142857143,2
d_1889,21,2016-03-31,Thursday,3,2016,FOODS_3_090,FOODS,CA_1,,,,0,None,0,13.1,18.9,6.8,0.0,0.0,0,0,23,48,59.57142857142857,3
d_1890,72,2016-04-01,Friday,4,2016,FOODS_3_090,FOODS,CA_1,,,,0,None,0,15.3,22.0,7.5,0.0,0.0,0,0,21,60,55.714285714285715,4
d_1891,58,2016-04-02,Saturday,4,2016,FOODS_3_090,FOODS,CA_1,,,,0,None,0,17.4,25.5,9.2,0.0,0.0,0,0,72,102,57.42857142857143,5
d_1892,54,2016-04-03,Sunday,4,2016,FOODS_3_090,FOODS,CA_1,,,,0,None,0,17.8,25.5,9.4,0.0,0.0,0,0,58,112,51.142857142857146,6
d_1893,42,2016-04-04,Monday,4,2016,FOODS_3_090,FOODS,CA_1,,,,0,None,0,17.5,25.0,10.2,0.0,0.0,0,0,54,25,42.857142857142854,0
d_1894,29,2016-04-05,Tuesday,4,2016,FOODS_3_090,FOODS,CA_1,,,,0,None,0,17.7,26.3,9.5,0.0,0.0,0,0,42,47,45.285714285714285,1
d_1895,53,2016-04-06,Wednesday,4,2016,FOODS_3_090,FOODS,CA_1,,,,0,None,0,20.8,30.2,12.6,0.0,0.0,0,0,29,23,42.714285714285715,2
d_1896,39,2016-04-07,Thursday,4,2016,FOODS_3_090,FOODS,CA_1,,,,0,None,0,19.8,25.3,14.6,0.0,0.0,0,0,53,21,47.0,3
d_1897,42,2016-04-08,Friday,4,2016,FOODS_3_090,FOODS,CA_1,Gudi Padwa,Hindu,High,1,None,0,17.4,20.8,14.2,3.2,3.2,1,0,39,72,49.57142857142857,4
d_1898,83,2016-04-09,Saturday,4,2016,FOODS_3_090,FOODS,CA_1,,,,0,None,0,15.1,17.2,13.2,20.6,20.6,1,1,42,58,45.285714285714285,5
d_1899,83,2016-04-10,Sunday,4,2016,FOODS_3_090,FOODS,CA_1,,,,0,None,0,15.3,18.9,12.4,0.0,0.0,0,0,83,54,48.857142857142854,6
d_1900,48,2016-04-11,Monday,4,2016,FOODS_3_090,FOODS,CA_1,,,,0,None,0,16.0,20.0,12.9,0.0,0.0,0,0,83,42,53.0,0
d_1901,26,2016-04-12,Tuesday,4,2016,FOODS_3_090,FOODS,CA_1,,,,0,None,0,16.2,21.5,10.4,0.0,0.0,0,0,48,29,53.857142857142854,1
d_1902,41,2016-04-13,Wednesday,4,2016,FOODS_3_090,FOODS,CA_1,,,,0,None,0,15.6,20.7,10.2,0.0,0.0,0,0,26,53,53.42857142857143,2
d_1903,44,2016-04-14,Thursday,4,2016,FOODS_3_090,FOODS,CA_1,,,,0,None,0,14.6,19.6,9.0,0.0,0.0,0,0,41,39,51.714285714285715,3
d_1904,47,2016-04-15,Friday,4,2016,FOODS_3_090,FOODS,CA_1,,,,0,None,0,13.9,20.9,7.2,0.0,0.0,0,0,44,42,52.42857142857143,4
d_1905,82,2016-04-16,Saturday,4,2016,FOODS_3_090,FOODS,CA_1,,,,0,None,0,15.9,23.7,7.5,0.0,0.0,0,0,47,83,53.142857142857146,5
d_1906,83,2016-04-17,Sunday,4,2016,FOODS_3_090,FOODS,CA_1,,,,0,None,0,19.5,28.4,10.9,0.0,0.0,0,0,82,83,53.0,6
d_1907,30,2016-04-18,Monday,4,2016,FOODS_3_090,FOODS,CA_1,,,,0,None,0,20.9,29.7,12.0,0.0,0.0,0,0,83,48,53.0,0
d_1908,45,2016-04-19,Tuesday,4,2016,FOODS_3_090,FOODS,CA_1,,,,0,None,0,21.4,30.2,12.0,0.0,0.0,0,0,30,26,50.42857142857143,1
d_1909,29,2016-04-20,Wednesday,4,2016,FOODS_3_090,FOODS,CA_1,,,,0,None,0,20.8,28.6,11.8,0.0,0.0,0,0,45,41,53.142857142857146,2
d_1910,53,2016-04-21,Thursday,4,2016,FOODS_3_090,FOODS,CA_1,,,,0,None,0,20.1,28.2,11.2,0.0,0.0,0,0,29,44,51.42857142857143,3
d_1911,87,2016-04-22,Friday,4,2016,FOODS_3_090,FOODS,CA_1,,,,0,None,0,16.4,22.1,11.3,8.1,8.1,1,0,53,47,52.714285714285715,4
d_1912,95,2016-04-23,Saturday,4,2016,FOODS_3_090,FOODS,CA_1,,,,0,None,0,13.4,20.0,5.7,0.0,0.0,0,0,87,82,58.42857142857143,5
d_1913,42,2016-04-24,Sunday,4,2016,FOODS_3_090,FOODS,CA_1,,,,0,None,0,14.8,19.8,9.0,0.0,0.0,0,0,95,83,60.285714285714285,6
